{"display":{"thirdperson_righthand":{"translation":[0,-15.75,0]},"thirdperson_lefthand":{"translation":[0,-17.25,0]},"firstperson_righthand":{"translation":[0,-15,0]},"firstperson_lefthand":{"translation":[0,-13,0]},"gui":{"rotation":[0,-180,0],"translation":[0,-15.25,0]},"fixed":{"translation":[0,-15,0]}},"parent":"shield","texture_size":[32,32],"textures":{"1":"armor/pumpkin/shield"},"elements":[{"from":[7,20,6],"to":[9,26,12],"faces":{"north":{"uv":[7,6,8,9],"texture":"#1"},"east":{"uv":[7,0,10,3],"texture":"#1"},"south":{"uv":[8,6,9,9],"texture":"#1"},"west":{"uv":[7,3,10,6],"texture":"#1"},"up":{"uv":[10,9,9,6],"texture":"#1"},"down":{"uv":[8,9,7,12],"texture":"#1"}}},{"from":[7.1,22.1,5.575],"to":[8.9,23.9,6.375],"faces":{"north":{"uv":[10.5,4,11.5,5],"texture":"#1"},"east":{"uv":[10.5,6,11,7],"texture":"#1"},"south":{"uv":[10.5,5,11.5,6],"texture":"#1"},"west":{"uv":[10.5,10,11,11],"texture":"#1"},"up":{"uv":[12,1.5,11,1],"texture":"#1"},"down":{"uv":[12,1.5,11,2],"texture":"#1"}}},{"from":[7.5,22.5,5.225],"to":[8.5,23.5,6.225],"faces":{"north":{"uv":[12.5,2,13,2.5],"texture":"#1"},"east":{"uv":[12.5,2.5,13,3],"texture":"#1"},"south":{"uv":[12.5,3,13,3.5],"texture":"#1"},"west":{"uv":[12.5,3.5,13,4],"texture":"#1"},"up":{"uv":[13,4.5,12.5,4],"texture":"#1"},"down":{"uv":[13,4.5,12.5,5],"texture":"#1"}}},{"from":[3,29,5.475],"to":[5,30,6.475],"rotation":{"angle":0,"axis":"y","origin":[16,0,0]},"faces":{"north":{"uv":[11,2,12,2.5],"texture":"#1"},"east":{"uv":[12.5,5,13,5.5],"texture":"#1"},"south":{"uv":[11,2.5,12,3],"texture":"#1"},"west":{"uv":[12.5,6.5,13,7],"texture":"#1"},"up":{"uv":[12,3.5,11,3],"texture":"#1"},"down":{"uv":[12,3.5,11,4],"texture":"#1"}}},{"from":[2,28,5.475],"to":[3,29,6.475],"rotation":{"angle":0,"axis":"y","origin":[16,0,0]},"faces":{"north":{"uv":[7,12.5,7.5,13],"texture":"#1"},"east":{"uv":[7.5,12.5,8,13],"texture":"#1"},"south":{"uv":[11,12.5,11.5,13],"texture":"#1"},"west":{"uv":[12.5,11,13,11.5],"texture":"#1"},"up":{"uv":[12,13,11.5,12.5],"texture":"#1"},"down":{"uv":[13,11.5,12.5,12],"texture":"#1"}}},{"from":[1,26,5.475],"to":[2,28,6.475],"rotation":{"angle":0,"axis":"y","origin":[16,0,0]},"faces":{"north":{"uv":[11,6,11.5,7],"texture":"#1"},"east":{"uv":[11,9,11.5,10],"texture":"#1"},"south":{"uv":[11,10,11.5,11],"texture":"#1"},"west":{"uv":[10.5,11,11,12],"texture":"#1"},"up":{"uv":[13,12.5,12.5,12],"texture":"#1"},"down":{"uv":[13,12.5,12.5,13],"texture":"#1"}}},{"from":[5,30,5.475],"to":[11,31,6.475],"rotation":{"angle":0,"axis":"y","origin":[16,0,0]},"faces":{"north":{"uv":[8,9,11,9.5],"texture":"#1"},"east":{"uv":[13,0,13.5,0.5],"texture":"#1"},"south":{"uv":[8,9.5,11,10],"texture":"#1"},"west":{"uv":[13,0.5,13.5,1],"texture":"#1"},"up":{"uv":[13,0.5,10,0],"texture":"#1"},"down":{"uv":[13,0.5,10,1],"texture":"#1"}}},{"from":[11,29,5.475],"to":[13,30,6.475],"faces":{"north":{"uv":[11,11,12,11.5],"texture":"#1"},"east":{"uv":[13,1,13.5,1.5],"texture":"#1"},"south":{"uv":[11.5,4,12.5,4.5],"texture":"#1"},"west":{"uv":[13,1.5,13.5,2],"texture":"#1"},"up":{"uv":[12.5,5,11.5,4.5],"texture":"#1"},"down":{"uv":[12.5,5,11.5,5.5],"texture":"#1"}}},{"from":[13,28,5.475],"to":[14,29,6.475],"faces":{"north":{"uv":[13,2,13.5,2.5],"texture":"#1"},"east":{"uv":[13,2.5,13.5,3],"texture":"#1"},"south":{"uv":[13,3,13.5,3.5],"texture":"#1"},"west":{"uv":[13,3.5,13.5,4],"texture":"#1"},"up":{"uv":[13.5,4.5,13,4],"texture":"#1"},"down":{"uv":[13.5,4.5,13,5],"texture":"#1"}}},{"from":[14,26,5.475],"to":[15,28,6.475],"faces":{"north":{"uv":[11.5,5.5,12,6.5],"texture":"#1"},"east":{"uv":[11.5,9,12,10],"texture":"#1"},"south":{"uv":[11.5,10,12,11],"texture":"#1"},"west":{"uv":[11,11.5,11.5,12.5],"texture":"#1"},"up":{"uv":[13.5,5.5,13,5],"texture":"#1"},"down":{"uv":[13.5,5.5,13,6],"texture":"#1"}}},{"from":[0,20,5.475],"to":[1,26,6.475],"rotation":{"angle":0,"axis":"y","origin":[16,16,0]},"faces":{"north":{"uv":[10,1,10.5,4],"texture":"#1"},"east":{"uv":[10,4,10.5,7],"texture":"#1"},"south":{"uv":[8,10,8.5,13],"texture":"#1"},"west":{"uv":[8.5,10,9,13],"texture":"#1"},"up":{"uv":[13.5,6.5,13,6],"texture":"#1"},"down":{"uv":[13.5,6.5,13,7],"texture":"#1"}}},{"from":[1,18,5.475],"to":[2,20,6.475],"rotation":{"angle":0,"axis":"y","origin":[16,16,0]},"faces":{"north":{"uv":[11.5,11.5,12,12.5],"texture":"#1"},"east":{"uv":[12,1,12.5,2],"texture":"#1"},"south":{"uv":[12,2,12.5,3],"texture":"#1"},"west":{"uv":[12,3,12.5,4],"texture":"#1"},"up":{"uv":[7.5,13.5,7,13],"texture":"#1"},"down":{"uv":[13.5,7,13,7.5],"texture":"#1"}}},{"from":[2,17,5.475],"to":[3,18,6.475],"rotation":{"angle":0,"axis":"y","origin":[16,16,0]},"faces":{"north":{"uv":[7.5,13,8,13.5],"texture":"#1"},"east":{"uv":[13,7.5,13.5,8],"texture":"#1"},"south":{"uv":[8,13,8.5,13.5],"texture":"#1"},"west":{"uv":[13,8,13.5,8.5],"texture":"#1"},"up":{"uv":[9,13.5,8.5,13],"texture":"#1"},"down":{"uv":[13.5,8.5,13,9],"texture":"#1"}}},{"from":[3,16,5.475],"to":[5,17,6.475],"rotation":{"angle":0,"axis":"y","origin":[16,16,0]},"faces":{"north":{"uv":[11.5,6.5,12.5,7],"texture":"#1"},"east":{"uv":[9,13,9.5,13.5],"texture":"#1"},"south":{"uv":[12,5.5,13,6],"texture":"#1"},"west":{"uv":[13,9,13.5,9.5],"texture":"#1"},"up":{"uv":[13,6.5,12,6],"texture":"#1"},"down":{"uv":[8,12,7,12.5],"texture":"#1"}}},{"from":[5,15,5.475],"to":[11,16,6.475],"rotation":{"angle":0,"axis":"y","origin":[16,16,0]},"faces":{"north":{"uv":[10,7,13,7.5],"texture":"#1"},"east":{"uv":[9.5,13,10,13.5],"texture":"#1"},"south":{"uv":[10,7.5,13,8],"texture":"#1"},"west":{"uv":[13,9.5,13.5,10],"texture":"#1"},"up":{"uv":[13,8.5,10,8],"texture":"#1"},"down":{"uv":[13,8.5,10,9],"texture":"#1"}}},{"from":[11,16,5.475],"to":[13,17,6.475],"rotation":{"angle":0,"axis":"y","origin":[0,16,0]},"faces":{"north":{"uv":[12,9,13,9.5],"texture":"#1"},"east":{"uv":[10,13,10.5,13.5],"texture":"#1"},"south":{"uv":[12,9.5,13,10],"texture":"#1"},"west":{"uv":[13,10,13.5,10.5],"texture":"#1"},"up":{"uv":[13,10.5,12,10],"texture":"#1"},"down":{"uv":[13,10.5,12,11],"texture":"#1"}}},{"from":[13,17,5.475],"to":[14,18,6.475],"rotation":{"angle":0,"axis":"y","origin":[0,16,0]},"faces":{"north":{"uv":[10.5,13,11,13.5],"texture":"#1"},"east":{"uv":[13,10.5,13.5,11],"texture":"#1"},"south":{"uv":[11,13,11.5,13.5],"texture":"#1"},"west":{"uv":[13,11,13.5,11.5],"texture":"#1"},"up":{"uv":[12,13.5,11.5,13],"texture":"#1"},"down":{"uv":[13.5,11.5,13,12],"texture":"#1"}}},{"from":[14,18,5.475],"to":[15,20,6.475],"rotation":{"angle":0,"axis":"y","origin":[0,16,0]},"faces":{"north":{"uv":[10.5,12,11,13],"texture":"#1"},"east":{"uv":[12,11,12.5,12],"texture":"#1"},"south":{"uv":[12,12,12.5,13],"texture":"#1"},"west":{"uv":[12.5,1,13,2],"texture":"#1"},"up":{"uv":[12.5,13.5,12,13],"texture":"#1"},"down":{"uv":[13.5,12,13,12.5],"texture":"#1"}}},{"from":[15,20,5.475],"to":[16,26,6.475],"rotation":{"angle":0,"axis":"y","origin":[0,16,0]},"faces":{"north":{"uv":[9,10,9.5,13],"texture":"#1"},"east":{"uv":[9.5,10,10,13],"texture":"#1"},"south":{"uv":[10,10,10.5,13],"texture":"#1"},"west":{"uv":[10.5,1,11,4],"texture":"#1"},"up":{"uv":[13,13.5,12.5,13],"texture":"#1"},"down":{"uv":[13.5,12.5,13,13],"texture":"#1"}}},{"from":[1,16,5.975],"to":[15,30,5.975],"faces":{"north":{"uv":[0,0,7,7],"texture":"#1"},"east":{"uv":[0,0,0,7],"texture":"#1"},"south":{"uv":[0,7,7,14],"texture":"#1"},"west":{"uv":[0,0,0,7],"texture":"#1"},"up":{"uv":[7,0,0,0],"texture":"#1"},"down":{"uv":[7,0,0,0],"texture":"#1"}}},{"from":[5.925,21,5.75],"to":[9.925,25,5.75],"faces":{"north":{"uv":[0,14,2,16],"texture":"#1"},"east":{"uv":[0,0,0,2],"texture":"#1"},"south":{"uv":[0,14,2,16],"texture":"#1"},"west":{"uv":[0,0,0,2],"texture":"#1"},"up":{"uv":[0,0,2,0],"texture":"#1"},"down":{"uv":[3,16,5,16],"texture":"#1"}}},{"from":[4,27,5.2],"to":[12,31,5.2],"faces":{"north":{"uv":[11.5,14,15.5,16],"texture":"#1"},"east":{"uv":[0,0,0,2],"texture":"#1"},"south":{"uv":[11.5,14,15.5,16],"texture":"#1"},"west":{"uv":[0,0,0,2],"texture":"#1"},"up":{"uv":[0,0,4,0],"texture":"#1"},"down":{"uv":[0,0,4,0],"texture":"#1"}}},{"from":[4,28,6.8],"to":[12,32,6.8],"rotation":{"angle":0,"axis":"y","origin":[0,0,16]},"faces":{"north":{"uv":[11.5,14,7.5,16],"texture":"#1"},"east":{"uv":[0,0,0,2],"texture":"#1"},"south":{"uv":[11.5,14,7.5,16],"texture":"#1"},"west":{"uv":[0,0,0,2],"texture":"#1"},"up":{"uv":[0,0,4,0],"texture":"#1"},"down":{"uv":[0,0,4,0],"texture":"#1"}}},{"from":[4,31,4.8],"to":[12,31,6.8],"rotation":{"angle":0,"axis":"x","origin":[8,30,6.8]},"faces":{"north":{"uv":[0,0,4,0],"rotation":180,"texture":"#1"},"east":{"uv":[0,0,0,2],"rotation":90,"texture":"#1"},"south":{"uv":[0,0,4,0],"texture":"#1"},"west":{"uv":[0,0,0,2],"rotation":270,"texture":"#1"},"up":{"uv":[15.5,14,11.5,15],"texture":"#1"},"down":{"uv":[15.5,14,11.5,15],"rotation":180,"texture":"#1"}}}],"gui_light":"front"}