{"credit":"Designed with Blockbench by pnamota/Sprint","textures":{"0":"lightsabers/lightsabers","1":"lightsabers/lightsaber_red","particle":"lightsabers/lightsabers"},"elements":[{"name":"octagon","from":[7.79289,6.5,7.5],"to":[8.20711,7,8.5],"rotation":{"angle":45,"axis":"y","origin":[8,7,8]},"faces":{"north":{"uv":[1,8.5,3.5,13.5],"texture":"#0"},"south":{"uv":[1,8.5,3.5,13.5],"texture":"#0"},"up":{"uv":[0.5,14.5,1.5,15.5],"texture":"#0"},"down":{"uv":[0.5,14.5,1.5,15.5],"texture":"#0"}}},{"name":"octagon","from":[7.79289,6.5,7.5],"to":[8.20711,7,8.5],"rotation":{"angle":0,"axis":"y","origin":[8,7,8]},"faces":{"north":{"uv":[1,8.5,3.5,13.5],"texture":"#0"},"south":{"uv":[1,8.5,3.5,13.5],"texture":"#0"},"up":{"uv":[0.5,14.5,1.5,15.5],"texture":"#0"},"down":{"uv":[0.5,14.5,1.5,15.5],"texture":"#0"}}},{"name":"octagon","from":[7.5,6.5,7.79289],"to":[8.5,7,8.20711],"rotation":{"angle":45,"axis":"y","origin":[8,7,8]},"faces":{"east":{"uv":[1,8.5,3.5,13.5],"texture":"#0"},"west":{"uv":[1,8.5,3.5,13.5],"texture":"#0"},"up":{"uv":[0.5,14.5,1.5,15.5],"texture":"#0"},"down":{"uv":[0.5,14.5,1.5,15.5],"texture":"#0"}}},{"name":"octagon","from":[7.5,6.5,7.79289],"to":[8.5,7,8.20711],"rotation":{"angle":0,"axis":"y","origin":[8,7,8]},"faces":{"east":{"uv":[1,8.5,3.5,13.5],"texture":"#0"},"west":{"uv":[1,8.5,3.5,13.5],"texture":"#0"},"up":{"uv":[0.5,14.5,1.5,15.5],"texture":"#0"},"down":{"uv":[0.5,14.5,1.5,15.5],"texture":"#0"}}},{"name":"octagon","from":[7.79289,5,7.5],"to":[8.20711,6,8.5],"rotation":{"angle":45,"axis":"y","origin":[8,6,8]},"faces":{"north":{"uv":[5,8.5,7.5,16],"texture":"#0"},"south":{"uv":[5,8.5,7.5,16],"texture":"#0"},"up":{"uv":[0.5,14.5,1.5,15.5],"texture":"#0"},"down":{"uv":[0.5,14.5,1.5,15.5],"texture":"#0"}}},{"name":"octagon","from":[7.79289,5,7.5],"to":[8.20711,6,8.5],"rotation":{"angle":0,"axis":"y","origin":[8,6,8]},"faces":{"north":{"uv":[5,8.5,7.5,16],"texture":"#0"},"south":{"uv":[5,8.5,7.5,16],"texture":"#0"},"up":{"uv":[0.5,14.5,1.5,15.5],"texture":"#0"},"down":{"uv":[0.5,14.5,1.5,15.5],"texture":"#0"}}},{"name":"octagon","from":[7.5,5,7.79289],"to":[8.5,6,8.20711],"rotation":{"angle":45,"axis":"y","origin":[8,6,8]},"faces":{"east":{"uv":[5,8.5,7.5,16],"texture":"#0"},"west":{"uv":[5,8.5,7.5,16],"texture":"#0"},"up":{"uv":[0.5,14.5,1.5,15.5],"texture":"#0"},"down":{"uv":[0.5,14.5,1.5,15.5],"texture":"#0"}}},{"name":"octagon","from":[7.5,5,7.79289],"to":[8.5,6,8.20711],"rotation":{"angle":0,"axis":"y","origin":[8,6,8]},"faces":{"east":{"uv":[5,8.5,7.5,16],"texture":"#0"},"west":{"uv":[5,8.5,7.5,16],"texture":"#0"},"up":{"uv":[0.5,14.5,1.5,15.5],"texture":"#0"},"down":{"uv":[0.5,14.5,1.5,15.5],"texture":"#0"}}},{"name":"octagon","from":[7.83431,2.5,7.6],"to":[8.16569,6.5,8.4],"rotation":{"angle":45,"axis":"y","origin":[8,6,8]},"faces":{"north":{"uv":[13,0.5,15,15.5],"texture":"#0"},"south":{"uv":[13,0.5,15,15.5],"texture":"#0"}}},{"name":"octagon","from":[7.83431,2.5,7.6],"to":[8.16569,6.5,8.4],"rotation":{"angle":0,"axis":"y","origin":[8,6,8]},"faces":{"north":{"uv":[13,0.5,15,15.5],"texture":"#0"},"south":{"uv":[13,0.5,15,15.5],"texture":"#0"}}},{"name":"octagon","from":[7.6,2.5,7.83431],"to":[8.4,6.5,8.16569],"rotation":{"angle":45,"axis":"y","origin":[8,6,8]},"faces":{"east":{"uv":[13,0.5,15,15.5],"texture":"#0"},"west":{"uv":[13,0.5,15,15.5],"texture":"#0"}}},{"name":"octagon","from":[7.6,2.5,7.83431],"to":[8.4,6.5,8.16569],"rotation":{"angle":0,"axis":"y","origin":[8,6,8]},"faces":{"east":{"uv":[13,0.5,15,15.5],"texture":"#0"},"west":{"uv":[13,0.5,15,15.5],"texture":"#0"}}},{"name":"octagon","from":[7.79289,0,7.5],"to":[8.20711,2.5,8.5],"rotation":{"angle":45,"axis":"y","origin":[8,2.5,8]},"faces":{"north":{"uv":[8.5,0,11.5,11.5],"texture":"#0"},"south":{"uv":[8.5,0,11.5,11.5],"texture":"#0"},"up":{"uv":[4.5,1,5.5,2],"texture":"#0"},"down":{"uv":[4.5,1,5.5,2],"texture":"#0"}}},{"name":"octagon","from":[7.79289,0,7.5],"to":[8.20711,2.5,8.5],"rotation":{"angle":0,"axis":"y","origin":[8,2.5,8]},"faces":{"north":{"uv":[8.5,0,11.5,11.5],"texture":"#0"},"south":{"uv":[8.5,0,11.5,11.5],"texture":"#0"},"up":{"uv":[4.5,1,5.5,2],"texture":"#0"},"down":{"uv":[4.5,1,5.5,2],"texture":"#0"}}},{"name":"octagon","from":[7.5,0,7.79289],"to":[8.5,2.5,8.20711],"rotation":{"angle":45,"axis":"y","origin":[8,2.5,8]},"faces":{"east":{"uv":[8.5,0,11.5,11.5],"texture":"#0"},"west":{"uv":[8.5,0,11.5,11.5],"texture":"#0"},"up":{"uv":[4.5,1,5.5,2],"texture":"#0"},"down":{"uv":[4.5,1,5.5,2],"texture":"#0"}}},{"name":"octagon","from":[7.5,0,7.79289],"to":[8.5,2.5,8.20711],"rotation":{"angle":0,"axis":"y","origin":[8,2.5,8]},"faces":{"east":{"uv":[8.5,0,11.5,11.5],"texture":"#0"},"west":{"uv":[8.5,0,11.5,11.5],"texture":"#0"},"up":{"uv":[4.5,1,5.5,2],"texture":"#0"},"down":{"uv":[4.5,1,5.5,2],"texture":"#0"}}},{"name":"octagon","from":[7.75147,0.7,7.4],"to":[8.24853,1.7,8.6],"rotation":{"angle":45,"axis":"y","origin":[8,1.2,8]},"faces":{"north":{"uv":[8.5,12.5,11.5,15.5],"texture":"#0"},"south":{"uv":[8.5,12.5,11.5,15.5],"texture":"#0"},"up":{"uv":[4.5,4.5,7.5,7.5],"texture":"#0"},"down":{"uv":[4.5,4.5,7.5,7.5],"texture":"#0"}}},{"name":"octagon","from":[7.75147,0.7,7.4],"to":[8.24853,1.7,8.6],"rotation":{"angle":0,"axis":"y","origin":[8,1.2,8]},"faces":{"north":{"uv":[8.5,12.5,11.5,15.5],"texture":"#0"},"south":{"uv":[8.5,12.5,11.5,15.5],"texture":"#0"},"up":{"uv":[4.5,4.5,7.5,7.5],"texture":"#0"},"down":{"uv":[4.5,4.5,7.5,7.5],"texture":"#0"}}},{"name":"octagon","from":[7.4,0.7,7.75147],"to":[8.6,1.7,8.24853],"rotation":{"angle":45,"axis":"y","origin":[8,1.2,8]},"faces":{"east":{"uv":[8.5,12.5,11.5,15.5],"texture":"#0"},"west":{"uv":[8.5,12.5,11.5,15.5],"texture":"#0"},"up":{"uv":[4.5,4.5,7.5,7.5],"texture":"#0"},"down":{"uv":[4.5,4.5,7.5,7.5],"texture":"#0"}}},{"name":"octagon","from":[7.4,0.7,7.75147],"to":[8.6,1.7,8.24853],"rotation":{"angle":0,"axis":"y","origin":[8,1.2,8]},"faces":{"east":{"uv":[8.5,12.5,11.5,15.5],"texture":"#0"},"west":{"uv":[8.5,12.5,11.5,15.5],"texture":"#0"},"up":{"uv":[4.5,4.5,7.5,7.5],"texture":"#0"},"down":{"uv":[4.5,4.5,7.5,7.5],"texture":"#0"}}},{"name":"octagon","from":[7.89645,7,7.75],"to":[8.10355,21.8,8.25],"rotation":{"angle":45,"axis":"y","origin":[8,7.5,8]},"faces":{"north":{"uv":[11,8.5,13,14.5],"texture":"#1"},"east":{"uv":[11,8.5,13,14.5],"texture":"#1"},"south":{"uv":[11,8.5,13,14.5],"texture":"#1"},"west":{"uv":[1.5,13.5,2.5,14.5],"texture":"#1"},"up":{"uv":[11,8.5,13,10.5],"texture":"#1"},"down":{"uv":[11,8.5,13,14.5],"texture":"#1"}}},{"name":"octagon","from":[7.89645,7,7.75],"to":[8.10355,21.803,8.25],"rotation":{"angle":0,"axis":"y","origin":[8,7.5,8]},"faces":{"north":{"uv":[13,8.5,15,14.5],"texture":"#1"},"south":{"uv":[13,8.5,15,14.5],"texture":"#1"},"up":{"uv":[13,8.5,15,10.5],"texture":"#1"}}},{"name":"octagon","from":[7.75,7,7.89645],"to":[8.25,21.801,8.10355],"rotation":{"angle":45,"axis":"y","origin":[8,7.5,8]},"faces":{"north":{"uv":[1.5,13.5,2.5,14.5],"texture":"#1"},"east":{"uv":[11,8.5,13,14.5],"texture":"#1"},"south":{"uv":[1.5,13.5,2.5,14.5],"texture":"#1"},"west":{"uv":[11,8.5,13,14.5],"texture":"#1"},"up":{"uv":[11,8.5,13,10.5],"rotation":90,"texture":"#1"},"down":{"uv":[1.5,13.5,2.5,14.5],"texture":"#1"}}},{"name":"octagon","from":[7.75,7,7.89645],"to":[8.25,21.802,8.10355],"rotation":{"angle":0,"axis":"y","origin":[8,7.5,8]},"faces":{"east":{"uv":[13,8.5,15,14.5],"texture":"#1"},"west":{"uv":[13,8.5,15,14.5],"texture":"#1"},"up":{"uv":[13,8.5,15,10.5],"rotation":90,"texture":"#1"}}},{"name":"octagon","from":[7.998,9,7.25],"to":[8.002,20,8.75],"rotation":{"angle":0,"axis":"y","origin":[8,14.5,8]},"faces":{"east":{"uv":[0.5,2.5,6.5,16],"texture":"#1"},"west":{"uv":[0.5,2.5,6.5,16],"texture":"#1"}}},{"name":"octagon","from":[7.25,9,7.998],"to":[8.75,20,8.002],"rotation":{"angle":0,"axis":"y","origin":[8,14.5,8]},"faces":{"north":{"uv":[0.5,2.5,6.5,16],"texture":"#1"},"south":{"uv":[0.5,2.5,6.5,16],"texture":"#1"}}},{"name":"octagon","from":[7.25,20,7.998],"to":[8.75,22.2,8.002],"rotation":{"angle":0,"axis":"y","origin":[8,14.5,8]},"faces":{"north":{"uv":[0.5,0,6.5,10.5],"texture":"#1"},"south":{"uv":[0.5,0,6.5,10.5],"texture":"#1"}}},{"name":"octagon","from":[7.998,20,7.25],"to":[8.002,22.2,8.75],"rotation":{"angle":0,"axis":"y","origin":[8,14.5,8]},"faces":{"east":{"uv":[0.5,0,6.5,10.5],"texture":"#1"},"west":{"uv":[0.5,0,6.5,10.5],"texture":"#1"}}},{"name":"octagon","from":[7.25,6.8,7.998],"to":[8.75,9,8.002],"rotation":{"angle":0,"axis":"y","origin":[8,7.9,8]},"faces":{"north":{"uv":[0.5,10.5,6.5,0],"texture":"#1"},"south":{"uv":[0.5,10.5,6.5,0],"texture":"#1"}}},{"name":"octagon","from":[7.998,6.8,7.25],"to":[8.002,9,8.75],"rotation":{"angle":0,"axis":"y","origin":[8,7.9,8]},"faces":{"east":{"uv":[0.5,10.5,6.5,0],"texture":"#1"},"west":{"uv":[0.5,10.5,6.5,0],"texture":"#1"}}}],"display":{"thirdperson_righthand":{"translation":[0,4,1],"scale":[1.3,1.3,1.3]},"thirdperson_lefthand":{"translation":[0,4,1],"scale":[1.3,1.3,1.3]},"firstperson_righthand":{"translation":[0,4,1],"scale":[1.3,1.3,1.3]},"firstperson_lefthand":{"translation":[0,4,1],"scale":[1.3,1.3,1.3]},"ground":{"translation":[0,1.5,0],"scale":[0.5,0.5,0.5]},"gui":{"rotation":[0,0,45],"translation":[2,-2,0],"scale":[0.7,1,1]},"head":{"scale":[1.3,1.3,1.3]},"fixed":{"rotation":[0,0,45],"translation":[2.25,-2.5,0],"scale":[0.7,1,1]}},"groups":[{"name":"octagon","origin":[8,8,8],"color":0,"children":[0,1,2,3]},{"name":"octagon","origin":[8,8,8],"color":0,"children":[4,5,6,7]},{"name":"octagon","origin":[8,8,8],"color":0,"children":[8,9,10,11]},{"name":"octagon","origin":[8,8,8],"color":0,"children":[12,13,14,15]},{"name":"octagon","origin":[8,8,8],"color":0,"children":[16,17,18,19]},{"name":"octagon","origin":[8,8,8],"color":0,"children":[20,21,22,23]},24,25,26,27,28,29]}