{"textures":{"0":"pets/phoenix_pet"},"elements":[{"name":"cube","from":[6.8,8.862151,6.4069843],"to":[9.2,10.662151,8.2069845],"rotation":{"angle":-22.5,"axis":"x","origin":[8.3,9.762152,7.306985]},"faces":{"down":{"uv":[9.0,4.5,7.0,6.0],"rotation":0,"texture":"#0","tintindex":0},"east":{"uv":[9.0,9.0,10.5,10.5],"rotation":0,"texture":"#0","tintindex":0},"north":{"uv":[7.0,0.0,9.0,1.5],"rotation":0,"texture":"#0","tintindex":0},"south":{"uv":[7.0,1.5,9.0,3.0],"rotation":0,"texture":"#0","tintindex":0},"up":{"uv":[9.0,4.5,7.0,3.0],"rotation":0,"texture":"#0","tintindex":0},"west":{"uv":[0.0,9.5,1.5,11.0],"rotation":0,"texture":"#0","tintindex":0}}},{"name":"cube","from":[3.7167954,7.669309,7.647177],"to":[6.716796,9.469309,7.647177],"rotation":{"angle":22.5,"axis":"z","origin":[6.2,9.462151,6.4069843]},"faces":{"down":{"uv":[0.0,0.0,2.5,0.0],"rotation":0,"texture":"#0","tintindex":0},"east":{"uv":[0.0,0.0,0.0,1.5],"rotation":0,"texture":"#0","tintindex":0},"north":{"uv":[13.5,0.0,16.0,1.5],"rotation":0,"texture":"#0","tintindex":0},"south":{"uv":[16.0,0.0,13.5,1.5],"rotation":0,"texture":"#0","tintindex":0},"up":{"uv":[0.0,0.0,2.5,0.0],"rotation":0,"texture":"#0","tintindex":0},"west":{"uv":[0.0,0.0,0.0,1.5],"rotation":0,"texture":"#0","tintindex":0}}},{"name":"cube","from":[9.283205,7.669309,7.647177],"to":[12.283204,9.469309,7.647177],"rotation":{"angle":-22.5,"axis":"z","origin":[9.8,9.462151,6.4069843]},"faces":{"down":{"uv":[2.5,0.0,0.0,0.0],"rotation":0,"texture":"#0","tintindex":0},"east":{"uv":[0.0,0.0,0.0,1.5],"rotation":0,"texture":"#0","tintindex":0},"north":{"uv":[16.0,0.0,13.5,1.5],"rotation":0,"texture":"#0","tintindex":0},"south":{"uv":[13.5,0.0,16.0,1.5],"rotation":0,"texture":"#0","tintindex":0},"up":{"uv":[2.5,0.0,0.0,0.0],"rotation":0,"texture":"#0","tintindex":0},"west":{"uv":[0.0,0.0,0.0,1.5],"rotation":0,"texture":"#0","tintindex":0}}},{"name":"cube","from":[7.1,7.4750743,7.2828913],"to":[8.9,9.275074,8.482891],"rotation":{"angle":0.0,"axis":"x","origin":[8.6,8.375074,7.5828915]},"faces":{"down":{"uv":[12.0,4.5,10.5,5.5],"rotation":0,"texture":"#0","tintindex":0},"east":{"uv":[10.5,1.5,11.5,3.0],"rotation":0,"texture":"#0","tintindex":0},"north":{"uv":[1.5,9.5,3.0,11.0],"rotation":0,"texture":"#0","tintindex":0},"south":{"uv":[3.0,9.5,4.5,11.0],"rotation":0,"texture":"#0","tintindex":0},"up":{"uv":[6.0,11.5,4.5,10.5],"rotation":0,"texture":"#0","tintindex":0},"west":{"uv":[10.5,3.0,11.5,4.5],"rotation":0,"texture":"#0","tintindex":0}}},{"name":"cube","from":[7.4,10.662151,7.0069847],"to":[8.6,11.862151,8.2069845],"rotation":{"angle":-22.5,"axis":"x","origin":[8.3,9.762152,7.306985]},"faces":{"down":{"uv":[12.5,1.0,11.5,2.0],"rotation":0,"texture":"#0","tintindex":0},"east":{"uv":[11.0,5.5,12.0,6.5],"rotation":0,"texture":"#0","tintindex":0},"north":{"uv":[3.0,11.0,4.0,12.0],"rotation":0,"texture":"#0","tintindex":0},"south":{"uv":[11.0,6.5,12.0,7.5],"rotation":0,"texture":"#0","tintindex":0},"up":{"uv":[12.5,1.0,11.5,0.0],"rotation":0,"texture":"#0","tintindex":0},"west":{"uv":[10.5,11.0,11.5,12.0],"rotation":0,"texture":"#0","tintindex":0}}}],"display":{"head":{"translation":[0.0,-6.4,0.0],"rotation":[0.0,0.0,0.0],"scale":[3.8095,3.8095,3.8095]}}}