{"textures":{"0":"pets/phoenix_pet"},"elements":[{"name":"cube","from":[6.463604,7.444005,7.5181274],"to":[6.463604,9.244005,9.318127],"rotation":{"angle":-45.0,"axis":"y","origin":[6.463604,8.344005,8.418127]},"faces":{"down":{"uv":[0.0,0.0,0.0,1.5],"rotation":0,"texture":"#0","tintindex":0},"east":{"uv":[10.5,7.5,9.0,9.0],"rotation":0,"texture":"#0","tintindex":0},"north":{"uv":[0.0,0.0,0.0,1.5],"rotation":0,"texture":"#0","tintindex":0},"south":{"uv":[0.0,0.0,0.0,1.5],"rotation":0,"texture":"#0","tintindex":0},"up":{"uv":[0.0,1.5,0.0,0.0],"rotation":0,"texture":"#0","tintindex":0},"west":{"uv":[9.0,7.5,10.5,9.0],"rotation":0,"texture":"#0","tintindex":0}}},{"name":"cube","from":[7.1,9.879977,8.118551],"to":[8.9,9.879977,9.918552],"rotation":{"angle":-45.0,"axis":"x","origin":[8.0,9.879977,9.018552]},"faces":{"down":{"uv":[9.0,3.0,10.5,4.5],"rotation":0,"texture":"#0","tintindex":0},"east":{"uv":[0.0,0.0,1.5,0.0],"rotation":0,"texture":"#0","tintindex":0},"north":{"uv":[0.0,0.0,1.5,0.0],"rotation":0,"texture":"#0","tintindex":0},"south":{"uv":[0.0,0.0,1.5,0.0],"rotation":0,"texture":"#0","tintindex":0},"up":{"uv":[10.5,4.5,9.0,3.0],"rotation":0,"texture":"#0","tintindex":0},"west":{"uv":[0.0,0.0,1.5,0.0],"rotation":0,"texture":"#0","tintindex":0}}},{"name":"cube","from":[7.1,7.444005,6.5817313],"to":[8.9,9.244005,8.381731],"rotation":{"angle":0.0,"axis":"x","origin":[7.7,3.2440047,7.781731]},"faces":{"down":{"uv":[10.5,1.5,9.0,3.0],"rotation":0,"texture":"#0","tintindex":0},"east":{"uv":[6.0,8.0,7.5,9.5],"rotation":0,"texture":"#0","tintindex":0},"north":{"uv":[4.5,7.5,6.0,9.0],"rotation":0,"texture":"#0","tintindex":0},"south":{"uv":[7.5,8.0,9.0,9.5],"rotation":0,"texture":"#0","tintindex":0},"up":{"uv":[10.5,1.5,9.0,0.0],"rotation":0,"texture":"#0","tintindex":0},"west":{"uv":[8.5,6.0,10.0,7.5],"rotation":0,"texture":"#0","tintindex":0}}},{"name":"cube","from":[7.4,7.7440047,5.381731],"to":[8.6,8.944005,7.181731],"rotation":{"angle":0.0,"axis":"x","origin":[7.7,3.2440047,7.781731]},"faces":{"down":{"uv":[11.5,0.0,10.5,1.5],"rotation":0,"texture":"#0","tintindex":0},"east":{"uv":[6.0,9.5,7.5,10.5],"rotation":0,"texture":"#0","tintindex":0},"north":{"uv":[10.5,10.0,11.5,11.0],"rotation":0,"texture":"#0","tintindex":0},"south":{"uv":[0.0,11.0,1.0,12.0],"rotation":0,"texture":"#0","tintindex":0},"up":{"uv":[11.0,7.5,10.0,6.0],"rotation":0,"texture":"#0","tintindex":0},"west":{"uv":[7.5,9.5,9.0,10.5],"rotation":0,"texture":"#0","tintindex":0}}},{"name":"cube","from":[7.4,7.144005,5.9817314],"to":[8.6,7.7440047,7.181731],"rotation":{"angle":0.0,"axis":"x","origin":[7.7,3.2440047,7.781731]},"faces":{"down":{"uv":[3.0,11.0,2.0,12.0],"rotation":0,"texture":"#0","tintindex":0},"east":{"uv":[12.0,4.5,13.0,5.0],"rotation":0,"texture":"#0","tintindex":0},"north":{"uv":[6.0,7.5,7.0,8.0],"rotation":0,"texture":"#0","tintindex":0},"south":{"uv":[12.0,5.0,13.0,5.5],"rotation":0,"texture":"#0","tintindex":0},"up":{"uv":[2.0,12.0,1.0,11.0],"rotation":0,"texture":"#0","tintindex":0},"west":{"uv":[12.0,5.5,13.0,6.0],"rotation":0,"texture":"#0","tintindex":0}}},{"name":"cube","from":[9.536396,7.444005,7.5181274],"to":[9.536396,9.244005,9.318127],"rotation":{"angle":45.0,"axis":"y","origin":[9.536396,8.344005,8.418127]},"faces":{"down":{"uv":[0.0,0.0,0.0,1.5],"rotation":0,"texture":"#0","tintindex":0},"east":{"uv":[10.5,7.5,9.0,9.0],"rotation":0,"texture":"#0","tintindex":0},"north":{"uv":[0.0,0.0,0.0,1.5],"rotation":0,"texture":"#0","tintindex":0},"south":{"uv":[0.0,0.0,0.0,1.5],"rotation":0,"texture":"#0","tintindex":0},"up":{"uv":[0.0,1.5,0.0,0.0],"rotation":0,"texture":"#0","tintindex":0},"west":{"uv":[9.0,7.5,10.5,9.0],"rotation":0,"texture":"#0","tintindex":0}}}],"display":{"head":{"translation":[0.0,-6.4,0.0],"rotation":[0.0,0.0,0.0],"scale":[3.8095,3.8095,3.8095]}}}