{"textures":{"0":"pets/phoenix_pet"},"elements":[{"name":"cube","from":[6.6077557,6.894886,7.979956],"to":[8.407755,8.094886,8.579956],"rotation":{"angle":-22.5,"axis":"x","origin":[9.307755,7.1948857,7.3799562]},"faces":{"down":{"uv":[3.5,12.0,2.0,12.5],"rotation":0,"texture":"#0","tintindex":0},"east":{"uv":[3.5,12.0,4.0,13.0],"rotation":0,"texture":"#0","tintindex":0},"north":{"uv":[9.0,10.5,10.5,11.5],"rotation":0,"texture":"#0","tintindex":0},"south":{"uv":[10.5,9.0,12.0,10.0],"rotation":0,"texture":"#0","tintindex":0},"up":{"uv":[2.0,12.5,0.5,12.0],"rotation":0,"texture":"#0","tintindex":0},"west":{"uv":[6.0,12.0,6.5,13.0],"rotation":0,"texture":"#0","tintindex":0}}},{"name":"cube","from":[3.6077554,4.885597,8.1441965],"to":[7.8077555,8.485598,8.1441965],"rotation":{"angle":0.0,"axis":"x","origin":[8.107756,7.5855975,6.9441967]},"faces":{"down":{"uv":[3.5,0.0,0.0,0.0],"rotation":0,"texture":"#0","tintindex":0},"east":{"uv":[0.0,0.0,0.0,3.0],"rotation":0,"texture":"#0","tintindex":0},"north":{"uv":[0.0,4.5,3.5,7.5],"rotation":0,"texture":"#0","tintindex":0},"south":{"uv":[3.5,4.5,0.0,7.5],"rotation":0,"texture":"#0","tintindex":0},"up":{"uv":[3.5,0.0,0.0,0.0],"rotation":0,"texture":"#0","tintindex":0},"west":{"uv":[0.0,0.0,0.0,3.0],"rotation":0,"texture":"#0","tintindex":0}}},{"name":"cube","from":[-0.43216228,4.2855973,7.3406067],"to":[3.767838,9.685598,7.3406067],"rotation":{"angle":-22.5,"axis":"y","origin":[1.6678379,6.6855974,7.3406067]},"faces":{"down":{"uv":[3.5,0.0,0.0,0.0],"rotation":0,"texture":"#0","tintindex":0},"east":{"uv":[0.0,0.0,0.0,4.5],"rotation":0,"texture":"#0","tintindex":0},"north":{"uv":[0.0,0.0,3.5,4.5],"rotation":0,"texture":"#0","tintindex":0},"south":{"uv":[3.5,0.0,0.0,4.5],"rotation":0,"texture":"#0","tintindex":0},"up":{"uv":[3.5,0.0,0.0,0.0],"rotation":0,"texture":"#0","tintindex":0},"west":{"uv":[0.0,0.0,0.0,4.5],"rotation":0,"texture":"#0","tintindex":0}}}],"display":{"head":{"translation":[0.0,-6.4,0.0],"rotation":[0.0,0.0,0.0],"scale":[3.8095,3.8095,3.8095]}}}