{"textures":{"0":"pets/phoenix_pet"},"elements":[{"name":"cube","from":[7.1,6.668682,10.307013],"to":[8.9,6.668682,12.707012],"rotation":{"angle":-22.5,"axis":"x","origin":[8.6,7.5686817,7.0070124]},"faces":{"down":{"uv":[3.0,7.5,1.5,9.5],"rotation":0,"texture":"#0","tintindex":0},"east":{"uv":[0.0,0.0,2.0,0.0],"rotation":0,"texture":"#0","tintindex":0},"north":{"uv":[0.0,0.0,1.5,0.0],"rotation":0,"texture":"#0","tintindex":0},"south":{"uv":[0.0,0.0,1.5,0.0],"rotation":0,"texture":"#0","tintindex":0},"up":{"uv":[3.0,9.5,1.5,7.5],"rotation":0,"texture":"#0","tintindex":0},"west":{"uv":[0.0,0.0,2.0,0.0],"rotation":0,"texture":"#0","tintindex":0}}},{"name":"cube","from":[7.1,8.0,8.0],"to":[8.9,8.0,10.4],"rotation":{"angle":0.0,"axis":"x","origin":[8.6,8.9,7.1]},"faces":{"down":{"uv":[8.5,6.0,7.0,8.0],"rotation":0,"texture":"#0","tintindex":0},"east":{"uv":[0.0,0.0,2.0,0.0],"rotation":0,"texture":"#0","tintindex":0},"north":{"uv":[0.0,0.0,1.5,0.0],"rotation":0,"texture":"#0","tintindex":0},"south":{"uv":[0.0,0.0,1.5,0.0],"rotation":0,"texture":"#0","tintindex":0},"up":{"uv":[8.5,8.0,7.0,6.0],"rotation":0,"texture":"#0","tintindex":0},"west":{"uv":[0.0,0.0,2.0,0.0],"rotation":0,"texture":"#0","tintindex":0}}}],"display":{"head":{"translation":[0.0,-6.4,0.0],"rotation":[0.0,0.0,0.0],"scale":[3.8095,3.8095,3.8095]}}}