{"textures":{"0":"pets/nocsy_dragon_full"},"elements":[{"name":"cube","from":[6.989003,7.3779726,-8.800002],"to":[9.389003,24.177975,-6.4000015],"rotation":{"angle":0.0,"axis":"x","origin":[8.824232,-12.363139,6.43441]},"faces":{"down":{"uv":[9.65625,5.28125,9.53125,5.40625],"rotation":0,"texture":"#0","tintindex":0},"east":{"uv":[3.375,7.875,3.5,8.75],"rotation":0,"texture":"#0","tintindex":0},"north":{"uv":[3.25,7.875,3.375,8.75],"rotation":0,"texture":"#0","tintindex":0},"south":{"uv":[3.5,7.875,3.625,8.75],"rotation":0,"texture":"#0","tintindex":0},"up":{"uv":[9.65625,5.28125,9.53125,5.15625],"rotation":0,"texture":"#0","tintindex":0},"west":{"uv":[7.875,3.90625,8.0,4.78125],"rotation":0,"texture":"#0","tintindex":0}}},{"name":"cube","from":[8.309003,-1.0220304,-8.800002],"to":[8.309003,25.377972,32.0],"rotation":{"angle":0.0,"axis":"x","origin":[8.824232,-12.363139,6.43441]},"faces":{"down":{"uv":[0.0,0.0,0.0,2.125],"rotation":0,"texture":"#0","tintindex":0},"east":{"uv":[4.0,2.75,6.125,4.125],"rotation":0,"texture":"#0","tintindex":0},"north":{"uv":[0.0,0.0,0.0,1.375],"rotation":0,"texture":"#0","tintindex":0},"south":{"uv":[0.0,0.0,0.0,1.375],"rotation":0,"texture":"#0","tintindex":0},"up":{"uv":[0.0,2.125,0.0,0.0],"rotation":0,"texture":"#0","tintindex":0},"west":{"uv":[4.0,4.125,6.125,5.5],"rotation":0,"texture":"#0","tintindex":0}}}],"display":{"head":{"translation":[0.0,-6.4,59.35119],"rotation":[0.0,0.0,0.0],"scale":[3.8095,3.8095,3.8095]}}}