{"textures":{"0":"pets/nocsy_dragon_full"},"elements":[{"name":"cube","from":[5.791383,-3.565662,7.6280193],"to":[8.671383,-0.68566036,10.5080185],"rotation":{"angle":0.0,"axis":"x","origin":[7.3033834,-3.278923,12.211615]},"faces":{"down":{"uv":[9.78125,6.03125,9.65625,6.15625],"rotation":0,"texture":"#0","tintindex":0},"east":{"uv":[9.65625,5.65625,9.78125,5.78125],"rotation":0,"texture":"#0","tintindex":0},"north":{"uv":[9.65625,5.3125,9.78125,5.4375],"rotation":0,"texture":"#0","tintindex":0},"south":{"uv":[9.65625,5.78125,9.78125,5.90625],"rotation":0,"texture":"#0","tintindex":0},"up":{"uv":[6.0625,9.78125,5.9375,9.65625],"rotation":0,"texture":"#0","tintindex":0},"west":{"uv":[9.65625,5.90625,9.78125,6.03125],"rotation":0,"texture":"#0","tintindex":0}}},{"name":"cube","from":[6.151383,-4.538009,9.523288],"to":[8.311382,-2.0180097,12.043288],"rotation":{"angle":22.5,"axis":"x","origin":[7.3033834,-3.278923,12.211615]},"faces":{"down":{"uv":[9.78125,6.78125,9.65625,6.90625],"rotation":0,"texture":"#0","tintindex":0},"east":{"uv":[9.65625,6.15625,9.78125,6.28125],"rotation":0,"texture":"#0","tintindex":0},"north":{"uv":[6.0625,9.65625,6.1875,9.78125],"rotation":0,"texture":"#0","tintindex":0},"south":{"uv":[9.65625,6.28125,9.78125,6.40625],"rotation":0,"texture":"#0","tintindex":0},"up":{"uv":[9.78125,6.78125,9.65625,6.65625],"rotation":0,"texture":"#0","tintindex":0},"west":{"uv":[9.65625,6.40625,9.78125,6.53125],"rotation":0,"texture":"#0","tintindex":0}}},{"name":"cube","from":[6.511383,-4.1892447,11.710334],"to":[8.191383,-2.509244,13.390334],"rotation":{"angle":45.0,"axis":"x","origin":[7.3033834,-3.278923,12.211615]},"faces":{"down":{"uv":[9.71875,9.84375,9.625,9.9375],"rotation":0,"texture":"#0","tintindex":0},"east":{"uv":[8.84375,9.84375,8.9375,9.9375],"rotation":0,"texture":"#0","tintindex":0},"north":{"uv":[9.84375,8.6875,9.9375,8.78125],"rotation":0,"texture":"#0","tintindex":0},"south":{"uv":[9.34375,9.84375,9.4375,9.9375],"rotation":0,"texture":"#0","tintindex":0},"up":{"uv":[9.625,9.9375,9.53125,9.84375],"rotation":0,"texture":"#0","tintindex":0},"west":{"uv":[9.4375,9.84375,9.53125,9.9375],"rotation":0,"texture":"#0","tintindex":0}}},{"name":"cube","from":[6.751383,-4.64566,12.42802],"to":[7.951383,-3.445661,14.828019],"rotation":{"angle":0.0,"axis":"x","origin":[7.3033834,-3.278923,12.211615]},"faces":{"down":{"uv":[1.3125,9.75,1.21875,9.90625],"rotation":0,"texture":"#0","tintindex":0},"east":{"uv":[0.96875,9.75,1.125,9.84375],"rotation":0,"texture":"#0","tintindex":0},"north":{"uv":[9.71875,9.84375,9.8125,9.9375],"rotation":0,"texture":"#0","tintindex":0},"south":{"uv":[9.8125,9.84375,9.90625,9.9375],"rotation":0,"texture":"#0","tintindex":0},"up":{"uv":[1.21875,9.90625,1.125,9.75],"rotation":0,"texture":"#0","tintindex":0},"west":{"uv":[9.75,1.09375,9.90625,1.1875],"rotation":0,"texture":"#0","tintindex":0}}},{"name":"cube","from":[7.231383,-4.907771,13.164095],"to":[7.951383,-4.187772,15.084094],"rotation":{"angle":-22.5,"axis":"x","origin":[7.543383,-2.8589225,11.731615]},"faces":{"down":{"uv":[9.84375,2.5,9.75,2.65625],"rotation":0,"texture":"#0","tintindex":0},"east":{"uv":[9.75,1.1875,9.90625,1.28125],"rotation":0,"texture":"#0","tintindex":0},"north":{"uv":[0.1875,9.875,0.28125,9.96875],"rotation":0,"texture":"#0","tintindex":0},"south":{"uv":[9.875,0.1875,9.96875,0.28125],"rotation":0,"texture":"#0","tintindex":0},"up":{"uv":[1.40625,9.90625,1.3125,9.75],"rotation":0,"texture":"#0","tintindex":0},"west":{"uv":[9.75,2.40625,9.90625,2.5],"rotation":0,"texture":"#0","tintindex":0}}},{"name":"cube","from":[5.6,3.7005153,3.8671029],"to":[10.4,12.100516,12.267103],"rotation":{"angle":0.0,"axis":"x","origin":[16.400002,-9.9401,14.200988]},"faces":{"down":{"uv":[8.21875,3.21875,7.96875,3.65625],"rotation":0,"texture":"#0","tintindex":0},"east":{"uv":[7.09375,2.125,7.53125,2.5625],"rotation":0,"texture":"#0","tintindex":0},"north":{"uv":[7.90625,6.9375,8.15625,7.375],"rotation":0,"texture":"#0","tintindex":0},"south":{"uv":[7.9375,1.6875,8.1875,2.125],"rotation":0,"texture":"#0","tintindex":0},"up":{"uv":[8.21875,3.21875,7.96875,2.78125],"rotation":0,"texture":"#0","tintindex":0},"west":{"uv":[6.625,7.125,7.0625,7.5625],"rotation":0,"texture":"#0","tintindex":0}}},{"name":"cube","from":[6.8,-7.540303,-1.569222],"to":[10.4,-0.34030342,4.4307775],"rotation":{"angle":22.5,"axis":"x","origin":[8.6,-15.220099,18.40099]},"faces":{"down":{"uv":[3.25,8.9375,3.0625,9.25],"rotation":0,"texture":"#0","tintindex":0},"east":{"uv":[7.65625,3.53125,7.96875,3.90625],"rotation":0,"texture":"#0","tintindex":0},"north":{"uv":[3.875,8.375,4.0625,8.75],"rotation":0,"texture":"#0","tintindex":0},"south":{"uv":[8.53125,2.84375,8.71875,3.21875],"rotation":0,"texture":"#0","tintindex":0},"up":{"uv":[3.0625,9.25,2.875,8.9375],"rotation":0,"texture":"#0","tintindex":0},"west":{"uv":[7.65625,6.0625,7.96875,6.4375],"rotation":0,"texture":"#0","tintindex":0}}},{"name":"cube","from":[4.88,-4.9346123,0.46620584],"to":[9.68,-0.13461304,10.066207],"rotation":{"angle":0.0,"axis":"x","origin":[8.6,-15.575229,18.240091]},"faces":{"down":{"uv":[3.9375,7.5625,3.6875,8.0625],"rotation":0,"texture":"#0","tintindex":0},"east":{"uv":[7.375,5.1875,7.875,5.4375],"rotation":0,"texture":"#0","tintindex":0},"north":{"uv":[6.375,8.59375,6.625,8.84375],"rotation":0,"texture":"#0","tintindex":0},"south":{"uv":[2.96875,8.6875,3.21875,8.9375],"rotation":0,"texture":"#0","tintindex":0},"up":{"uv":[2.0,8.0625,1.75,7.5625],"rotation":0,"texture":"#0","tintindex":0},"west":{"uv":[7.59375,2.53125,8.09375,2.78125],"rotation":0,"texture":"#0","tintindex":0}}},{"name":"cube","from":[5.48,-4.334612,-3.7337947],"to":[9.08,-0.73461294,2.266206],"rotation":{"angle":0.0,"axis":"x","origin":[7.28,-17.855228,9.600092]},"faces":{"down":{"uv":[0.46875,8.4375,0.25,8.78125],"rotation":0,"texture":"#0","tintindex":0},"east":{"uv":[8.5,1.625,8.84375,1.84375],"rotation":0,"texture":"#0","tintindex":0},"north":{"uv":[8.21875,3.4375,8.4375,3.65625],"rotation":0,"texture":"#0","tintindex":0},"south":{"uv":[5.15625,8.9375,5.375,9.15625],"rotation":0,"texture":"#0","tintindex":0},"up":{"uv":[5.0625,8.75,4.84375,8.40625],"rotation":0,"texture":"#0","tintindex":0},"west":{"uv":[8.5,1.84375,8.84375,2.0625],"rotation":0,"texture":"#0","tintindex":0}}}],"display":{"head":{"translation":[0.0,-6.4,0.0],"rotation":[0.0,0.0,0.0],"scale":[3.8095,3.8095,3.8095]}}}