{"display":{"thirdperson_righthand":{"rotation":[0,-85,0],"translation":[0.5,-1.75,6.75],"scale":[1.5,1.5,1.5]},"thirdperson_lefthand":{"rotation":[0,-85,0],"translation":[0,-1.75,-0.25],"scale":[1.5,1.5,1.5]},"firstperson_righthand":{"rotation":[15,5,0],"translation":[4.25,-0.5,-0.5],"scale":[1.5,1.5,1.5]},"firstperson_lefthand":{"rotation":[15,5,0],"translation":[4.25,-0.5,-0.5],"scale":[1.5,1.5,1.5]},"ground":{"translation":[1.75,0,0.5],"scale":[0.75,0.75,0.75]},"gui":{"rotation":[25,168,0],"translation":[-2.75,1,0],"scale":[1.4,1.4,1.4]},"head":{"rotation":[0,180,0],"translation":[-4.25,-47,2],"scale":[2,2,2]},"fixed":{"translation":[4,0,0],"scale":[1.75,1.75,1.75]}},"texture_size":[32,32],"textures":{"0":"armor/blaze/blaze_shield","particle":"armor/blaze/blaze_shield"},"elements":[{"from":[2,6,6],"to":[6,13,6.75],"rotation":{"angle":22.5,"axis":"y","origin":[4.5,10.5,6.375]},"faces":{"north":{"uv":[0,0,2,3.5],"texture":"#0"},"east":{"uv":[4,4,4.375,7.5],"texture":"#0"},"south":{"uv":[2,0,0,3.5],"texture":"#0"},"west":{"uv":[4.5,4,4.875,7.5],"texture":"#0"},"up":{"uv":[2.5,7.375,0.5,7],"texture":"#0"},"down":{"uv":[9,2.5,7,2.875],"texture":"#0"}}},{"from":[2,6,5.75],"to":[2.5,13,6],"rotation":{"angle":22.5,"axis":"y","origin":[4.5,10.5,6.375]},"faces":{"north":{"uv":[5.5,3.5,5.75,7],"texture":"#0"},"east":{"uv":[6,7,6.125,10.5],"texture":"#0"},"south":{"uv":[6,0,6.25,3.5],"texture":"#0"},"west":{"uv":[4,7.5,4.125,11],"texture":"#0"},"up":{"uv":[10.25,1.625,10,1.5],"texture":"#0"},"down":{"uv":[10.25,2,10,2.125],"texture":"#0"}}},{"from":[3,4,5.75],"to":[3.5,6,6],"rotation":{"angle":22.5,"axis":"y","origin":[4.5,10.5,6.375]},"faces":{"north":{"uv":[2,8.5,2.25,9.5],"texture":"#0"},"east":{"uv":[9,7.5,9.125,8.5],"texture":"#0"},"south":{"uv":[8.5,4.5,8.75,5.5],"texture":"#0"},"west":{"uv":[8,9,8.125,10],"texture":"#0"},"up":{"uv":[3.25,10.125,3,10],"texture":"#0"},"down":{"uv":[3.75,10,3.5,10.125],"texture":"#0"}}},{"from":[4,3,5.75],"to":[4.5,4,6],"rotation":{"angle":22.5,"axis":"y","origin":[4.5,10.5,6.375]},"faces":{"north":{"uv":[8.5,9,8.75,9.5],"texture":"#0"},"east":{"uv":[8.5,9.5,8.625,10],"texture":"#0"},"south":{"uv":[9,8.5,9.25,9],"texture":"#0"},"west":{"uv":[9.5,8.5,9.625,9],"texture":"#0"},"up":{"uv":[10.25,4.625,10,4.5],"texture":"#0"},"down":{"uv":[10.25,5,10,5.125],"texture":"#0"}}},{"from":[3.34672,4,5.9794],"to":[4.34672,4.5,6.2294],"rotation":{"angle":22.5,"axis":"y","origin":[3.84672,4.25,6.1044]},"faces":{"north":{"uv":[9,9,9.5,9.25],"texture":"#0"},"east":{"uv":[5.5,10,5.625,10.25],"texture":"#0"},"south":{"uv":[0,9.5,0.5,9.75],"texture":"#0"},"west":{"uv":[6.5,10,6.625,10.25],"texture":"#0"},"up":{"uv":[9.5,9.625,9,9.5],"texture":"#0"},"down":{"uv":[10,9,9.5,9.125],"texture":"#0"}}},{"from":[2.42284,6,6.36209],"to":[3.42284,6.5,6.61209],"rotation":{"angle":22.5,"axis":"y","origin":[2.92284,6.25,6.48709]},"faces":{"north":{"uv":[0.5,9.5,1,9.75],"texture":"#0"},"east":{"uv":[7,10,7.125,10.25],"texture":"#0"},"south":{"uv":[9.5,0.5,10,0.75],"texture":"#0"},"west":{"uv":[10,7,10.125,7.25],"texture":"#0"},"up":{"uv":[10,9.625,9.5,9.5],"texture":"#0"},"down":{"uv":[0.5,10,0,10.125],"texture":"#0"}}},{"from":[2.42284,12.5,6.36209],"to":[6.02284,13,6.61209],"rotation":{"angle":22.5,"axis":"y","origin":[2.92284,12.75,6.48709]},"faces":{"north":{"uv":[7,7.5,8.75,7.75],"texture":"#0"},"east":{"uv":[7.5,10,7.625,10.25],"texture":"#0"},"south":{"uv":[0.5,8,2.25,8.25],"texture":"#0"},"west":{"uv":[10,7.5,10.125,7.75],"texture":"#0"},"up":{"uv":[10.75,3.125,9,3],"texture":"#0"},"down":{"uv":[10.75,3.5,9,3.625],"texture":"#0"}}},{"from":[4.42284,3,6.36209],"to":[6.02284,3.5,6.61209],"rotation":{"angle":22.5,"axis":"y","origin":[2.92284,12.75,6.48709]},"faces":{"north":{"uv":[1,9,1.75,9.25],"texture":"#0"},"east":{"uv":[8,10,8.125,10.25],"texture":"#0"},"south":{"uv":[2.5,9,3.25,9.25],"texture":"#0"},"west":{"uv":[10,8,10.125,8.25],"texture":"#0"},"up":{"uv":[10.25,4.125,9.5,4],"texture":"#0"},"down":{"uv":[10.25,6,9.5,6.125],"texture":"#0"}}},{"from":[5.23828,3,7.45273],"to":[6.84828,3.5,7.70273],"rotation":{"angle":-22.5,"axis":"y","origin":[11.18828,12.75,7.57773]},"faces":{"north":{"uv":[9,4.5,9.75,4.75],"texture":"#0"},"east":{"uv":[8.5,10,8.625,10.25],"texture":"#0"},"south":{"uv":[9,5,9.75,5.25],"texture":"#0"},"west":{"uv":[10,8.5,10.125,8.75],"texture":"#0"},"up":{"uv":[7.25,9.625,6.5,9.5],"texture":"#0"},"down":{"uv":[10.25,6.5,9.5,6.625],"texture":"#0"}}},{"from":[6.76768,3,6.84065],"to":[7.26768,4,7.09065],"rotation":{"angle":-22.5,"axis":"y","origin":[9.61768,10.5,7.46565]},"faces":{"north":{"uv":[1,9.5,1.25,10],"texture":"#0"},"east":{"uv":[10,0,10.125,0.5],"texture":"#0"},"south":{"uv":[9.5,1,9.75,1.5],"texture":"#0"},"west":{"uv":[0.5,10,0.625,10.5],"texture":"#0"},"up":{"uv":[9.25,10.125,9,10],"texture":"#0"},"down":{"uv":[10.25,9,10,9.125],"texture":"#0"}}},{"from":[6.92096,4,7.07005],"to":[7.92096,4.5,7.32005],"rotation":{"angle":-22.5,"axis":"y","origin":[10.27096,4.25,7.19505]},"faces":{"north":{"uv":[1.5,9.5,2,9.75],"texture":"#0"},"east":{"uv":[9.5,10,9.625,10.25],"texture":"#0"},"south":{"uv":[9.5,1.5,10,1.75],"texture":"#0"},"west":{"uv":[10,9.5,10.125,9.75],"texture":"#0"},"up":{"uv":[10.5,0.625,10,0.5],"texture":"#0"},"down":{"uv":[1.5,10,1,10.125],"texture":"#0"}}},{"from":[7.76768,4,6.84065],"to":[8.26768,6,7.09065],"rotation":{"angle":-22.5,"axis":"y","origin":[9.61768,10.5,7.46565]},"faces":{"north":{"uv":[6.5,8.5,6.75,9.5],"texture":"#0"},"east":{"uv":[2,9.5,2.125,10.5],"texture":"#0"},"south":{"uv":[8.5,8,8.75,9],"texture":"#0"},"west":{"uv":[2.5,9.5,2.625,10.5],"texture":"#0"},"up":{"uv":[10.25,10.125,10,10],"texture":"#0"},"down":{"uv":[0.25,10.5,0,10.625],"texture":"#0"}}},{"from":[8.76768,6,6.84065],"to":[9.26768,13,7.09065],"rotation":{"angle":-22.5,"axis":"y","origin":[9.61768,10.5,7.46565]},"faces":{"north":{"uv":[6,3.5,6.25,7],"texture":"#0"},"east":{"uv":[4.5,7.5,4.625,11],"texture":"#0"},"south":{"uv":[6.5,0,6.75,3.5],"texture":"#0"},"west":{"uv":[5,7.5,5.125,11],"texture":"#0"},"up":{"uv":[10.75,0.125,10.5,0],"texture":"#0"},"down":{"uv":[0.75,10.5,0.5,10.625],"texture":"#0"}}},{"from":[7.84484,6,7.45273],"to":[8.84484,6.5,7.70273],"rotation":{"angle":-22.5,"axis":"y","origin":[11.19484,6.25,7.57773]},"faces":{"north":{"uv":[9.5,2,10,2.25],"texture":"#0"},"east":{"uv":[10.5,0.5,10.625,0.75],"texture":"#0"},"south":{"uv":[3,9.5,3.5,9.75],"texture":"#0"},"west":{"uv":[1,10.5,1.125,10.75],"texture":"#0"},"up":{"uv":[10.5,1.125,10,1],"texture":"#0"},"down":{"uv":[2,10,1.5,10.125],"texture":"#0"}}},{"from":[5.23637,12.5,7.4623],"to":[8.86137,13,7.7123],"rotation":{"angle":-22.5,"axis":"y","origin":[11.21137,12.75,7.5873]},"faces":{"north":{"uv":[7.5,1.5,9.375,1.75],"texture":"#0"},"east":{"uv":[10.5,1,10.625,1.25],"texture":"#0"},"south":{"uv":[7.5,2,9.375,2.25],"texture":"#0"},"west":{"uv":[1.5,10.5,1.625,10.75],"texture":"#0"},"up":{"uv":[10.375,5.625,8.5,5.5],"texture":"#0"},"down":{"uv":[10.875,2.5,9,2.625],"texture":"#0"}}},{"from":[5.44657,6,6.19134],"to":[9.44657,13,6.94134],"rotation":{"angle":-22.5,"axis":"y","origin":[7.44657,10.5,6.56634]},"faces":{"north":{"uv":[0,3.5,2,7],"texture":"#0"},"east":{"uv":[5,4,5.375,7.5],"texture":"#0"},"south":{"uv":[2,3.5,0,7],"texture":"#0"},"west":{"uv":[5.5,0,5.875,3.5],"texture":"#0"},"up":{"uv":[9,3.375,7,3],"texture":"#0"},"down":{"uv":[9,3.5,7,3.875],"texture":"#0"}}},{"from":[5.34657,5.92625,9.29412],"to":[6.09657,9.92625,9.79412],"rotation":{"angle":0,"axis":"y","origin":[7.34657,9.42625,6.16912]},"faces":{"north":{"uv":[2.5,7,2.875,9],"texture":"#0"},"east":{"uv":[3.5,7,3.75,9],"texture":"#0"},"south":{"uv":[3,7,3.375,9],"texture":"#0"},"west":{"uv":[5.5,7,5.75,9],"texture":"#0"},"up":{"uv":[3.875,9.75,3.5,9.5],"texture":"#0"},"down":{"uv":[5.875,9.5,5.5,9.75],"texture":"#0"}}},{"from":[5.34657,10.5455,5.66729],"to":[6.09657,11.0455,9.91729],"rotation":{"angle":22.5,"axis":"x","origin":[5.72157,10.7955,7.04229]},"faces":{"north":{"uv":[9.5,7,9.875,7.25],"texture":"#0"},"east":{"uv":[7,6,9.125,6.25],"texture":"#0"},"south":{"uv":[7.5,9.5,7.875,9.75],"texture":"#0"},"west":{"uv":[7,6.5,9.125,6.75],"texture":"#0"},"up":{"uv":[6.875,5.625,6.5,3.5],"texture":"#0"},"down":{"uv":[6.875,6,6.5,8.125],"texture":"#0"}}},{"from":[5.34657,5.09402,5.6102],"to":[6.09657,5.59402,9.8602],"rotation":{"angle":-22.5,"axis":"x","origin":[5.72157,5.34402,7.7352]},"faces":{"north":{"uv":[9.5,7.5,9.875,7.75],"texture":"#0"},"east":{"uv":[7,7,9.125,7.25],"texture":"#0"},"south":{"uv":[9.5,8,9.875,8.25],"texture":"#0"},"west":{"uv":[7.5,0,9.625,0.25],"texture":"#0"},"up":{"uv":[0.375,9.125,0,7],"texture":"#0"},"down":{"uv":[7.375,0,7,2.125],"texture":"#0"}}},{"from":[3,4,6],"to":[6,6,6.75],"rotation":{"angle":22.5,"axis":"y","origin":[4.5,8.5,6.375]},"faces":{"north":{"uv":[4,0,5.5,1],"texture":"#0"},"east":{"uv":[7,8,7.375,9],"texture":"#0"},"south":{"uv":[5.5,0,4,1],"texture":"#0"},"west":{"uv":[7.5,8,7.875,9],"texture":"#0"},"up":{"uv":[8.5,4.375,7,4],"texture":"#0"},"down":{"uv":[8.5,4.5,7,4.875],"texture":"#0"}}},{"from":[5.44657,4,6.19134],"to":[8.44657,6,6.94134],"rotation":{"angle":-22.5,"axis":"y","origin":[7.44657,8.5,6.56634]},"faces":{"north":{"uv":[4,2,5.5,3],"texture":"#0"},"east":{"uv":[8,8,8.375,9],"texture":"#0"},"south":{"uv":[5.375,2,3.875,3],"texture":"#0"},"west":{"uv":[0.5,8.5,0.875,9.5],"texture":"#0"},"up":{"uv":[8.5,5.375,7,5],"texture":"#0"},"down":{"uv":[8.5,5.5,7,5.875],"texture":"#0"}}},{"from":[5.44657,3,6.19134],"to":[7.44657,4,6.94134],"rotation":{"angle":-22.5,"axis":"y","origin":[7.44657,7.5,6.56634]},"faces":{"north":{"uv":[0.5,7.5,1.5,8],"texture":"#0"},"east":{"uv":[3.5,9,3.875,9.5],"texture":"#0"},"south":{"uv":[7.5,0.5,8.5,1],"texture":"#0"},"west":{"uv":[5.5,9,5.875,9.5],"texture":"#0"},"up":{"uv":[9.5,0.875,8.5,0.5],"texture":"#0"},"down":{"uv":[2,8.5,1,8.875],"texture":"#0"}}},{"from":[4,3,6],"to":[6,4,6.75],"rotation":{"angle":22.5,"axis":"y","origin":[4.5,7.5,6.375]},"faces":{"north":{"uv":[7.5,1,8.5,1.5],"texture":"#0"},"east":{"uv":[7,9,7.375,9.5],"texture":"#0"},"south":{"uv":[1.5,7.5,2.5,8],"texture":"#0"},"west":{"uv":[7.5,9,7.875,9.5],"texture":"#0"},"up":{"uv":[9.5,1.375,8.5,1],"texture":"#0"},"down":{"uv":[9.5,4,8.5,4.375],"texture":"#0"}}}]}