{"credit":"Made with Blockbench","texture_size":[64,64],"textures":{"1":"mineglobe/skyblock/minion/collector","particle":"mineglobe/skyblock/minion/collector"},"elements":[{"from":[4,11,4],"to":[12,19,12],"faces":{"north":{"uv":[2.758,4.508,4.742,6.492],"texture":"#1"},"east":{"uv":[4.758,4.508,6.742,6.492],"texture":"#1"},"south":{"uv":[5.008,0.008,6.992,1.992],"texture":"#1"},"west":{"uv":[5.008,2.008,6.992,3.992],"texture":"#1"},"up":{"uv":[1.992,7.492,0.008,5.508],"texture":"#1"},"down":{"uv":[3.992,6.508,2.008,8.492],"texture":"#1"}}},{"from":[3.8,10.8,3.8],"to":[12.2,19.2,12.2],"faces":{"north":{"uv":[4.008,6.508,5.992,8.492],"texture":"#1"},"east":{"uv":[6.008,6.508,7.992,8.492],"texture":"#1"},"south":{"uv":[6.758,4.008,8.742,5.992],"texture":"#1"},"west":{"uv":[7.008,0.008,8.992,1.992],"texture":"#1"},"up":{"uv":[8.992,3.992,7.008,2.008],"texture":"#1"},"down":{"uv":[1.992,7.508,0.008,9.492],"texture":"#1"}}},{"from":[5,4,6],"to":[11,11,10],"faces":{"north":{"uv":[8.008,6.008,9.492,7.742],"texture":"#1"},"east":{"uv":[6.508,8.508,7.492,10.242],"texture":"#1"},"south":{"uv":[8.008,7.758,9.492,9.492],"texture":"#1"},"west":{"uv":[9.008,0.008,9.992,1.742],"texture":"#1"},"up":{"uv":[4.492,10.492,3.008,9.508],"texture":"#1"},"down":{"uv":[5.992,9.508,4.508,10.492],"texture":"#1"}}},{"from":[3,4,6],"to":[5,11,10],"rotation":{"angle":-22.5,"axis":"x","origin":[5,11,8]},"faces":{"north":{"uv":[7.508,8.508,7.992,10.242],"texture":"#1"},"east":{"uv":[9.008,1.758,9.992,3.492],"texture":"#1"},"south":{"uv":[6.008,9.508,6.492,11.242],"texture":"#1"},"west":{"uv":[0.008,9.508,0.992,11.242],"texture":"#1"},"up":{"uv":[6.992,11.242,6.508,10.258],"texture":"#1"},"down":{"uv":[7.492,10.258,7.008,11.242],"texture":"#1"}}},{"from":[11,4,6],"to":[13,11,10],"rotation":{"angle":22.5,"axis":"x","origin":[11,11,8]},"faces":{"north":{"uv":[9.508,6.008,9.992,7.742],"texture":"#1"},"east":{"uv":[1.008,9.508,1.992,11.242],"texture":"#1"},"south":{"uv":[9.508,7.758,9.992,9.492],"texture":"#1"},"west":{"uv":[2.008,9.508,2.992,11.242],"texture":"#1"},"up":{"uv":[7.992,11.242,7.508,10.258],"texture":"#1"},"down":{"uv":[10.742,9.008,10.258,9.992],"texture":"#1"}}},{"from":[8,0,6.5],"to":[11,4,9.5],"rotation":{"angle":-22.5,"axis":"x","origin":[9.5,4,8]},"faces":{"north":{"uv":[2.008,5.508,2.742,6.492],"texture":"#1"},"east":{"uv":[8.008,9.508,8.742,10.492],"texture":"#1"},"south":{"uv":[8.758,9.508,9.492,10.492],"texture":"#1"},"west":{"uv":[9.508,9.508,10.242,10.492],"texture":"#1"},"up":{"uv":[10.742,6.742,10.008,6.008],"texture":"#1"},"down":{"uv":[10.742,6.758,10.008,7.492],"texture":"#1"}}},{"from":[5,0,6.5],"to":[8,4,9.5],"rotation":{"angle":22.5,"axis":"x","origin":[6.5,4,8]},"faces":{"north":{"uv":[10.008,0.008,10.742,0.992],"texture":"#1"},"east":{"uv":[10.008,1.008,10.742,1.992],"texture":"#1"},"south":{"uv":[10.008,2.008,10.742,2.992],"texture":"#1"},"west":{"uv":[10.008,3.008,10.742,3.992],"texture":"#1"},"up":{"uv":[10.742,8.242,10.008,7.508],"texture":"#1"},"down":{"uv":[10.742,8.258,10.008,8.992],"texture":"#1"}}},{"from":[3.5,16,3.5],"to":[12.5,20,12.5],"rotation":{"angle":0,"axis":"y","origin":[8,17.8,6.875]},"faces":{"north":{"uv":[2.008,8.508,4.242,9.492],"texture":"#1"},"east":{"uv":[4.258,8.508,6.492,9.492],"texture":"#1"},"south":{"uv":[8.758,4.008,10.992,4.992],"texture":"#1"},"west":{"uv":[8.758,5.008,10.992,5.992],"texture":"#1"},"up":{"uv":[4.992,2.242,2.758,0.008],"texture":"#1"},"down":{"uv":[4.992,2.258,2.758,4.492],"texture":"#1"}}},{"from":[2.49,15.99,2.49],"to":[13.51,16.01,13.51],"rotation":{"angle":0,"axis":"y","origin":[8,17.8,6.875]},"faces":{"north":{"uv":[0.008,0.008,2.742,0.008],"texture":"#1"},"east":{"uv":[0.008,0.008,2.742,0.008],"texture":"#1"},"south":{"uv":[0.008,0.008,2.742,0.008],"texture":"#1"},"west":{"uv":[0.008,0.008,2.742,0.008],"texture":"#1"},"up":{"uv":[2.742,2.742,0.008,0.008],"texture":"#1"},"down":{"uv":[2.742,2.758,0.008,5.492],"texture":"#1"}}}],"gui_light":"front","display":{"thirdperson_righthand":{"rotation":[52,0,0],"scale":[0.5,0.5,0.5]},"thirdperson_lefthand":{"rotation":[56,0,0],"translation":[0,0.5,0],"scale":[0.5,0.5,0.5]},"firstperson_righthand":{"scale":[0.7,0.7,0.7]},"firstperson_lefthand":{"scale":[0.7,0.7,0.7]},"ground":{"translation":[0,4,0]},"gui":{"rotation":[-180,-1.5,-180],"translation":[0,-1.5,0],"scale":[0.75,0.75,0.75]},"head":{"translation":[0,-17.25,0],"scale":[2,2,2]},"fixed":{"translation":[0,-1.25,-2.5],"scale":[0.85,0.85,0.85]}},"groups":[{"name":"miner","origin":[0,0,0],"color":0,"children":[0,1,2,3,4,5,6]},7,8]}