{"credit":"Made with Blockbench","texture_size":[64,64],"textures":{"2":"mineglobe/skyblock/minion/farmer","particle":"mineglobe/skyblock/minion/farmer"},"elements":[{"from":[4,11,4],"to":[12,19,12],"rotation":{"angle":-22.5,"axis":"x","origin":[8,4,8]},"faces":{"north":{"uv":[3.258,4.508,5.242,6.492],"texture":"#2"},"east":{"uv":[5.258,4.508,7.242,6.492],"texture":"#2"},"south":{"uv":[5.508,0.008,7.492,1.992],"texture":"#2"},"west":{"uv":[5.508,2.008,7.492,3.992],"texture":"#2"},"up":{"uv":[1.992,8.492,0.008,6.508],"texture":"#2"},"down":{"uv":[3.992,6.508,2.008,8.492],"texture":"#2"}}},{"from":[3.8,10.8,3.8],"to":[12.2,19.2,12.2],"rotation":{"angle":-22.5,"axis":"x","origin":[8,4,8]},"faces":{"north":{"uv":[4.008,6.508,5.992,8.492],"texture":"#2"},"east":{"uv":[6.008,6.508,7.992,8.492],"texture":"#2"},"south":{"uv":[7.258,4.008,9.242,5.992],"texture":"#2"},"west":{"uv":[7.508,0.008,9.492,1.992],"texture":"#2"},"up":{"uv":[9.492,3.992,7.508,2.008],"texture":"#2"},"down":{"uv":[9.992,6.008,8.008,7.992],"texture":"#2"}}},{"from":[5,4,6],"to":[11,11,10],"rotation":{"angle":-22.5,"axis":"x","origin":[8,4,8]},"faces":{"north":{"uv":[8.008,8.008,9.492,9.742],"texture":"#2"},"east":{"uv":[6.008,8.508,6.992,10.242],"texture":"#2"},"south":{"uv":[0.008,8.508,1.492,10.242],"texture":"#2"},"west":{"uv":[7.008,8.508,7.992,10.242],"texture":"#2"},"up":{"uv":[4.992,10.492,3.508,9.508],"texture":"#2"},"down":{"uv":[10.992,8.008,9.508,8.992],"texture":"#2"}}},{"from":[3,3.73358,5.66061],"to":[5,10.73358,9.66061],"rotation":{"angle":-45,"axis":"x","origin":[4,7.23358,6.66061]},"faces":{"north":{"uv":[8.008,9.758,8.492,11.492],"texture":"#2"},"east":{"uv":[9.508,0.008,10.492,1.742],"texture":"#2"},"south":{"uv":[8.508,9.758,8.992,11.492],"texture":"#2"},"west":{"uv":[1.508,9.508,2.492,11.242],"texture":"#2"},"up":{"uv":[4.992,11.492,4.508,10.508],"texture":"#2"},"down":{"uv":[11.242,0.008,10.758,0.992],"texture":"#2"}}},{"from":[11,3.46716,3.32122],"to":[13,10.46716,7.32122],"rotation":{"angle":22.5,"axis":"x","origin":[11,10.46716,5.32122]},"faces":{"north":{"uv":[9.008,9.758,9.492,11.492],"texture":"#2"},"east":{"uv":[9.508,1.758,10.492,3.492],"texture":"#2"},"south":{"uv":[10.008,6.008,10.492,7.742],"texture":"#2"},"west":{"uv":[2.508,9.508,3.492,11.242],"texture":"#2"},"up":{"uv":[11.242,1.992,10.758,1.008],"texture":"#2"},"down":{"uv":[5.492,10.758,5.008,11.742],"texture":"#2"}}},{"from":[8.01,0.01,6.51],"to":[10.99,3.99,9.49],"rotation":{"angle":-22.5,"axis":"x","origin":[9.5,4,8]},"faces":{"north":{"uv":[0.008,10.258,0.742,11.242],"texture":"#2"},"east":{"uv":[0.758,10.258,1.492,11.242],"texture":"#2"},"south":{"uv":[5.758,10.258,6.492,11.242],"texture":"#2"},"west":{"uv":[6.508,10.258,7.242,11.242],"texture":"#2"},"up":{"uv":[11.242,3.242,10.508,2.508],"texture":"#2"},"down":{"uv":[4.492,10.508,3.758,11.242],"texture":"#2"}}},{"from":[5.01,0.01,6.51],"to":[7.99,3.99,9.49],"rotation":{"angle":22.5,"axis":"x","origin":[6.5,4,8]},"faces":{"north":{"uv":[7.258,10.258,7.992,11.242],"texture":"#2"},"east":{"uv":[10.258,9.008,10.992,9.992],"texture":"#2"},"south":{"uv":[9.508,10.258,10.242,11.242],"texture":"#2"},"west":{"uv":[10.258,10.008,10.992,10.992],"texture":"#2"},"up":{"uv":[11.242,6.742,10.508,6.008],"texture":"#2"},"down":{"uv":[11.242,6.758,10.508,7.492],"texture":"#2"}}},{"from":[3.5,16,3.5],"to":[12.5,20,12.5],"rotation":{"angle":-22.5,"axis":"x","origin":[8,4,8]},"faces":{"north":{"uv":[1.508,8.508,3.742,9.492],"texture":"#2"},"east":{"uv":[3.758,8.508,5.992,9.492],"texture":"#2"},"south":{"uv":[9.258,4.008,11.492,4.992],"texture":"#2"},"west":{"uv":[9.258,5.008,11.492,5.992],"texture":"#2"},"up":{"uv":[5.492,2.242,3.258,0.008],"texture":"#2"},"down":{"uv":[5.492,2.258,3.258,4.492],"texture":"#2"}}},{"from":[1.5,16,1.5],"to":[14.5,16,14.5],"rotation":{"angle":-22.5,"axis":"x","origin":[8,4,8]},"faces":{"north":{"uv":[0.008,0.008,3.242,0.008],"texture":"#2"},"east":{"uv":[0.008,0.008,3.242,0.008],"texture":"#2"},"south":{"uv":[0.008,0.008,3.242,0.008],"texture":"#2"},"west":{"uv":[0.008,0.008,3.242,0.008],"texture":"#2"},"up":{"uv":[3.242,3.242,0.008,0.008],"texture":"#2"},"down":{"uv":[3.242,3.258,0.008,6.492],"texture":"#2"}}},{"from":[11.5,4.46716,-1.67878],"to":[12.5,5.46716,8.32122],"rotation":{"angle":22.5,"axis":"x","origin":[8,10,5]},"faces":{"north":{"uv":[6.508,4.008,6.742,4.242],"texture":"#2"},"east":{"uv":[9.508,3.508,11.992,3.742],"texture":"#2"},"south":{"uv":[6.508,4.258,6.742,4.492],"texture":"#2"},"west":{"uv":[9.508,3.758,11.992,3.992],"texture":"#2"},"up":{"uv":[10.742,2.492,10.508,0.008],"texture":"#2"},"down":{"uv":[3.742,10.508,3.508,12.992],"texture":"#2"}}},{"from":[12,0.46716,-0.67878],"to":[12,5.46716,2.32122],"rotation":{"angle":22.5,"axis":"x","origin":[8,10,5]},"faces":{"north":{"uv":[0.008,0.008,0.008,1.242],"texture":"#2"},"east":{"uv":[5.008,9.508,5.742,10.742],"texture":"#2"},"south":{"uv":[0.008,0.008,0.008,1.242],"texture":"#2"},"west":{"uv":[9.508,9.008,10.242,10.242],"texture":"#2"},"up":{"uv":[0.008,0.742,0.008,0.008],"texture":"#2"},"down":{"uv":[0.008,0.008,0.008,0.742],"texture":"#2"}}},{"from":[11.4,4.36716,-0.77878],"to":[12.6,5.56716,1.42122],"rotation":{"angle":22.5,"axis":"x","origin":[8,10,5]},"faces":{"north":{"uv":[6.758,4.008,6.992,4.242],"texture":"#2"},"east":{"uv":[5.508,4.008,5.992,4.242],"texture":"#2"},"south":{"uv":[6.758,4.258,6.992,4.492],"texture":"#2"},"west":{"uv":[5.508,4.258,5.992,4.492],"texture":"#2"},"up":{"uv":[6.242,4.492,6.008,4.008],"texture":"#2"},"down":{"uv":[6.492,4.008,6.258,4.492],"texture":"#2"}}}],"display":{"thirdperson_righthand":{"rotation":[52,0,0],"scale":[0.5,0.5,0.5]},"thirdperson_lefthand":{"rotation":[56,0,0],"translation":[0,0.5,0],"scale":[0.5,0.5,0.5]},"firstperson_righthand":{"scale":[0.7,0.7,0.7]},"firstperson_lefthand":{"scale":[0.7,0.7,0.7]},"ground":{"translation":[0,4,0]},"gui":{"rotation":[-180,-1.5,-180],"translation":[0,-1.5,0],"scale":[0.75,0.75,0.75]},"head":{"translation":[0,-17.25,0],"scale":[2,2,2]},"fixed":{"translation":[0,-1.25,-2.5],"scale":[0.85,0.85,0.85]}},"groups":[{"name":"miner","origin":[0,0,0],"color":0,"children":[0,1,2,3,4,5,6,7,8,9,10,11]}]}