{"credit":"Made with Blockbench","texture_size":[64,64],"textures":{"1":"mineglobe/skyblock/minion/lumberjack","particle":"mineglobe/skyblock/minion/lumberjack"},"elements":[{"from":[4,10.46716,6.67878],"to":[12,18.46716,14.67878],"rotation":{"angle":0,"axis":"x","origin":[9,12.51379,8.20529]},"faces":{"north":{"uv":[2.508,4.508,4.492,6.492],"texture":"#1"},"east":{"uv":[4.508,4.508,6.492,6.492],"texture":"#1"},"south":{"uv":[4.758,0.008,6.742,1.992],"texture":"#1"},"west":{"uv":[4.758,2.008,6.742,3.992],"texture":"#1"},"up":{"uv":[1.992,6.992,0.008,5.008],"texture":"#1"},"down":{"uv":[3.992,6.508,2.008,8.492],"texture":"#1"}}},{"from":[4.5,7.46716,6.17878],"to":[11.5,11.46716,9.17878],"rotation":{"angle":0,"axis":"x","origin":[9,12.51379,8.20529]},"faces":{"north":{"uv":[8.508,4.008,10.242,4.992],"texture":"#1"},"east":{"uv":[9.508,10.508,10.242,11.492],"texture":"#1"},"south":{"uv":[5.008,8.508,6.742,9.492],"texture":"#1"},"west":{"uv":[10.258,10.508,10.992,11.492],"texture":"#1"},"up":{"uv":[11.492,8.742,9.758,8.008],"texture":"#1"},"down":{"uv":[11.492,8.758,9.758,9.492],"texture":"#1"}}},{"from":[3.8,10.26716,6.47878],"to":[12.2,18.66716,14.87878],"rotation":{"angle":0,"axis":"x","origin":[9,12.51379,8.20529]},"faces":{"north":{"uv":[4.008,6.508,5.992,8.492],"texture":"#1"},"east":{"uv":[6.508,4.008,8.492,5.992],"texture":"#1"},"south":{"uv":[6.008,6.508,7.992,8.492],"texture":"#1"},"west":{"uv":[6.758,0.008,8.742,1.992],"texture":"#1"},"up":{"uv":[8.742,3.992,6.758,2.008],"texture":"#1"},"down":{"uv":[1.992,7.008,0.008,8.992],"texture":"#1"}}},{"from":[5,4.56951,9.27371],"to":[11,11.56951,13.27371],"rotation":{"angle":22.5,"axis":"x","origin":[9,12.51379,8.20529]},"faces":{"north":{"uv":[2.008,8.508,3.492,10.242],"texture":"#1"},"east":{"uv":[6.758,8.508,7.742,10.242],"texture":"#1"},"south":{"uv":[3.508,8.508,4.992,10.242],"texture":"#1"},"west":{"uv":[8.758,0.008,9.742,1.742],"texture":"#1"},"up":{"uv":[11.242,6.992,9.758,6.008],"texture":"#1"},"down":{"uv":[11.242,7.008,9.758,7.992],"texture":"#1"}}},{"from":[3,3.46716,8.67878],"to":[5,10.46716,12.67878],"rotation":{"angle":-22.5,"axis":"x","origin":[5,10.46716,10.67878]},"faces":{"north":{"uv":[4.508,10.258,4.992,11.992],"texture":"#1"},"east":{"uv":[8.758,1.758,9.742,3.492],"texture":"#1"},"south":{"uv":[8.008,10.508,8.492,12.242],"texture":"#1"},"west":{"uv":[0.008,9.008,0.992,10.742],"texture":"#1"},"up":{"uv":[2.492,5.992,2.008,5.008],"texture":"#1"},"down":{"uv":[11.992,0.008,11.508,0.992],"texture":"#1"}}},{"from":[11,7.67638,2.70729],"to":[13,11.67638,9.70729],"rotation":{"angle":-22.5,"axis":"x","origin":[9,12.51379,8.20529]},"faces":{"north":{"uv":[11.992,7.508,11.508,8.492],"rotation":180,"texture":"#1"},"east":{"uv":[1.008,9.008,1.992,10.742],"rotation":270,"texture":"#1"},"south":{"uv":[6.742,12.492,6.258,11.508],"texture":"#1"},"west":{"uv":[5.008,9.508,5.992,11.242],"rotation":90,"texture":"#1"},"up":{"uv":[8.508,10.508,8.992,12.242],"rotation":180,"texture":"#1"},"down":{"uv":[9.008,10.508,9.492,12.242],"texture":"#1"}}},{"from":[8.01,0.01,6.51],"to":[10.99,3.99,9.49],"rotation":{"angle":22.5,"axis":"x","origin":[9.5,4,8]},"faces":{"north":{"uv":[0.008,10.758,0.742,11.742],"texture":"#1"},"east":{"uv":[0.758,10.758,1.492,11.742],"texture":"#1"},"south":{"uv":[1.508,10.758,2.242,11.742],"texture":"#1"},"west":{"uv":[2.258,10.758,2.992,11.742],"texture":"#1"},"up":{"uv":[6.742,10.242,6.008,9.508],"texture":"#1"},"down":{"uv":[11.992,6.008,11.258,6.742],"texture":"#1"}}},{"from":[5.01,0.01,6.51],"to":[7.99,3.99,9.49],"rotation":{"angle":-22.5,"axis":"x","origin":[6.5,4,8]},"faces":{"north":{"uv":[3.008,10.758,3.742,11.742],"texture":"#1"},"east":{"uv":[3.758,10.758,4.492,11.742],"texture":"#1"},"south":{"uv":[11.008,10.508,11.742,11.492],"texture":"#1"},"west":{"uv":[5.008,11.258,5.742,12.242],"texture":"#1"},"up":{"uv":[11.992,7.492,11.258,6.758],"texture":"#1"},"down":{"uv":[11.992,9.508,11.258,10.242],"texture":"#1"}}},{"from":[3.5,16.46716,6.17878],"to":[12.5,19.46716,15.17878],"rotation":{"angle":0,"axis":"x","origin":[9,12.51379,8.20529]},"faces":{"north":{"uv":[9.758,1.008,11.992,1.742],"texture":"#1"},"east":{"uv":[9.758,1.758,11.992,2.492],"texture":"#1"},"south":{"uv":[9.758,2.508,11.992,3.242],"texture":"#1"},"west":{"uv":[9.758,3.258,11.992,3.992],"texture":"#1"},"up":{"uv":[4.742,2.242,2.508,0.008],"texture":"#1"},"down":{"uv":[4.742,2.258,2.508,4.492],"texture":"#1"}}},{"from":[4.5,18.54504,4.59599],"to":[11.5,22.54504,11.59599],"rotation":{"angle":22.5,"axis":"x","origin":[9,12.51379,8.20529]},"faces":{"north":{"uv":[8.508,5.008,10.242,5.992],"texture":"#1"},"east":{"uv":[7.758,9.508,9.492,10.492],"texture":"#1"},"south":{"uv":[9.508,9.508,11.242,10.492],"texture":"#1"},"west":{"uv":[9.758,0.008,11.492,0.992],"texture":"#1"},"up":{"uv":[9.742,7.742,8.008,6.008],"texture":"#1"},"down":{"uv":[9.742,7.758,8.008,9.492],"texture":"#1"}}},{"from":[3,14.46716,5.67878],"to":[13,16.46716,15.67878],"rotation":{"angle":0,"axis":"x","origin":[9,12.51379,8.20529]},"faces":{"north":{"uv":[2.008,10.258,4.492,10.742],"texture":"#1"},"east":{"uv":[10.258,4.008,12.742,4.492],"texture":"#1"},"south":{"uv":[10.258,4.508,12.742,4.992],"texture":"#1"},"west":{"uv":[10.258,5.008,12.742,5.492],"texture":"#1"},"up":{"uv":[2.492,2.492,0.008,0.008],"texture":"#1"},"down":{"uv":[2.492,2.508,0.008,4.992],"texture":"#1"}}},{"from":[11.5,6.67638,3.70729],"to":[12.5,16.67638,4.70729],"rotation":{"angle":-22.5,"axis":"x","origin":[9,12.51379,8.20529]},"faces":{"north":{"uv":[6.242,11.508,6.008,13.992],"rotation":180,"texture":"#1"},"east":{"uv":[10.258,5.508,12.742,5.742],"rotation":270,"texture":"#1"},"south":{"uv":[5.992,13.742,5.758,11.258],"texture":"#1"},"west":{"uv":[10.258,5.758,12.742,5.992],"rotation":90,"texture":"#1"},"up":{"uv":[5.758,4.008,5.992,4.242],"rotation":180,"texture":"#1"},"down":{"uv":[5.758,4.258,5.992,4.492],"texture":"#1"}}},{"from":[12,12.67638,-1.29271],"to":[12,16.67638,3.70729],"rotation":{"angle":-22.5,"axis":"x","origin":[9,12.51379,8.20529]},"faces":{"north":{"uv":[0.008,0.008,0.008,0.992],"rotation":180,"texture":"#1"},"east":{"uv":[6.008,10.258,6.992,11.492],"rotation":270,"texture":"#1"},"south":{"uv":[0.008,0.992,0.008,0.008],"texture":"#1"},"west":{"uv":[7.008,10.508,7.992,11.742],"rotation":90,"texture":"#1"},"up":{"uv":[0.008,0.008,0.008,1.242],"rotation":180,"texture":"#1"},"down":{"uv":[0.008,0.008,0.008,1.242],"texture":"#1"}}},{"from":[11.4,13.57638,3.60729],"to":[12.6,15.77638,4.80729],"rotation":{"angle":-22.5,"axis":"x","origin":[9,12.51379,8.20529]},"faces":{"north":{"uv":[5.742,4.008,5.508,4.492],"rotation":180,"texture":"#1"},"east":{"uv":[4.758,4.008,5.242,4.242],"rotation":270,"texture":"#1"},"south":{"uv":[5.492,4.492,5.258,4.008],"texture":"#1"},"west":{"uv":[4.758,4.258,5.242,4.492],"rotation":90,"texture":"#1"},"up":{"uv":[2.008,6.008,2.242,6.242],"rotation":180,"texture":"#1"},"down":{"uv":[2.258,6.008,2.492,6.242],"texture":"#1"}}}],"display":{"thirdperson_righthand":{"rotation":[52,0,0],"scale":[0.5,0.5,0.5]},"thirdperson_lefthand":{"rotation":[56,0,0],"translation":[0,0.5,0],"scale":[0.5,0.5,0.5]},"firstperson_righthand":{"scale":[0.7,0.7,0.7]},"firstperson_lefthand":{"scale":[0.7,0.7,0.7]},"ground":{"translation":[0,4,0]},"gui":{"rotation":[-180,-1.5,-180],"translation":[0,-1.5,0],"scale":[0.75,0.75,0.75]},"head":{"translation":[0,-17.25,0],"scale":[2,2,2]},"fixed":{"translation":[0,-1.25,-2.5],"scale":[0.85,0.85,0.85]}},"groups":[{"name":"lumberjack","origin":[0,0,0],"color":0,"children":[0,1,2,3,4,5,6,7,8,9,10,11,12,13]}]}