{"credit":"Made with Blockbench","texture_size":[64,64],"textures":{"1":"mineglobe/skyblock/minion/miner","particle":"mineglobe/skyblock/minion/miner"},"elements":[{"from":[4,11,4],"to":[12,19,12],"rotation":{"angle":22.5,"axis":"y","origin":[8,11,8]},"faces":{"north":{"uv":[2.758,4.508,4.742,6.492],"texture":"#1"},"east":{"uv":[4.758,4.508,6.742,6.492],"texture":"#1"},"south":{"uv":[5.008,0.008,6.992,1.992],"texture":"#1"},"west":{"uv":[5.008,2.008,6.992,3.992],"texture":"#1"},"up":{"uv":[1.992,7.492,0.008,5.508],"texture":"#1"},"down":{"uv":[3.992,6.508,2.008,8.492],"texture":"#1"}}},{"from":[3.8,10.8,3.8],"to":[12.2,19.2,12.2],"rotation":{"angle":22.5,"axis":"y","origin":[8,11,8]},"faces":{"north":{"uv":[4.008,6.508,5.992,8.492],"texture":"#1"},"east":{"uv":[6.008,6.508,7.992,8.492],"texture":"#1"},"south":{"uv":[6.758,4.008,8.742,5.992],"texture":"#1"},"west":{"uv":[7.008,0.008,8.992,1.992],"texture":"#1"},"up":{"uv":[8.992,3.992,7.008,2.008],"texture":"#1"},"down":{"uv":[1.992,7.508,0.008,9.492],"texture":"#1"}}},{"from":[5,4,6],"to":[11,11,10],"faces":{"north":{"uv":[8.008,6.008,9.492,7.742],"texture":"#1"},"east":{"uv":[6.508,8.508,7.492,10.242],"texture":"#1"},"south":{"uv":[8.008,7.758,9.492,9.492],"texture":"#1"},"west":{"uv":[9.008,0.008,9.992,1.742],"texture":"#1"},"up":{"uv":[5.992,10.492,4.508,9.508],"texture":"#1"},"down":{"uv":[10.992,6.008,9.508,6.992],"texture":"#1"}}},{"from":[3,4,6],"to":[5,11,10],"rotation":{"angle":-22.5,"axis":"x","origin":[5,11,8]},"faces":{"north":{"uv":[7.508,8.508,7.992,10.242],"texture":"#1"},"east":{"uv":[9.008,1.758,9.992,3.492],"texture":"#1"},"south":{"uv":[6.008,9.508,6.492,11.242],"texture":"#1"},"west":{"uv":[0.008,9.508,0.992,11.242],"texture":"#1"},"up":{"uv":[7.992,11.242,7.508,10.258],"texture":"#1"},"down":{"uv":[5.742,10.508,5.258,11.492],"texture":"#1"}}},{"from":[11,4,6],"to":[13,11,10],"rotation":{"angle":22.5,"axis":"x","origin":[11,11,8]},"faces":{"north":{"uv":[9.508,7.008,9.992,8.742],"texture":"#1"},"east":{"uv":[1.008,9.508,1.992,11.242],"texture":"#1"},"south":{"uv":[8.008,9.508,8.492,11.242],"texture":"#1"},"west":{"uv":[2.008,9.508,2.992,11.242],"texture":"#1"},"up":{"uv":[8.992,11.492,8.508,10.508],"texture":"#1"},"down":{"uv":[10.742,10.508,10.258,11.492],"texture":"#1"}}},{"from":[8.01,0.01,6.51],"to":[10.99,3.99,9.49],"rotation":{"angle":0,"axis":"x","origin":[9.5,4,8]},"faces":{"north":{"uv":[2.008,5.508,2.742,6.492],"texture":"#1"},"east":{"uv":[8.508,9.508,9.242,10.492],"texture":"#1"},"south":{"uv":[9.508,8.758,10.242,9.742],"texture":"#1"},"west":{"uv":[9.258,9.758,9.992,10.742],"texture":"#1"},"up":{"uv":[10.742,8.242,10.008,7.508],"texture":"#1"},"down":{"uv":[7.492,10.258,6.758,10.992],"texture":"#1"}}},{"from":[5.01,0.01,6.51],"to":[7.99,3.99,9.49],"rotation":{"angle":22.5,"axis":"x","origin":[6.5,4,8]},"faces":{"north":{"uv":[10.008,0.008,10.742,0.992],"texture":"#1"},"east":{"uv":[10.008,1.008,10.742,1.992],"texture":"#1"},"south":{"uv":[10.008,2.008,10.742,2.992],"texture":"#1"},"west":{"uv":[10.008,3.008,10.742,3.992],"texture":"#1"},"up":{"uv":[10.992,8.992,10.258,8.258],"texture":"#1"},"down":{"uv":[10.992,9.008,10.258,9.742],"texture":"#1"}}},{"from":[3.5,16,3.5],"to":[12.5,20,12.5],"rotation":{"angle":22.5,"axis":"y","origin":[8,11,8]},"faces":{"north":{"uv":[2.008,8.508,4.242,9.492],"texture":"#1"},"east":{"uv":[4.258,8.508,6.492,9.492],"texture":"#1"},"south":{"uv":[8.758,4.008,10.992,4.992],"texture":"#1"},"west":{"uv":[8.758,5.008,10.992,5.992],"texture":"#1"},"up":{"uv":[4.992,2.242,2.758,0.008],"texture":"#1"},"down":{"uv":[4.992,2.258,2.758,4.492],"texture":"#1"}}},{"from":[6.4,17.4,2.4],"to":[9.6,20.6,4.6],"rotation":{"angle":22.5,"axis":"y","origin":[8,11,8]},"faces":{"north":{"uv":[10.258,9.758,10.992,10.492],"texture":"#1"},"east":{"uv":[10.758,0.008,11.242,0.742],"texture":"#1"},"south":{"uv":[4.508,10.508,5.242,11.242],"texture":"#1"},"west":{"uv":[10.758,0.758,11.242,1.492],"texture":"#1"},"up":{"uv":[5.742,4.492,5.008,4.008],"texture":"#1"},"down":{"uv":[6.492,4.008,5.758,4.492],"texture":"#1"}}},{"from":[2.49,15.99,2.49],"to":[13.51,16.01,13.51],"rotation":{"angle":22.5,"axis":"y","origin":[8,11,8]},"faces":{"north":{"uv":[0.008,0.008,2.742,0.008],"texture":"#1"},"east":{"uv":[0.008,0.008,2.742,0.008],"texture":"#1"},"south":{"uv":[0.008,0.008,2.742,0.008],"texture":"#1"},"west":{"uv":[0.008,0.008,2.742,0.008],"texture":"#1"},"up":{"uv":[2.742,2.742,0.008,0.008],"texture":"#1"},"down":{"uv":[2.742,2.758,0.008,5.492],"texture":"#1"}}},{"from":[11.5,5,1],"to":[12.5,6,11],"rotation":{"angle":22.5,"axis":"x","origin":[11,11,8]},"faces":{"north":{"uv":[7.508,6.008,7.742,6.242],"texture":"#1"},"east":{"uv":[10.008,7.008,12.492,7.242],"texture":"#1"},"south":{"uv":[7.508,6.258,7.742,6.492],"texture":"#1"},"west":{"uv":[10.008,7.258,12.492,7.492],"texture":"#1"},"up":{"uv":[10.242,12.242,10.008,9.758],"texture":"#1"},"down":{"uv":[6.742,10.258,6.508,12.742],"texture":"#1"}}},{"from":[12,1,2],"to":[12,10,5],"rotation":{"angle":22.5,"axis":"x","origin":[11,11,8]},"faces":{"north":{"uv":[0.008,0.008,0.008,2.242],"texture":"#1"},"east":{"uv":[3.008,9.508,3.742,11.742],"texture":"#1"},"south":{"uv":[0.008,0.008,0.008,2.242],"texture":"#1"},"west":{"uv":[3.758,9.508,4.492,11.742],"texture":"#1"},"up":{"uv":[0.008,0.742,0.008,0.008],"texture":"#1"},"down":{"uv":[0.008,0.008,0.008,0.742],"texture":"#1"}}},{"from":[11.4,4.9,1.9],"to":[12.6,6.1,4.1],"rotation":{"angle":22.5,"axis":"x","origin":[11,11,8]},"faces":{"north":{"uv":[7.758,6.008,7.992,6.242],"texture":"#1"},"east":{"uv":[6.758,6.008,7.242,6.242],"texture":"#1"},"south":{"uv":[7.758,6.258,7.992,6.492],"texture":"#1"},"west":{"uv":[6.758,6.258,7.242,6.492],"texture":"#1"},"up":{"uv":[6.742,4.492,6.508,4.008],"texture":"#1"},"down":{"uv":[7.492,6.008,7.258,6.492],"texture":"#1"}}}],"display":{"thirdperson_righthand":{"rotation":[52,0,0],"scale":[0.5,0.5,0.5]},"thirdperson_lefthand":{"rotation":[56,0,0],"translation":[0,0.5,0],"scale":[0.5,0.5,0.5]},"firstperson_righthand":{"scale":[0.7,0.7,0.7]},"firstperson_lefthand":{"scale":[0.7,0.7,0.7]},"ground":{"translation":[0,4,0]},"gui":{"rotation":[-180,-1.5,-180],"translation":[0,-1.5,0],"scale":[0.75,0.75,0.75]},"head":{"translation":[0,-17.25,0],"scale":[2,2,2]},"fixed":{"translation":[0,-1.25,-2.5],"scale":[0.85,0.85,0.85]}},"groups":[{"name":"miner","origin":[0,0,0],"color":0,"children":[0,1,2,3,4,5,6,7,8,9,10,11,12]}]}