{"display":{"thirdperson_righthand":{"rotation":[14.73,-65.43,-103.54],"translation":[-0.5,2,-0.25],"scale":[0.4,0.4,0.4]},"thirdperson_lefthand":{"rotation":[-156,60,-107],"translation":[-1,1.5,-0.75],"scale":[0.4,0.4,0.4]},"firstperson_righthand":{"rotation":[-106.87,-82.58,169.12],"translation":[3,2.75,0.5],"scale":[0.5,0.5,0.5]},"firstperson_lefthand":{"rotation":[168.35,87.78,-72.4],"translation":[3,2.75,0.5],"scale":[0.5,0.5,0.5]},"ground":{"translation":[0,3.5,0],"scale":[0.4,0.4,0.4]},"gui":{"scale":[0.9,0.9,0.9]},"fixed":{"rotation":[0,-180,0]}},"parent":"minecraft:item/generated","textures":{"layer0":"mineglobe/keys/epic_key"},"gui_light":"front"}