{"textures":{"0":"pets/bulbcacti"},"elements":[{"name":"cube","from":[4.3999996,6.8,4.3999996],"to":[11.6,11.6,10.4],"rotation":{"angle":0.0,"axis":"x","origin":[8.0,11.0,7.4]},"faces":{"down":{"uv":[3.0,2.5,0.0,5.0],"rotation":0,"texture":"#0","tintindex":0},"east":{"uv":[3.0,4.0,5.5,6.0],"rotation":0,"texture":"#0","tintindex":0},"north":{"uv":[3.0,0.0,6.0,2.0],"rotation":0,"texture":"#0","tintindex":0},"south":{"uv":[3.0,2.0,6.0,4.0],"rotation":0,"texture":"#0","tintindex":0},"up":{"uv":[3.0,2.5,0.0,0.0],"rotation":0,"texture":"#0","tintindex":0},"west":{"uv":[0.0,5.0,2.5,7.0],"rotation":0,"texture":"#0","tintindex":0}}},{"name":"cube","from":[9.2,9.2,3.7999997],"to":[11.0,11.0,4.3999996],"rotation":{"angle":0.0,"axis":"x","origin":[8.0,11.0,7.4]},"faces":{"down":{"uv":[8.25,3.0,7.5,3.25],"rotation":0,"texture":"#0","tintindex":0},"east":{"uv":[6.75,3.25,7.0,4.0],"rotation":0,"texture":"#0","tintindex":0},"north":{"uv":[7.5,0.0,8.25,0.75],"rotation":0,"texture":"#0","tintindex":0},"south":{"uv":[7.5,0.0,8.25,0.75],"rotation":0,"texture":"#0","tintindex":0},"up":{"uv":[8.25,3.25,7.5,3.0],"rotation":0,"texture":"#0","tintindex":0},"west":{"uv":[6.75,3.25,7.0,4.0],"rotation":0,"texture":"#0","tintindex":0}}},{"name":"cube","from":[5.0,9.2,3.7999997],"to":[6.8,11.0,4.3999996],"rotation":{"angle":0.0,"axis":"x","origin":[8.0,11.0,7.4]},"faces":{"down":{"uv":[7.5,3.0,8.25,3.25],"rotation":0,"texture":"#0","tintindex":0},"east":{"uv":[7.0,3.25,6.75,4.0],"rotation":0,"texture":"#0","tintindex":0},"north":{"uv":[8.25,0.0,7.5,0.75],"rotation":0,"texture":"#0","tintindex":0},"south":{"uv":[8.25,0.0,7.5,0.75],"rotation":0,"texture":"#0","tintindex":0},"up":{"uv":[7.5,3.25,8.25,3.0],"rotation":0,"texture":"#0","tintindex":0},"west":{"uv":[7.0,3.25,6.75,4.0],"rotation":0,"texture":"#0","tintindex":0}}}],"display":{"head":{"translation":[0.0,-6.4,0.0],"rotation":[0.0,0.0,0.0],"scale":[3.8095,3.8095,3.8095]}}}