{"textures":{"0":"pets/bulbcacti"},"elements":[{"name":"cube","from":[6.2,6.29,5.6],"to":[6.2,12.89,6.2],"rotation":{"angle":45.0,"axis":"y","origin":[6.2,9.889999,6.2]},"faces":{"down":{"uv":[0.0,0.0,0.0,0.25],"rotation":0,"texture":"#0","tintindex":0},"east":{"uv":[0.25,8.5,0.0,11.5],"rotation":0,"texture":"#0","tintindex":0},"north":{"uv":[0.0,0.0,0.0,3.0],"rotation":0,"texture":"#0","tintindex":0},"south":{"uv":[0.0,0.0,0.0,3.0],"rotation":0,"texture":"#0","tintindex":0},"up":{"uv":[0.0,0.0,0.0,0.25],"rotation":0,"texture":"#0","tintindex":0},"west":{"uv":[0.25,8.5,0.0,11.5],"rotation":0,"texture":"#0","tintindex":0}}},{"name":"cube","from":[6.2,6.29,9.8],"to":[6.2,12.89,10.4],"rotation":{"angle":-45.0,"axis":"y","origin":[6.2,9.889999,9.8]},"faces":{"down":{"uv":[0.0,0.25,0.0,0.0],"rotation":0,"texture":"#0","tintindex":0},"east":{"uv":[0.0,8.5,0.25,11.5],"rotation":0,"texture":"#0","tintindex":0},"north":{"uv":[0.0,0.0,0.0,3.0],"rotation":0,"texture":"#0","tintindex":0},"south":{"uv":[0.0,0.0,0.0,3.0],"rotation":0,"texture":"#0","tintindex":0},"up":{"uv":[0.0,0.25,0.0,0.0],"rotation":0,"texture":"#0","tintindex":0},"west":{"uv":[0.0,8.5,0.25,11.5],"rotation":0,"texture":"#0","tintindex":0}}},{"name":"cube","from":[5.0,13.49,6.2],"to":[7.4,13.49,9.8],"rotation":{"angle":-22.5,"axis":"z","origin":[8.0,13.49,8.0]},"faces":{"down":{"uv":[8.5,4.75,10.0,6.0],"rotation":270,"texture":"#0","tintindex":0},"east":{"uv":[0.0,0.0,1.5,0.0],"rotation":0,"texture":"#0","tintindex":0},"north":{"uv":[0.0,0.0,1.25,0.0],"rotation":0,"texture":"#0","tintindex":0},"south":{"uv":[0.0,0.0,1.25,0.0],"rotation":0,"texture":"#0","tintindex":0},"up":{"uv":[8.5,3.25,10.0,4.5],"rotation":90,"texture":"#0","tintindex":0},"west":{"uv":[0.0,0.0,1.5,0.0],"rotation":0,"texture":"#0","tintindex":0}}},{"name":"cube","from":[8.6,13.49,6.2],"to":[11.0,13.49,9.8],"rotation":{"angle":22.5,"axis":"z","origin":[8.0,13.49,8.0]},"faces":{"down":{"uv":[8.5,4.75,10.0,6.0],"rotation":90,"texture":"#0","tintindex":0},"east":{"uv":[0.0,0.0,1.5,0.0],"rotation":0,"texture":"#0","tintindex":0},"north":{"uv":[0.0,0.0,1.25,0.0],"rotation":0,"texture":"#0","tintindex":0},"south":{"uv":[0.0,0.0,1.25,0.0],"rotation":0,"texture":"#0","tintindex":0},"up":{"uv":[8.5,3.25,10.0,4.5],"rotation":270,"texture":"#0","tintindex":0},"west":{"uv":[0.0,0.0,1.5,0.0],"rotation":0,"texture":"#0","tintindex":0}}},{"name":"cube","from":[6.2,13.49,5.0],"to":[9.8,13.49,7.4],"rotation":{"angle":22.5,"axis":"x","origin":[8.0,13.49,7.4]},"faces":{"down":{"uv":[8.5,4.75,10.0,6.0],"rotation":180,"texture":"#0","tintindex":0},"east":{"uv":[0.0,0.0,1.25,0.0],"rotation":0,"texture":"#0","tintindex":0},"north":{"uv":[0.0,0.0,1.5,0.0],"rotation":0,"texture":"#0","tintindex":0},"south":{"uv":[0.0,0.0,1.5,0.0],"rotation":0,"texture":"#0","tintindex":0},"up":{"uv":[8.5,3.25,10.0,4.5],"rotation":180,"texture":"#0","tintindex":0},"west":{"uv":[0.0,0.0,1.25,0.0],"rotation":0,"texture":"#0","tintindex":0}}},{"name":"cube","from":[9.8,6.29,5.6],"to":[9.8,12.89,6.2],"rotation":{"angle":-45.0,"axis":"y","origin":[9.8,9.889999,6.2]},"faces":{"down":{"uv":[0.0,0.0,0.0,0.25],"rotation":0,"texture":"#0","tintindex":0},"east":{"uv":[0.0,8.5,0.25,11.5],"rotation":0,"texture":"#0","tintindex":0},"north":{"uv":[0.0,0.0,0.0,3.0],"rotation":0,"texture":"#0","tintindex":0},"south":{"uv":[0.0,0.0,0.0,3.0],"rotation":0,"texture":"#0","tintindex":0},"up":{"uv":[0.0,0.0,0.0,0.25],"rotation":0,"texture":"#0","tintindex":0},"west":{"uv":[0.0,8.5,0.25,11.5],"rotation":0,"texture":"#0","tintindex":0}}},{"name":"cube","from":[6.2,6.29,6.2],"to":[9.8,13.49,9.8],"rotation":{"angle":0.0,"axis":"x","origin":[8.0,0.8899994,8.0]},"faces":{"down":{"uv":[8.5,3.25,7.0,4.75],"rotation":0,"texture":"#0","tintindex":0},"east":{"uv":[6.0,0.0,7.5,3.25],"rotation":0,"texture":"#0","tintindex":0},"north":{"uv":[5.5,4.0,7.0,7.25],"rotation":0,"texture":"#0","tintindex":0},"south":{"uv":[2.5,6.0,4.0,9.25],"rotation":0,"texture":"#0","tintindex":0},"up":{"uv":[1.5,8.5,0.0,7.0],"rotation":0,"texture":"#0","tintindex":0},"west":{"uv":[4.0,6.0,5.5,9.25],"rotation":0,"texture":"#0","tintindex":0}}},{"name":"cube","from":[7.4,13.49,7.4],"to":[8.6,14.09,8.6],"rotation":{"angle":0.0,"axis":"x","origin":[8.0,6.29,8.0]},"faces":{"down":{"uv":[9.0,0.5,9.5,1.0],"rotation":0,"texture":"#0","tintindex":0},"east":{"uv":[8.0,1.25,8.5,1.5],"rotation":0,"texture":"#0","tintindex":0},"north":{"uv":[8.25,0.5,8.75,0.75],"rotation":0,"texture":"#0","tintindex":0},"south":{"uv":[8.25,0.25,8.75,0.5],"rotation":0,"texture":"#0","tintindex":0},"up":{"uv":[9.0,0.0,9.5,0.5],"rotation":0,"texture":"#0","tintindex":0},"west":{"uv":[8.25,0.0,8.75,0.25],"rotation":0,"texture":"#0","tintindex":0}}},{"name":"cube","from":[6.2,13.49,8.6],"to":[9.8,13.49,11.0],"rotation":{"angle":-22.5,"axis":"x","origin":[8.0,13.49,8.6]},"faces":{"down":{"uv":[8.5,4.75,10.0,6.0],"rotation":0,"texture":"#0","tintindex":0},"east":{"uv":[0.0,0.0,1.25,0.0],"rotation":0,"texture":"#0","tintindex":0},"north":{"uv":[0.0,0.0,1.5,0.0],"rotation":0,"texture":"#0","tintindex":0},"south":{"uv":[0.0,0.0,1.5,0.0],"rotation":0,"texture":"#0","tintindex":0},"up":{"uv":[8.5,3.25,10.0,4.5],"rotation":0,"texture":"#0","tintindex":0},"west":{"uv":[0.0,0.0,1.25,0.0],"rotation":0,"texture":"#0","tintindex":0}}},{"name":"cube","from":[9.8,6.29,9.8],"to":[9.8,12.89,10.4],"rotation":{"angle":45.0,"axis":"y","origin":[9.8,9.889999,9.8]},"faces":{"down":{"uv":[0.0,0.25,0.0,0.0],"rotation":0,"texture":"#0","tintindex":0},"east":{"uv":[0.25,8.5,0.0,11.5],"rotation":0,"texture":"#0","tintindex":0},"north":{"uv":[0.0,0.0,0.0,3.0],"rotation":0,"texture":"#0","tintindex":0},"south":{"uv":[0.0,0.0,0.0,3.0],"rotation":0,"texture":"#0","tintindex":0},"up":{"uv":[0.0,0.25,0.0,0.0],"rotation":0,"texture":"#0","tintindex":0},"west":{"uv":[0.25,8.5,0.0,11.5],"rotation":0,"texture":"#0","tintindex":0}}}],"display":{"head":{"translation":[0.0,-6.4,0.0],"rotation":[0.0,0.0,0.0],"scale":[3.8095,3.8095,3.8095]}}}