{"textures":{"0":"pets/bulbcacti"},"elements":[{"name":"cube","from":[7.4,5.0,7.1],"to":[8.6,8.0,8.9],"rotation":{"angle":0.0,"axis":"x","origin":[12.2,9.2,7.7]},"faces":{"down":{"uv":[5.5,7.75,6.0,8.5],"rotation":0,"texture":"#0","tintindex":0},"east":{"uv":[7.75,4.75,7.0,6.0],"rotation":0,"texture":"#0","tintindex":0},"north":{"uv":[6.0,7.25,5.5,8.5],"rotation":0,"texture":"#0","tintindex":0},"south":{"uv":[7.5,6.0,7.0,7.25],"rotation":0,"texture":"#0","tintindex":0},"up":{"uv":[7.5,6.75,8.0,6.0],"rotation":0,"texture":"#0","tintindex":0},"west":{"uv":[2.25,7.0,1.5,8.25],"rotation":0,"texture":"#0","tintindex":0}}}],"display":{"head":{"translation":[0.0,-6.4,0.0],"rotation":[0.0,0.0,0.0],"scale":[3.8095,3.8095,3.8095]}}}