{"textures":{"0":"pets/bulbcacti"},"elements":[{"name":"cube","from":[7.4,6.2,7.4],"to":[8.6,8.0,9.2],"rotation":{"angle":0.0,"axis":"x","origin":[9.8,11.6,8.0]},"faces":{"down":{"uv":[7.5,6.0,8.0,6.75],"rotation":0,"texture":"#0","tintindex":0},"east":{"uv":[6.75,3.25,6.0,4.0],"rotation":0,"texture":"#0","tintindex":0},"north":{"uv":[8.0,1.5,7.5,2.25],"rotation":0,"texture":"#0","tintindex":0},"south":{"uv":[8.0,6.0,7.5,6.75],"rotation":0,"texture":"#0","tintindex":0},"up":{"uv":[8.75,12.0,9.25,11.25],"rotation":0,"texture":"#0","tintindex":0},"west":{"uv":[6.75,3.25,6.0,4.0],"rotation":0,"texture":"#0","tintindex":0}}}],"display":{"head":{"translation":[0.0,-6.4,0.0],"rotation":[0.0,0.0,0.0],"scale":[3.8095,3.8095,3.8095]}}}