{"textures":{"0":"pets/bulbcacti"},"elements":[{"name":"cube","from":[7.4,5.0,7.1],"to":[8.6,8.0,8.9],"rotation":{"angle":0.0,"axis":"x","origin":[3.7999997,9.2,7.7]},"faces":{"down":{"uv":[6.0,7.75,5.5,8.5],"rotation":0,"texture":"#0","tintindex":0},"east":{"uv":[1.5,7.0,2.25,8.25],"rotation":0,"texture":"#0","tintindex":0},"north":{"uv":[5.5,7.25,6.0,8.5],"rotation":0,"texture":"#0","tintindex":0},"south":{"uv":[7.0,6.0,7.5,7.25],"rotation":0,"texture":"#0","tintindex":0},"up":{"uv":[8.0,6.75,7.5,6.0],"rotation":0,"texture":"#0","tintindex":0},"west":{"uv":[7.0,4.75,7.75,6.0],"rotation":0,"texture":"#0","tintindex":0}}}],"display":{"head":{"translation":[0.0,-6.4,0.0],"rotation":[0.0,0.0,0.0],"scale":[3.8095,3.8095,3.8095]}}}