{"textures":{"0":"pets/deadbeard_pet","1":"pets/deadbeard_petboat"},"elements":[{"name":"cube","from":[6.5,5.8999996,6.5],"to":[9.5,10.1,9.5],"rotation":{"angle":0.0,"axis":"x","origin":[8.9,5.8999996,14.3]},"faces":{"down":{"uv":[7.5,0.0,8.125,0.625],"rotation":0,"texture":"#1","tintindex":0},"east":{"uv":[8.75,0.0,9.375,0.875],"rotation":0,"texture":"#1","tintindex":0},"north":{"uv":[8.75,0.0,9.375,0.875],"rotation":0,"texture":"#1","tintindex":0},"south":{"uv":[8.75,0.0,9.375,0.875],"rotation":0,"texture":"#1","tintindex":0},"up":{"uv":[7.5,0.0,8.125,0.625],"rotation":0,"texture":"#1","tintindex":0},"west":{"uv":[8.75,0.0,9.375,0.875],"rotation":0,"texture":"#1","tintindex":0}}}],"display":{"head":{"translation":[0.0,-6.4,0.0],"rotation":[0.0,0.0,0.0],"scale":[3.8095,3.8095,3.8095]}}}