{"textures":{"0":"pets/deadbeard_pet","1":"pets/deadbeard_petboat"},"elements":[{"name":"cube","from":[3.516472,6.4632735,6.0796676],"to":[17.916473,7.663274,10.279668],"rotation":{"angle":0.0,"axis":"x","origin":[25.716473,10.063274,7.8796678]},"faces":{"down":{"uv":[5.4925,0.8825,2.5075,1.7425],"rotation":0,"texture":"#1","tintindex":0},"east":{"uv":[7.0075,5.0075,7.8675,5.2425],"rotation":0,"texture":"#1","tintindex":0},"north":{"uv":[5.7575,2.0075,8.7425,2.2425],"rotation":0,"texture":"#1","tintindex":0},"south":{"uv":[8.7425,2.0075,5.7575,2.2425],"rotation":0,"texture":"#1","tintindex":0},"up":{"uv":[5.4925,0.8675,2.5075,0.0075],"rotation":0,"texture":"#1","tintindex":0},"west":{"uv":[6.6325,7.0075,7.4925,7.2425],"rotation":0,"texture":"#1","tintindex":0}}},{"name":"cube","from":[15.216473,7.663274,6.5980444],"to":[19.026474,11.263274,10.408045],"rotation":{"angle":-45.0,"axis":"y","origin":[17.916473,9.163274,9.298044]},"faces":{"down":{"uv":[6.9925,4.5075,6.2575,5.2425],"rotation":0,"texture":"#1","tintindex":0},"east":{"uv":[5.2425,5.8825,4.5075,6.6175],"rotation":0,"texture":"#1","tintindex":0},"north":{"uv":[4.5075,5.8825,5.2425,6.6175],"rotation":0,"texture":"#1","tintindex":0},"south":{"uv":[6.0075,5.8825,6.7425,6.6175],"rotation":0,"texture":"#1","tintindex":0},"up":{"uv":[6.9925,4.4925,6.2575,3.7575],"rotation":0,"texture":"#1","tintindex":0},"west":{"uv":[0.0075,6.1325,0.7425,6.8675],"rotation":0,"texture":"#1","tintindex":0}}},{"name":"cube","from":[8.916472,7.663274,5.4796677],"to":[17.916473,10.663274,10.879667],"rotation":{"angle":0.0,"axis":"x","origin":[25.716473,10.063274,7.8796678]},"faces":{"down":{"uv":[1.8675,3.8825,0.0075,4.9925],"rotation":0,"texture":"#1","tintindex":0},"east":{"uv":[5.7575,2.5075,6.8675,3.1175],"rotation":0,"texture":"#1","tintindex":0},"north":{"uv":[3.5075,5.2575,5.3675,5.8675],"rotation":0,"texture":"#1","tintindex":0},"south":{"uv":[5.3675,5.2575,3.5075,5.8675],"rotation":0,"texture":"#1","tintindex":0},"up":{"uv":[3.8675,4.1175,2.0075,3.0075],"rotation":0,"texture":"#1","tintindex":0},"west":{"uv":[5.7575,3.1325,6.8675,3.7425],"rotation":0,"texture":"#1","tintindex":0}}},{"name":"cube","from":[13.716473,10.663274,7.579668],"to":[14.916472,22.663273,8.779668],"rotation":{"angle":0.0,"axis":"x","origin":[25.716473,10.063274,8.179667]},"faces":{"down":{"uv":[2.4925,2.6325,2.2575,2.8675],"rotation":0,"texture":"#1","tintindex":0},"east":{"uv":[3.7575,5.8825,3.9925,8.3675],"rotation":0,"texture":"#1","tintindex":0},"north":{"uv":[3.5075,5.8825,3.7425,8.3675],"rotation":0,"texture":"#1","tintindex":0},"south":{"uv":[4.0075,5.8825,4.2425,8.3675],"rotation":0,"texture":"#1","tintindex":0},"up":{"uv":[2.2425,2.8675,2.0075,2.6325],"rotation":0,"texture":"#1","tintindex":0},"west":{"uv":[4.2575,5.8825,4.4925,8.3675],"rotation":0,"texture":"#1","tintindex":0}}},{"name":"cube","from":[8.916472,10.206552,7.7757683],"to":[14.916472,22.806553,7.7757683],"rotation":{"angle":22.5,"axis":"x","origin":[14.916472,16.20655,7.7757683]},"faces":{"down":{"uv":[1.2425,0.0075,0.0075,0.0075],"rotation":0,"texture":"#1","tintindex":0},"east":{"uv":[0.0075,0.0075,0.0075,2.6175],"rotation":0,"texture":"#1","tintindex":0},"north":{"uv":[0.0075,0.0075,1.2425,2.6175],"rotation":0,"texture":"#1","tintindex":0},"south":{"uv":[1.2425,0.0075,0.0075,2.6175],"rotation":0,"texture":"#1","tintindex":0},"up":{"uv":[1.2425,0.0075,0.0075,0.0075],"rotation":0,"texture":"#1","tintindex":0},"west":{"uv":[0.0075,0.0075,0.0075,2.6175],"rotation":0,"texture":"#1","tintindex":0}}},{"name":"cube","from":[8.916472,10.206322,8.583014],"to":[14.916472,22.80632,8.583014],"rotation":{"angle":-22.5,"axis":"x","origin":[14.916472,16.206322,8.583014]},"faces":{"down":{"uv":[1.2425,0.0075,0.0075,0.0075],"rotation":0,"texture":"#1","tintindex":0},"east":{"uv":[0.0075,0.0075,0.0075,2.6175],"rotation":0,"texture":"#1","tintindex":0},"north":{"uv":[0.0075,0.0075,1.2425,2.6175],"rotation":0,"texture":"#1","tintindex":0},"south":{"uv":[1.2425,0.0075,0.0075,2.6175],"rotation":0,"texture":"#1","tintindex":0},"up":{"uv":[1.2425,0.0075,0.0075,0.0075],"rotation":0,"texture":"#1","tintindex":0},"west":{"uv":[0.0075,0.0075,0.0075,2.6175],"rotation":0,"texture":"#1","tintindex":0}}},{"name":"cube","from":[13.116473,22.663273,6.9796677],"to":[15.516473,25.663273,9.379667],"rotation":{"angle":0.0,"axis":"x","origin":[25.716473,10.063274,8.179667]},"faces":{"down":{"uv":[6.6175,6.8825,6.1325,7.3675],"rotation":0,"texture":"#1","tintindex":0},"east":{"uv":[2.7575,6.3825,3.2425,6.9925],"rotation":0,"texture":"#1","tintindex":0},"north":{"uv":[2.2575,6.3825,2.7425,6.9925],"rotation":0,"texture":"#1","tintindex":0},"south":{"uv":[6.7575,5.8825,7.2425,6.4925],"rotation":0,"texture":"#1","tintindex":0},"up":{"uv":[6.1175,7.3675,5.6325,6.8825],"rotation":0,"texture":"#1","tintindex":0},"west":{"uv":[0.0075,6.8825,0.4925,7.4925],"rotation":0,"texture":"#1","tintindex":0}}},{"name":"cube","from":[16.116474,13.663274,3.3796678],"to":[16.116474,19.663273,12.979668],"rotation":{"angle":0.0,"axis":"x","origin":[25.716473,8.863274,8.179667]},"faces":{"down":{"uv":[0.0075,0.0075,0.0075,1.9925],"rotation":0,"texture":"#1","tintindex":0},"east":{"uv":[2.5075,1.7575,4.4925,2.9925],"rotation":0,"texture":"#1","tintindex":0},"north":{"uv":[0.0075,0.0075,0.0075,1.2425],"rotation":0,"texture":"#1","tintindex":0},"south":{"uv":[0.0075,0.0075,0.0075,1.2425],"rotation":0,"texture":"#1","tintindex":0},"up":{"uv":[0.0075,1.9925,0.0075,0.0075],"rotation":0,"texture":"#1","tintindex":0},"west":{"uv":[4.4925,1.7575,2.5075,2.9925],"rotation":0,"texture":"#1","tintindex":0}}},{"name":"cube","from":[14.968468,19.434685,3.3796678],"to":[14.968468,21.834682,12.979668],"rotation":{"angle":22.5,"axis":"z","origin":[14.968468,22.434685,8.179667]},"faces":{"down":{"uv":[0.0075,0.0075,0.0075,1.9925],"rotation":0,"texture":"#1","tintindex":0},"east":{"uv":[5.5075,0.0075,7.4925,0.4925],"rotation":0,"texture":"#1","tintindex":0},"north":{"uv":[0.0075,0.0075,0.0075,0.4925],"rotation":0,"texture":"#1","tintindex":0},"south":{"uv":[0.0075,0.0075,0.0075,0.4925],"rotation":0,"texture":"#1","tintindex":0},"up":{"uv":[0.0075,1.9925,0.0075,0.0075],"rotation":0,"texture":"#1","tintindex":0},"west":{"uv":[7.4925,0.0075,5.5075,0.4925],"rotation":0,"texture":"#1","tintindex":0}}},{"name":"cube","from":[14.368468,21.834682,2.7796674],"to":[14.968468,22.434685,13.579668],"rotation":{"angle":22.5,"axis":"z","origin":[14.968468,22.434685,8.179667]},"faces":{"down":{"uv":[3.4925,6.3825,3.3825,8.6175],"rotation":0,"texture":"#1","tintindex":0},"east":{"uv":[6.7575,6.5075,8.9925,6.6175],"rotation":0,"texture":"#1","tintindex":0},"north":{"uv":[2.0075,2.8825,2.1175,2.9925],"rotation":0,"texture":"#1","tintindex":0},"south":{"uv":[2.1325,2.8825,2.2425,2.9925],"rotation":0,"texture":"#1","tintindex":0},"up":{"uv":[3.3675,8.6175,3.2575,6.3825],"rotation":0,"texture":"#1","tintindex":0},"west":{"uv":[6.8825,2.5075,9.1175,2.6175],"rotation":0,"texture":"#1","tintindex":0}}},{"name":"cube","from":[14.968468,12.691865,3.3796678],"to":[14.968468,13.891865,12.979668],"rotation":{"angle":-22.5,"axis":"z","origin":[14.968468,10.891865,7.8796678]},"faces":{"down":{"uv":[0.0075,0.0075,0.0075,1.9925],"rotation":0,"texture":"#1","tintindex":0},"east":{"uv":[5.5075,1.0075,7.4925,1.2425],"rotation":0,"texture":"#1","tintindex":0},"north":{"uv":[0.0075,0.0075,0.0075,0.4925],"rotation":0,"texture":"#1","tintindex":0},"south":{"uv":[0.0075,0.0075,0.0075,0.4925],"rotation":0,"texture":"#1","tintindex":0},"up":{"uv":[0.0075,1.9925,0.0075,0.0075],"rotation":0,"texture":"#1","tintindex":0},"west":{"uv":[7.4925,1.0075,5.5075,1.2425],"rotation":0,"texture":"#1","tintindex":0}}},{"name":"cube","from":[14.368468,12.091865,3.3796678],"to":[14.968468,12.691865,12.979668],"rotation":{"angle":-22.5,"axis":"z","origin":[14.968468,10.891865,8.179667]},"faces":{"down":{"uv":[0.7425,6.8825,0.6325,8.8675],"rotation":0,"texture":"#1","tintindex":0},"east":{"uv":[6.8825,3.6325,8.8675,3.7425],"rotation":0,"texture":"#1","tintindex":0},"north":{"uv":[2.2575,2.8825,2.3675,2.9925],"rotation":0,"texture":"#1","tintindex":0},"south":{"uv":[2.3825,2.8825,2.4925,2.9925],"rotation":0,"texture":"#1","tintindex":0},"up":{"uv":[0.6175,8.8675,0.5075,6.8825],"rotation":0,"texture":"#1","tintindex":0},"west":{"uv":[6.6325,6.8825,8.6175,6.9925],"rotation":0,"texture":"#1","tintindex":0}}},{"name":"cube","from":[2.9164724,7.663274,5.4796677],"to":[8.916472,13.063273,10.879667],"rotation":{"angle":0.0,"axis":"x","origin":[25.716473,10.063274,7.8796678]},"faces":{"down":{"uv":[6.2425,4.1325,5.0075,5.2425],"rotation":0,"texture":"#1","tintindex":0},"east":{"uv":[1.2575,5.2575,2.3675,6.3675],"rotation":0,"texture":"#1","tintindex":0},"north":{"uv":[3.7575,4.1325,4.9925,5.2425],"rotation":0,"texture":"#1","tintindex":0},"south":{"uv":[4.9925,4.1325,3.7575,5.2425],"rotation":0,"texture":"#1","tintindex":0},"up":{"uv":[1.2425,6.1175,0.0075,5.0075],"rotation":0,"texture":"#1","tintindex":0},"west":{"uv":[2.3825,5.2575,3.4925,6.3675],"rotation":0,"texture":"#1","tintindex":0}}},{"name":"cube","from":[6.128604,9.932766,6.6796675],"to":[9.728604,11.732765,9.679668],"rotation":{"angle":-45.0,"axis":"z","origin":[9.128605,9.032765,8.179667]},"faces":{"down":{"uv":[2.2425,6.3825,1.5075,6.9925],"rotation":0,"texture":"#1","tintindex":0},"east":{"uv":[7.0075,4.2575,7.6175,4.6175],"rotation":0,"texture":"#1","tintindex":0},"north":{"uv":[6.8825,2.6325,7.6175,2.9925],"rotation":0,"texture":"#1","tintindex":0},"south":{"uv":[6.8825,3.0075,7.6175,3.3675],"rotation":0,"texture":"#1","tintindex":0},"up":{"uv":[1.4925,6.9925,0.7575,6.3825],"rotation":0,"texture":"#1","tintindex":0},"west":{"uv":[7.0075,4.6325,7.6175,4.9925],"rotation":0,"texture":"#1","tintindex":0}}},{"name":"cube","from":[8.916472,10.663274,5.4796677],"to":[17.916473,11.863274,10.879667],"rotation":{"angle":0.0,"axis":"x","origin":[25.716473,10.063274,7.8796678]},"faces":{"down":{"uv":[3.7425,4.1325,1.8825,5.2425],"rotation":0,"texture":"#1","tintindex":0},"east":{"uv":[6.8825,3.3825,7.9925,3.6175],"rotation":0,"texture":"#1","tintindex":0},"north":{"uv":[4.5075,6.6325,6.3675,6.8675],"rotation":0,"texture":"#1","tintindex":0},"south":{"uv":[6.3675,6.6325,4.5075,6.8675],"rotation":0,"texture":"#1","tintindex":0},"up":{"uv":[5.7425,4.1175,3.8825,3.0075],"rotation":0,"texture":"#1","tintindex":0},"west":{"uv":[4.5075,6.8825,5.6175,7.1175],"rotation":0,"texture":"#1","tintindex":0}}},{"name":"cube","from":[20.127522,9.796784,7.579668],"to":[24.927525,10.996783,8.779668],"rotation":{"angle":22.5,"axis":"z","origin":[20.727524,7.996784,7.8796678]},"faces":{"down":{"uv":[7.9925,4.0075,7.0075,4.2425],"rotation":0,"texture":"#1","tintindex":0},"east":{"uv":[1.2575,5.0075,1.4925,5.2425],"rotation":0,"texture":"#1","tintindex":0},"north":{"uv":[0.7575,7.0075,1.7425,7.2425],"rotation":0,"texture":"#1","tintindex":0},"south":{"uv":[1.7575,7.0075,2.7425,7.2425],"rotation":0,"texture":"#1","tintindex":0},"up":{"uv":[7.9925,3.9925,7.0075,3.7575],"rotation":0,"texture":"#1","tintindex":0},"west":{"uv":[1.5075,5.0075,1.7425,5.2425],"rotation":0,"texture":"#1","tintindex":0}}}],"display":{"head":{"translation":[0.0,-6.4,0.0],"rotation":[0.0,0.0,0.0],"scale":[3.8095,3.8095,3.8095]}}}