{"textures":{"0":"pets/deadbeard_pet","1":"pets/deadbeard_petboat"},"elements":[{"name":"cube","from":[5.56806,7.8797007,5.608827],"to":[10.36806,12.679701,10.408827],"rotation":{"angle":0.0,"axis":"x","origin":[7.96806,0.6797006,7.4088273]},"faces":{"down":{"uv":[6.4925,0.0075,4.5075,1.9925],"rotation":0,"texture":"#0","tintindex":0},"east":{"uv":[2.5075,2.0075,4.4925,3.9925],"rotation":0,"texture":"#0","tintindex":0},"north":{"uv":[2.5075,0.0075,4.4925,1.9925],"rotation":0,"texture":"#0","tintindex":0},"south":{"uv":[0.0075,4.0075,1.9925,5.9925],"rotation":0,"texture":"#0","tintindex":0},"up":{"uv":[5.9925,5.9925,4.0075,4.0075],"rotation":0,"texture":"#0","tintindex":0},"west":{"uv":[4.4925,2.0075,2.5075,3.9925],"rotation":0,"texture":"#0","tintindex":0}}},{"name":"cube","from":[8.268061,8.179701,5.4888268],"to":[12.4680605,9.979701,5.4888268],"rotation":{"angle":-22.5,"axis":"z","origin":[10.36806,9.0797,5.4888268]},"faces":{"down":{"uv":[0.0075,0.0075,1.7425,0.0075],"rotation":0,"texture":"#0","tintindex":0},"east":{"uv":[0.0075,0.0075,0.0075,0.7425],"rotation":0,"texture":"#0","tintindex":0},"north":{"uv":[9.9925,4.5075,8.2575,5.2425],"rotation":0,"texture":"#0","tintindex":0},"south":{"uv":[8.2575,4.5075,9.9925,5.2425],"rotation":0,"texture":"#0","tintindex":0},"up":{"uv":[0.0075,0.0075,1.7425,0.0075],"rotation":0,"texture":"#0","tintindex":0},"west":{"uv":[0.0075,0.0075,0.0075,0.7425],"rotation":0,"texture":"#0","tintindex":0}}},{"name":"cube","from":[3.76806,8.179701,5.4888268],"to":[7.96806,9.979701,5.4888268],"rotation":{"angle":22.5,"axis":"z","origin":[5.86806,9.0797,5.4888268]},"faces":{"down":{"uv":[1.7425,0.0075,0.0075,0.0075],"rotation":0,"texture":"#0","tintindex":0},"east":{"uv":[0.0075,0.0075,0.0075,0.7425],"rotation":0,"texture":"#0","tintindex":0},"north":{"uv":[8.2575,4.5075,9.9925,5.2425],"rotation":0,"texture":"#0","tintindex":0},"south":{"uv":[9.9925,4.5075,8.2575,5.2425],"rotation":0,"texture":"#0","tintindex":0},"up":{"uv":[1.7425,0.0075,0.0075,0.0075],"rotation":0,"texture":"#0","tintindex":0},"west":{"uv":[0.0075,0.0075,0.0075,0.7425],"rotation":0,"texture":"#0","tintindex":0}}},{"name":"cube","from":[5.56806,3.5389383,2.7164893],"to":[10.36806,8.338939,2.7164893],"rotation":{"angle":22.5,"axis":"x","origin":[7.96806,1.1389382,4.5164895]},"faces":{"down":{"uv":[1.9925,0.0075,0.0075,0.0075],"rotation":0,"texture":"#0","tintindex":0},"east":{"uv":[0.0075,0.0075,0.0075,1.9925],"rotation":0,"texture":"#0","tintindex":0},"north":{"uv":[4.5075,2.0075,6.4925,3.9925],"rotation":0,"texture":"#0","tintindex":0},"south":{"uv":[6.4925,2.0075,4.5075,3.9925],"rotation":0,"texture":"#0","tintindex":0},"up":{"uv":[1.9925,0.0075,0.0075,0.0075],"rotation":0,"texture":"#0","tintindex":0},"west":{"uv":[0.0075,0.0075,0.0075,1.9925],"rotation":0,"texture":"#0","tintindex":0}}},{"name":"cube","from":[7.859699,11.479701,5.098827],"to":[14.459699,15.679701,5.098827],"rotation":{"angle":-22.5,"axis":"y","origin":[9.359699,12.679701,5.098827]},"faces":{"down":{"uv":[0.0075,0.0075,2.7425,0.0075],"rotation":0,"texture":"#0","tintindex":0},"east":{"uv":[0.0075,0.0075,0.0075,1.7425],"rotation":0,"texture":"#0","tintindex":0},"north":{"uv":[14.2425,0.0075,11.5075,1.7425],"rotation":0,"texture":"#0","tintindex":0},"south":{"uv":[14.2425,1.7575,11.5075,3.4925],"rotation":0,"texture":"#0","tintindex":0},"up":{"uv":[0.0075,0.0075,2.7425,0.0075],"rotation":0,"texture":"#0","tintindex":0},"west":{"uv":[0.0075,0.0075,0.0075,1.7425],"rotation":0,"texture":"#0","tintindex":0}}},{"name":"cube","from":[1.7164215,11.479701,6.246877],"to":[8.3164215,15.679701,6.246877],"rotation":{"angle":22.5,"axis":"y","origin":[3.8164213,12.679701,6.246877]},"faces":{"down":{"uv":[2.7425,0.0075,0.0075,0.0075],"rotation":0,"texture":"#0","tintindex":0},"east":{"uv":[0.0075,0.0075,0.0075,1.7425],"rotation":0,"texture":"#0","tintindex":0},"north":{"uv":[11.5075,0.0075,14.2425,1.7425],"rotation":0,"texture":"#0","tintindex":0},"south":{"uv":[11.5075,1.7575,14.2425,3.4925],"rotation":0,"texture":"#0","tintindex":0},"up":{"uv":[2.7425,0.0075,0.0075,0.0075],"rotation":0,"texture":"#0","tintindex":0},"west":{"uv":[0.0075,0.0075,0.0075,1.7425],"rotation":0,"texture":"#0","tintindex":0}}},{"name":"cube","from":[5.08806,11.479701,5.098827],"to":[8.08806,13.279701,7.498827],"rotation":{"angle":22.5,"axis":"y","origin":[6.5880604,12.679701,5.098827]},"faces":{"down":{"uv":[9.2425,8.7575,8.0075,9.7425],"rotation":0,"texture":"#0","tintindex":0},"east":{"uv":[10.0075,7.0075,10.9925,7.7425],"rotation":0,"texture":"#0","tintindex":0},"north":{"uv":[5.2575,9.2575,6.4925,9.9925],"rotation":0,"texture":"#0","tintindex":0},"south":{"uv":[9.2575,8.7575,10.4925,9.4925],"rotation":0,"texture":"#0","tintindex":0},"up":{"uv":[9.9925,0.9925,8.7575,0.0075],"rotation":0,"texture":"#0","tintindex":0},"west":{"uv":[10.0075,9.5075,10.9925,10.2425],"rotation":0,"texture":"#0","tintindex":0}}},{"name":"cube","from":[5.0822406,11.479701,5.732852],"to":[10.782241,13.279701,10.532852],"rotation":{"angle":0.0,"axis":"x","origin":[6.582241,12.679701,5.732852]},"faces":{"down":{"uv":[2.4925,2.0075,0.0075,3.9925],"rotation":0,"texture":"#0","tintindex":0},"east":{"uv":[0.0075,8.0075,1.9925,8.7425],"rotation":0,"texture":"#0","tintindex":0},"north":{"uv":[8.0075,5.5075,10.4925,6.2425],"rotation":0,"texture":"#0","tintindex":0},"south":{"uv":[8.0075,6.2575,10.4925,6.9925],"rotation":0,"texture":"#0","tintindex":0},"up":{"uv":[2.4925,1.9925,0.0075,0.0075],"rotation":0,"texture":"#0","tintindex":0},"west":{"uv":[8.0075,7.0075,9.9925,7.7425],"rotation":0,"texture":"#0","tintindex":0}}},{"name":"cube","from":[7.859699,11.479701,5.098827],"to":[10.859699,13.279701,7.498827],"rotation":{"angle":-22.5,"axis":"y","origin":[9.359699,12.679701,5.098827]},"faces":{"down":{"uv":[8.0075,8.7575,9.2425,9.7425],"rotation":0,"texture":"#0","tintindex":0},"east":{"uv":[10.9925,9.5075,10.0075,10.2425],"rotation":0,"texture":"#0","tintindex":0},"north":{"uv":[6.4925,9.2575,5.2575,9.9925],"rotation":0,"texture":"#0","tintindex":0},"south":{"uv":[10.4925,8.7575,9.2575,9.4925],"rotation":0,"texture":"#0","tintindex":0},"up":{"uv":[8.7575,0.9925,9.9925,0.0075],"rotation":0,"texture":"#0","tintindex":0},"west":{"uv":[10.9925,7.0075,10.0075,7.7425],"rotation":0,"texture":"#0","tintindex":0}}}],"display":{"head":{"translation":[0.0,-6.4,0.0],"rotation":[0.0,0.0,0.0],"scale":[3.8095,3.8095,3.8095]}}}