{"textures":{"0":"pets/deadbeard_pet","1":"pets/deadbeard_petboat"},"elements":[{"name":"cube","from":[6.8,6.2,7.1],"to":[8.0,8.6,8.9],"rotation":{"angle":0.0,"axis":"x","origin":[8.6,5.0,7.1]},"faces":{"down":{"uv":[10.9925,5.5075,10.5075,6.2425],"rotation":0,"texture":"#0","tintindex":0},"east":{"uv":[9.5075,7.7575,10.2425,8.7425],"rotation":0,"texture":"#0","tintindex":0},"north":{"uv":[8.7575,9.7575,9.2425,10.7425],"rotation":0,"texture":"#0","tintindex":0},"south":{"uv":[6.0075,10.0075,6.4925,10.9925],"rotation":0,"texture":"#0","tintindex":0},"up":{"uv":[4.2425,11.2425,3.7575,10.5075],"rotation":0,"texture":"#0","tintindex":0},"west":{"uv":[9.2575,9.5075,9.9925,10.4925],"rotation":0,"texture":"#0","tintindex":0}}},{"name":"cube","from":[7.1,5.0,7.7],"to":[7.7,6.2,8.3],"rotation":{"angle":0.0,"axis":"x","origin":[8.6,5.0,7.1]},"faces":{"down":{"uv":[6.7425,9.2575,6.5075,9.4925],"rotation":0,"texture":"#0","tintindex":0},"east":{"uv":[9.7575,10.5075,9.9925,10.9925],"rotation":0,"texture":"#0","tintindex":0},"north":{"uv":[1.0075,9.7575,1.2425,10.2425],"rotation":0,"texture":"#0","tintindex":0},"south":{"uv":[8.2575,10.7575,8.4925,11.2425],"rotation":0,"texture":"#0","tintindex":0},"up":{"uv":[4.9925,9.2425,4.7575,9.0075],"rotation":0,"texture":"#0","tintindex":0},"west":{"uv":[10.7575,8.2575,10.9925,8.7425],"rotation":0,"texture":"#0","tintindex":0}}}],"display":{"head":{"translation":[0.0,-6.4,0.0],"rotation":[0.0,0.0,0.0],"scale":[3.8095,3.8095,3.8095]}}}