{"textures":{"0":"pets/deadbeard_pet","1":"pets/deadbeard_petboat"},"elements":[{"name":"cube","from":[6.8,6.166723,6.680421],"to":[8.0,8.566723,9.080421],"rotation":{"angle":0.0,"axis":"x","origin":[10.4,1.3667226,7.280421]},"faces":{"down":{"uv":[10.7425,7.7575,10.2575,8.7425],"rotation":0,"texture":"#0","tintindex":0},"east":{"uv":[9.2575,1.0075,10.2425,1.9925],"rotation":0,"texture":"#0","tintindex":0},"north":{"uv":[10.2575,3.0075,10.7425,3.9925],"rotation":0,"texture":"#0","tintindex":0},"south":{"uv":[4.2575,10.2575,4.7425,11.2425],"rotation":0,"texture":"#0","tintindex":0},"up":{"uv":[5.2425,11.2425,4.7575,10.2575],"rotation":0,"texture":"#0","tintindex":0},"west":{"uv":[9.2575,2.0075,10.2425,2.9925],"rotation":0,"texture":"#0","tintindex":0}}},{"name":"cube","from":[6.35,4.328393,5.9567122],"to":[8.15,6.728393,8.356712],"rotation":{"angle":22.5,"axis":"x","origin":[7.4,4.628393,7.306712]},"faces":{"down":{"uv":[5.9925,10.0075,5.2575,10.9925],"rotation":0,"texture":"#0","tintindex":0},"east":{"uv":[9.2575,3.0075,10.2425,3.9925],"rotation":0,"texture":"#0","tintindex":0},"north":{"uv":[8.0075,9.7575,8.7425,10.7425],"rotation":0,"texture":"#0","tintindex":0},"south":{"uv":[10.0075,0.0075,10.7425,0.9925],"rotation":0,"texture":"#0","tintindex":0},"up":{"uv":[10.7425,5.4925,10.0075,4.5075],"rotation":0,"texture":"#0","tintindex":0},"west":{"uv":[4.2575,9.2575,5.2425,10.2425],"rotation":0,"texture":"#0","tintindex":0}}},{"name":"cube","from":[6.6499996,3.128393,6.556712],"to":[7.85,4.328393,8.356712],"rotation":{"angle":22.5,"axis":"x","origin":[7.4,4.628393,7.306712]},"faces":{"down":{"uv":[10.9925,10.2575,10.5075,10.9925],"rotation":0,"texture":"#0","tintindex":0},"east":{"uv":[7.0075,10.5075,7.7425,10.9925],"rotation":0,"texture":"#0","tintindex":0},"north":{"uv":[6.0075,5.5075,6.4925,5.9925],"rotation":0,"texture":"#0","tintindex":0},"south":{"uv":[8.7575,1.0075,9.2425,1.4925],"rotation":0,"texture":"#0","tintindex":0},"up":{"uv":[9.7425,11.2425,9.2575,10.5075],"rotation":0,"texture":"#0","tintindex":0},"west":{"uv":[10.5075,8.7575,11.2425,9.2425],"rotation":0,"texture":"#0","tintindex":0}}}],"display":{"head":{"translation":[0.0,-6.4,0.0],"rotation":[0.0,0.0,0.0],"scale":[3.8095,3.8095,3.8095]}}}