{"textures":{"0":"pets/deadbeard_pet","1":"pets/deadbeard_petboat"},"elements":[{"name":"cube","from":[8.0,6.166723,6.680421],"to":[9.2,8.566723,9.080421],"rotation":{"angle":0.0,"axis":"x","origin":[5.6,1.3667226,7.280421]},"faces":{"down":{"uv":[10.2575,7.7575,10.7425,8.7425],"rotation":0,"texture":"#0","tintindex":0},"east":{"uv":[10.2425,2.0075,9.2575,2.9925],"rotation":0,"texture":"#0","tintindex":0},"north":{"uv":[10.7425,3.0075,10.2575,3.9925],"rotation":0,"texture":"#0","tintindex":0},"south":{"uv":[4.7425,10.2575,4.2575,11.2425],"rotation":0,"texture":"#0","tintindex":0},"up":{"uv":[4.7575,11.2425,5.2425,10.2575],"rotation":0,"texture":"#0","tintindex":0},"west":{"uv":[10.2425,1.0075,9.2575,1.9925],"rotation":0,"texture":"#0","tintindex":0}}},{"name":"cube","from":[7.85,4.328393,5.9567122],"to":[9.65,6.728393,8.356712],"rotation":{"angle":22.5,"axis":"x","origin":[8.6,4.628393,7.306712]},"faces":{"down":{"uv":[5.2575,10.0075,5.9925,10.9925],"rotation":0,"texture":"#0","tintindex":0},"east":{"uv":[5.2425,9.2575,4.2575,10.2425],"rotation":0,"texture":"#0","tintindex":0},"north":{"uv":[8.7425,9.7575,8.0075,10.7425],"rotation":0,"texture":"#0","tintindex":0},"south":{"uv":[10.7425,0.0075,10.0075,0.9925],"rotation":0,"texture":"#0","tintindex":0},"up":{"uv":[10.0075,5.4925,10.7425,4.5075],"rotation":0,"texture":"#0","tintindex":0},"west":{"uv":[10.2425,3.0075,9.2575,3.9925],"rotation":0,"texture":"#0","tintindex":0}}},{"name":"cube","from":[8.15,3.128393,6.556712],"to":[9.35,4.328393,8.356712],"rotation":{"angle":22.5,"axis":"x","origin":[11.0,4.628393,7.306712]},"faces":{"down":{"uv":[10.7575,4.5075,11.2425,5.2425],"rotation":0,"texture":"#0","tintindex":0},"east":{"uv":[11.4925,0.5075,10.7575,0.9925],"rotation":0,"texture":"#0","tintindex":0},"north":{"uv":[8.2425,10.7575,7.7575,11.2425],"rotation":0,"texture":"#0","tintindex":0},"south":{"uv":[11.2425,7.7575,10.7575,8.2425],"rotation":0,"texture":"#0","tintindex":0},"up":{"uv":[10.7575,3.7425,11.2425,3.0075],"rotation":0,"texture":"#0","tintindex":0},"west":{"uv":[11.4925,0.0075,10.7575,0.4925],"rotation":0,"texture":"#0","tintindex":0}}},{"name":"cube","from":[8.75,-0.47160602,5.3567123],"to":[8.75,3.128393,8.956713],"rotation":{"angle":22.5,"axis":"x","origin":[11.0,4.628393,7.306712]},"faces":{"down":{"uv":[0.0075,0.0075,0.0075,1.4925],"rotation":0,"texture":"#0","tintindex":0},"east":{"uv":[2.0075,7.5075,3.4925,8.9925],"rotation":0,"texture":"#0","tintindex":0},"north":{"uv":[0.0075,0.0075,0.0075,1.4925],"rotation":0,"texture":"#0","tintindex":0},"south":{"uv":[0.0075,0.0075,0.0075,1.4925],"rotation":0,"texture":"#0","tintindex":0},"up":{"uv":[0.0075,1.4925,0.0075,0.0075],"rotation":0,"texture":"#0","tintindex":0},"west":{"uv":[3.4925,7.5075,2.0075,8.9925],"rotation":0,"texture":"#0","tintindex":0}}}],"display":{"head":{"translation":[0.0,-6.4,0.0],"rotation":[0.0,0.0,0.0],"scale":[3.8095,3.8095,3.8095]}}}