{"textures":{"0":"pets/deadbeard_pet","1":"pets/deadbeard_petboat"},"elements":[{"name":"cube","from":[7.9216843,4.544406,7.1580963],"to":[9.121684,8.144406,8.9580965],"rotation":{"angle":0.0,"axis":"x","origin":[6.7216845,4.544406,7.1580963]},"faces":{"down":{"uv":[6.9925,10.5075,6.5075,11.2425],"rotation":0,"texture":"#0","tintindex":0},"east":{"uv":[1.2575,8.7575,1.9925,10.2425],"rotation":0,"texture":"#0","tintindex":0},"north":{"uv":[0.0075,9.7575,0.4925,11.2425],"rotation":0,"texture":"#0","tintindex":0},"south":{"uv":[0.5075,9.7575,0.9925,11.2425],"rotation":0,"texture":"#0","tintindex":0},"up":{"uv":[10.9925,6.9925,10.5075,6.2575],"rotation":0,"texture":"#0","tintindex":0},"west":{"uv":[2.0075,9.0075,2.7425,10.4925],"rotation":0,"texture":"#0","tintindex":0}}},{"name":"cube","from":[7.9216843,4.544406,6.5580964],"to":[9.121684,5.144406,7.1580963],"rotation":{"angle":0.0,"axis":"x","origin":[6.7216845,4.544406,7.1580963]},"faces":{"down":{"uv":[11.4925,1.0075,11.0075,1.2425],"rotation":0,"texture":"#0","tintindex":0},"east":{"uv":[1.7575,10.2575,1.9925,10.4925],"rotation":0,"texture":"#0","tintindex":0},"north":{"uv":[4.2575,9.0075,4.7425,9.2425],"rotation":0,"texture":"#0","tintindex":0},"south":{"uv":[9.5075,5.2575,9.9925,5.4925],"rotation":0,"texture":"#0","tintindex":0},"up":{"uv":[8.9925,10.9925,8.5075,10.7575],"rotation":0,"texture":"#0","tintindex":0},"west":{"uv":[7.7575,10.5075,7.9925,10.7425],"rotation":0,"texture":"#0","tintindex":0}}}],"display":{"head":{"translation":[0.0,-6.4,0.0],"rotation":[0.0,0.0,0.0],"scale":[3.8095,3.8095,3.8095]}}}