{"textures":{"0":"pets/bulbfungi"},"elements":[{"name":"cube","from":[7.4,6.2,7.4],"to":[8.6,8.0,9.2],"rotation":{"angle":0.0,"axis":"x","origin":[9.8,11.6,8.0]},"faces":{"down":{"uv":[10.5,3.25,10.0,4.0],"rotation":0,"texture":"#0","tintindex":0},"east":{"uv":[4.75,9.5,5.5,10.25],"rotation":0,"texture":"#0","tintindex":0},"north":{"uv":[1.5,10.0,2.0,10.75],"rotation":0,"texture":"#0","tintindex":0},"south":{"uv":[10.0,1.75,10.5,2.5],"rotation":0,"texture":"#0","tintindex":0},"up":{"uv":[10.5,3.25,10.0,2.5],"rotation":0,"texture":"#0","tintindex":0},"west":{"uv":[5.5,9.5,6.25,10.25],"rotation":0,"texture":"#0","tintindex":0}}}],"display":{"head":{"translation":[0.0,-6.4,0.0],"rotation":[0.0,0.0,0.0],"scale":[3.8095,3.8095,3.8095]}}}