{"textures":{"0":"pets/bulbfungi"},"elements":[{"name":"cube","from":[7.4,5.0,7.1],"to":[8.6,8.0,8.9],"rotation":{"angle":0.0,"axis":"x","origin":[12.2,9.2,7.7]},"faces":{"down":{"uv":[10.5,1.0,10.0,1.75],"rotation":0,"texture":"#0","tintindex":0},"east":{"uv":[0.0,8.25,0.75,9.5],"rotation":0,"texture":"#0","tintindex":0},"north":{"uv":[3.0,9.0,3.5,10.25],"rotation":0,"texture":"#0","tintindex":0},"south":{"uv":[3.5,9.0,4.0,10.25],"rotation":0,"texture":"#0","tintindex":0},"up":{"uv":[10.25,10.5,9.75,9.75],"rotation":0,"texture":"#0","tintindex":0},"west":{"uv":[0.75,8.25,1.5,9.5],"rotation":0,"texture":"#0","tintindex":0}}}],"display":{"head":{"translation":[0.0,-6.4,0.0],"rotation":[0.0,0.0,0.0],"scale":[3.8095,3.8095,3.8095]}}}