{"textures":{"0":"pets/bulbfungi"},"elements":[{"name":"cube","from":[7.4,5.0,7.1],"to":[8.6,8.0,8.9],"rotation":{"angle":0.0,"axis":"x","origin":[3.7999997,9.2,7.7]},"faces":{"down":{"uv":[6.75,9.5,6.25,10.25],"rotation":0,"texture":"#0","tintindex":0},"east":{"uv":[7.75,5.75,8.5,7.0],"rotation":0,"texture":"#0","tintindex":0},"north":{"uv":[2.0,9.0,2.5,10.25],"rotation":0,"texture":"#0","tintindex":0},"south":{"uv":[2.5,9.0,3.0,10.25],"rotation":0,"texture":"#0","tintindex":0},"up":{"uv":[3.0,5.75,2.5,5.0],"rotation":0,"texture":"#0","tintindex":0},"west":{"uv":[7.75,7.0,8.5,8.25],"rotation":0,"texture":"#0","tintindex":0}}}],"display":{"head":{"translation":[0.0,-6.4,0.0],"rotation":[0.0,0.0,0.0],"scale":[3.8095,3.8095,3.8095]}}}