{"textures":{"0":"pets/bulbfungi"},"elements":[{"name":"cube","from":[7.4,6.2,7.4],"to":[8.6,8.0,9.2],"rotation":{"angle":0.0,"axis":"x","origin":[6.2,11.6,8.0]},"faces":{"down":{"uv":[9.75,9.75,9.25,10.5],"rotation":0,"texture":"#0","tintindex":0},"east":{"uv":[9.25,9.0,10.0,9.75],"rotation":0,"texture":"#0","tintindex":0},"north":{"uv":[6.75,9.75,7.25,10.5],"rotation":0,"texture":"#0","tintindex":0},"south":{"uv":[7.25,9.75,7.75,10.5],"rotation":0,"texture":"#0","tintindex":0},"up":{"uv":[9.25,10.5,8.75,9.75],"rotation":0,"texture":"#0","tintindex":0},"west":{"uv":[0.0,9.5,0.75,10.25],"rotation":0,"texture":"#0","tintindex":0}}}],"display":{"head":{"translation":[0.0,-6.4,0.0],"rotation":[0.0,0.0,0.0],"scale":[3.8095,3.8095,3.8095]}}}