{"textures":{"0":"pets/bulbfungi"},"elements":[{"name":"cube","from":[8.763672,7.3662806,8.514364],"to":[9.963673,12.766281,9.714365],"rotation":{"angle":0.0,"axis":"x","origin":[8.163672,1.9662803,9.114365]},"faces":{"down":{"uv":[7.0,3.5,6.5,4.0],"rotation":0,"texture":"#0","tintindex":0},"east":{"uv":[4.5,7.25,5.0,9.5],"rotation":0,"texture":"#0","tintindex":0},"north":{"uv":[4.0,7.25,4.5,9.5],"rotation":0,"texture":"#0","tintindex":0},"south":{"uv":[7.25,4.75,7.75,7.0],"rotation":0,"texture":"#0","tintindex":0},"up":{"uv":[6.5,4.0,6.0,3.5],"rotation":0,"texture":"#0","tintindex":0},"west":{"uv":[5.0,7.25,5.5,9.5],"rotation":0,"texture":"#0","tintindex":0}}},{"name":"cube","from":[6.3636723,6.76628,8.364365],"to":[7.563672,7.9662805,9.564364],"rotation":{"angle":0.0,"axis":"x","origin":[8.163672,1.9662803,9.114365]},"faces":{"down":{"uv":[7.0,3.5,6.5,4.0],"rotation":0,"texture":"#0","tintindex":0},"east":{"uv":[4.5,7.25,5.0,7.75],"rotation":0,"texture":"#0","tintindex":0},"north":{"uv":[4.0,7.25,4.5,7.75],"rotation":0,"texture":"#0","tintindex":0},"south":{"uv":[7.25,4.75,7.75,5.25],"rotation":0,"texture":"#0","tintindex":0},"up":{"uv":[6.5,4.0,6.0,3.5],"rotation":0,"texture":"#0","tintindex":0},"west":{"uv":[5.0,7.25,5.5,7.75],"rotation":0,"texture":"#0","tintindex":0}}},{"name":"cube","from":[7.890904,12.353981,8.514364],"to":[9.090904,17.15398,9.714365],"rotation":{"angle":22.5,"axis":"z","origin":[8.490904,14.753981,9.114365]},"faces":{"down":{"uv":[10.5,4.0,10.0,4.5],"rotation":0,"texture":"#0","tintindex":0},"east":{"uv":[5.5,7.5,6.0,9.5],"rotation":0,"texture":"#0","tintindex":0},"north":{"uv":[7.25,7.0,7.75,9.0],"rotation":0,"texture":"#0","tintindex":0},"south":{"uv":[6.0,7.5,6.5,9.5],"rotation":0,"texture":"#0","tintindex":0},"up":{"uv":[8.25,3.5,7.75,3.0],"rotation":0,"texture":"#0","tintindex":0},"west":{"uv":[6.5,7.5,7.0,9.5],"rotation":0,"texture":"#0","tintindex":0}}},{"name":"cube","from":[6.6909037,6.9539814,4.9143643],"to":[7.890904,11.153982,6.1143646],"rotation":{"angle":-22.5,"axis":"x","origin":[4.290904,11.153982,6.714364]},"faces":{"down":{"uv":[10.5,5.0,10.0,5.5],"rotation":0,"texture":"#0","tintindex":0},"east":{"uv":[8.25,3.0,8.75,4.75],"rotation":0,"texture":"#0","tintindex":0},"north":{"uv":[1.5,8.25,2.0,10.0],"rotation":0,"texture":"#0","tintindex":0},"south":{"uv":[7.75,8.25,8.25,10.0],"rotation":0,"texture":"#0","tintindex":0},"up":{"uv":[10.5,5.0,10.0,4.5],"rotation":0,"texture":"#0","tintindex":0},"west":{"uv":[8.25,8.25,8.75,10.0],"rotation":0,"texture":"#0","tintindex":0}}},{"name":"cube","from":[6.6909037,10.465151,5.051381],"to":[7.890904,14.065151,6.251381],"rotation":{"angle":0.0,"axis":"x","origin":[4.290904,14.065151,6.8513813]},"faces":{"down":{"uv":[8.75,10.0,8.25,10.5],"rotation":0,"texture":"#0","tintindex":0},"east":{"uv":[8.75,2.5,9.25,4.0],"rotation":0,"texture":"#0","tintindex":0},"north":{"uv":[8.75,1.0,9.25,2.5],"rotation":0,"texture":"#0","tintindex":0},"south":{"uv":[8.75,4.0,9.25,5.5],"rotation":0,"texture":"#0","tintindex":0},"up":{"uv":[8.25,10.5,7.75,10.0],"rotation":0,"texture":"#0","tintindex":0},"west":{"uv":[8.75,8.25,9.25,9.75],"rotation":0,"texture":"#0","tintindex":0}}},{"name":"cube","from":[5.1909037,14.065151,3.551381],"to":[9.390903,15.265152,7.7513814],"rotation":{"angle":0.0,"axis":"x","origin":[4.290904,14.065151,6.8513813]},"faces":{"down":{"uv":[7.25,5.75,5.5,7.5],"rotation":0,"texture":"#0","tintindex":0},"east":{"uv":[8.5,5.75,10.25,6.25],"rotation":0,"texture":"#0","tintindex":0},"north":{"uv":[2.0,8.5,3.75,9.0],"rotation":0,"texture":"#0","tintindex":0},"south":{"uv":[8.5,6.25,10.25,6.75],"rotation":0,"texture":"#0","tintindex":0},"up":{"uv":[7.25,5.75,5.5,4.0],"rotation":0,"texture":"#0","tintindex":0},"west":{"uv":[8.5,6.75,10.25,7.25],"rotation":0,"texture":"#0","tintindex":0}}},{"name":"cube","from":[6.090904,15.265152,4.451381],"to":[8.490904,18.265152,6.8513813],"rotation":{"angle":0.0,"axis":"x","origin":[4.290904,14.065151,6.8513813]},"faces":{"down":{"uv":[8.75,1.0,7.75,2.0],"rotation":0,"texture":"#0","tintindex":0},"east":{"uv":[3.5,6.0,4.5,7.25],"rotation":0,"texture":"#0","tintindex":0},"north":{"uv":[2.5,6.0,3.5,7.25],"rotation":0,"texture":"#0","tintindex":0},"south":{"uv":[4.5,6.0,5.5,7.25],"rotation":0,"texture":"#0","tintindex":0},"up":{"uv":[8.75,1.0,7.75,0.0],"rotation":0,"texture":"#0","tintindex":0},"west":{"uv":[0.0,7.0,1.0,8.25],"rotation":0,"texture":"#0","tintindex":0}}},{"name":"cube","from":[6.090904,7.915151,8.051381],"to":[7.890904,9.715151,9.851381],"rotation":{"angle":0.0,"axis":"x","origin":[4.290904,14.065151,6.8513813]},"faces":{"down":{"uv":[10.0,4.0,9.25,4.75],"rotation":0,"texture":"#0","tintindex":0},"east":{"uv":[9.25,1.0,10.0,1.75],"rotation":0,"texture":"#0","tintindex":0},"north":{"uv":[7.0,9.0,7.75,9.75],"rotation":0,"texture":"#0","tintindex":0},"south":{"uv":[9.25,1.75,10.0,2.5],"rotation":0,"texture":"#0","tintindex":0},"up":{"uv":[10.0,4.0,9.25,3.25],"rotation":0,"texture":"#0","tintindex":0},"west":{"uv":[9.25,2.5,10.0,3.25],"rotation":0,"texture":"#0","tintindex":0}}},{"name":"cube","from":[6.390904,15.265152,7.1513815],"to":[10.590904,16.465153,11.351382],"rotation":{"angle":22.5,"axis":"z","origin":[4.290904,14.065151,6.8513813]},"faces":{"down":{"uv":[7.75,1.75,6.0,3.5],"rotation":0,"texture":"#0","tintindex":0},"east":{"uv":[8.5,7.75,10.25,8.25],"rotation":0,"texture":"#0","tintindex":0},"north":{"uv":[8.5,7.25,10.25,7.75],"rotation":0,"texture":"#0","tintindex":0},"south":{"uv":[8.75,0.0,10.5,0.5],"rotation":0,"texture":"#0","tintindex":0},"up":{"uv":[7.75,1.75,6.0,0.0],"rotation":0,"texture":"#0","tintindex":0},"west":{"uv":[8.75,0.5,10.5,1.0],"rotation":0,"texture":"#0","tintindex":0}}},{"name":"cube","from":[7.290904,16.465153,8.051381],"to":[9.690905,19.465153,10.451382],"rotation":{"angle":22.5,"axis":"z","origin":[4.290904,14.065151,6.8513813]},"faces":{"down":{"uv":[8.75,4.75,7.75,5.75],"rotation":0,"texture":"#0","tintindex":0},"east":{"uv":[2.0,7.25,3.0,8.5],"rotation":0,"texture":"#0","tintindex":0},"north":{"uv":[1.0,7.0,2.0,8.25],"rotation":0,"texture":"#0","tintindex":0},"south":{"uv":[3.0,7.25,4.0,8.5],"rotation":0,"texture":"#0","tintindex":0},"up":{"uv":[8.75,3.0,7.75,2.0],"rotation":0,"texture":"#0","tintindex":0},"west":{"uv":[7.25,3.5,8.25,4.75],"rotation":0,"texture":"#0","tintindex":0}}}],"display":{"head":{"translation":[0.0,-6.4,0.0],"rotation":[0.0,0.0,0.0],"scale":[3.8095,3.8095,3.8095]}}}