{"credit":"Made with Blockbench","textures":{"0":"mineglobe/decoration/halloween_pumpkin","particle":"mineglobe/decoration/halloween_pumpkin"},"elements":[{"from":[-8,-4,-8],"to":[24,26,24],"faces":{"north":{"uv":[8,12.25,12,16],"texture":"#0"},"east":{"uv":[12,12.25,16,16],"texture":"#0"},"south":{"uv":[12,12.25,16,16],"texture":"#0"},"west":{"uv":[12,12.25,16,16],"texture":"#0"},"up":{"uv":[12,8.25,16,12.25],"texture":"#0"},"down":{"uv":[12,8.25,16,12.25],"texture":"#0"}}},{"from":[5.5,26,5.5],"to":[10.5,32,10.5],"faces":{"north":{"uv":[2.375,2.5,3,3.375],"texture":"#0"},"east":{"uv":[2.375,2.5,3,3.375],"texture":"#0"},"south":{"uv":[2.375,2.5,3,3.375],"texture":"#0"},"west":{"uv":[2.375,2.5,3,3.375],"texture":"#0"},"up":{"uv":[2.375,1.875,3,2.5],"texture":"#0"}}}],"display":{"thirdperson_righthand":{"rotation":[75,45,0],"scale":[0.2,0.2,0.2]},"thirdperson_lefthand":{"rotation":[75,45,0],"translation":[0,2.5,0],"scale":[0.2,0.2,0.2]},"firstperson_righthand":{"rotation":[0,107,0],"translation":[0,1,0],"scale":[0.2,0.2,0.2]},"firstperson_lefthand":{"rotation":[0,107,0],"translation":[0,1,0],"scale":[0.2,0.2,0.2]},"ground":{"translation":[0,3,0],"scale":[0.2,0.2,0.2]},"gui":{"rotation":[30,225,0],"translation":[0,-0.75,0],"scale":[0.3,0.3,0.3]},"head":{"translation":[0,-25,0],"scale":[1.6,1.6,1.6]},"fixed":{"translation":[16,8,1],"scale":[2,2,2]}}}