{"credit":"by w11shes","textures":{"0":"mineglobe/decoration/builder_hammer","particle":"#0"},"elements":[{"from":[7,2,7],"to":[9,13,9],"faces":{"north":{"uv":[4,0,2,11],"texture":"#0"},"east":{"uv":[2,0,4,11],"texture":"#0"},"south":{"uv":[4,0,2,11],"texture":"#0"},"west":{"uv":[2,0,4,11],"texture":"#0"},"up":{"uv":[4,15,2,13],"texture":"#0"}}},{"from":[6.5,-3,6.5],"to":[9.5,2,9.5],"faces":{"north":{"uv":[5,11,2,16],"texture":"#0"},"east":{"uv":[2,11,5,16],"texture":"#0"},"south":{"uv":[5,11,2,16],"texture":"#0"},"west":{"uv":[2,11,5,16],"texture":"#0"},"up":{"uv":[5,16,8,13],"texture":"#0"},"down":{"uv":[5,10,8,13],"texture":"#0"}}},{"from":[6.49,9,6],"to":[9.49,12,11],"faces":{"east":{"uv":[0,1,5,4],"texture":"#0"},"south":{"uv":[0,1,1,4],"texture":"#0"},"west":{"uv":[5,1,0,4],"texture":"#0"},"up":{"uv":[5,1,0,2],"rotation":90,"texture":"#0"},"down":{"uv":[0,3,5,4],"rotation":90,"texture":"#0"}}},{"from":[6,8.5,3],"to":[10,12.5,6],"faces":{"north":{"uv":[8,0,12,4],"texture":"#0"},"east":{"uv":[5,0,8,4],"texture":"#0"},"south":{"uv":[12,0,16,4],"texture":"#0"},"west":{"uv":[8,0,5,4],"texture":"#0"},"up":{"uv":[8,7,12,4],"texture":"#0"},"down":{"uv":[12,4,16,7],"texture":"#0"}}}],"gui_light":"front","display":{"thirdperson_righthand":{"rotation":[0,0,8],"translation":[-0.75,2.75,0.75]},"thirdperson_lefthand":{"translation":[-1.25,2.25,1]},"firstperson_righthand":{"rotation":[-8,-6,0],"translation":[3,5,0],"scale":[0.7,0.7,0.7]},"firstperson_lefthand":{"rotation":[-8,-6,0],"translation":[3,5,0],"scale":[0.7,0.7,0.7]},"ground":{"translation":[0,3,0],"scale":[0.5,0.5,0.5]},"gui":{"rotation":[25,-124,52],"translation":[0,2.25,0],"scale":[0.9,0.9,0.9]},"fixed":{"rotation":[0,90,0],"translation":[0,3,-1.75]}}}