{"credit":"Made with Blockbench","textures":{"0":"mineglobe/decoration/caution_tape","particle":"mineglobe/decoration/caution_tape"},"elements":[{"from":[-16,0,-16],"to":[-6,2,-6],"faces":{"north":{"uv":[0,5,5,6],"texture":"#0"},"east":{"uv":[5,5,0,6],"texture":"#0"},"south":{"uv":[0,5,5,6],"texture":"#0"},"west":{"uv":[5,5,0,6],"texture":"#0"},"up":{"uv":[0,0,5,5],"texture":"#0"},"down":{"uv":[5,0,10,5],"texture":"#0"}}},{"from":[-12.5,2,-12.5],"to":[-9.5,20,-9.5],"faces":{"north":{"uv":[14.5,0,16,9],"texture":"#0"},"east":{"uv":[16,0,14.5,9],"texture":"#0"},"south":{"uv":[14.5,0,16,9],"texture":"#0"},"west":{"uv":[16,0,14.5,9],"texture":"#0"},"up":{"uv":[16,9,14.5,10.5],"texture":"#0"}}},{"from":[-12.75,13,-12.75],"to":[-9.25,17,-9.25],"faces":{"north":{"uv":[14.5,14,16,16],"texture":"#0"},"east":{"uv":[13,14,14.5,16],"texture":"#0"},"south":{"uv":[11.5,14,13,16],"texture":"#0"},"west":{"uv":[10,14,11.5,16],"texture":"#0"}}},{"from":[-10,13,-11],"to":[22,17,-10.98],"faces":{"north":{"uv":[0,14,16,16],"texture":"#0"},"south":{"uv":[16,14,0,16],"texture":"#0"}}},{"from":[22,13,-11],"to":[32,17,-10.98],"faces":{"north":{"uv":[10,14,15,16],"texture":"#0"},"south":{"uv":[15,14,10,16],"texture":"#0"}}},{"from":[-11.02,13,0],"to":[-11,17,32],"faces":{"east":{"uv":[16,14,0,16],"texture":"#0"},"west":{"uv":[0,14,16,16],"texture":"#0"}}},{"from":[-11.02,13,-10],"to":[-11,17,0],"faces":{"east":{"uv":[15,14,10,16],"texture":"#0"},"west":{"uv":[10,14,15,16],"texture":"#0"}}}],"display":{"thirdperson_righthand":{"rotation":[30,-71,-4],"translation":[-4.75,-6,5.75],"scale":[0.3,0.3,0.3]},"thirdperson_lefthand":{"rotation":[35,91,0],"translation":[4.5,-4.5,4.5],"scale":[0.3,0.3,0.3]},"firstperson_righthand":{"rotation":[0,-45,0],"translation":[4,1.75,8],"scale":[0.4,0.4,0.4]},"firstperson_lefthand":{"rotation":[0,42,0],"translation":[4,1.75,8],"scale":[0.4,0.4,0.4]},"ground":{"translation":[4.5,3,3.75],"scale":[0.2,0.2,0.2]},"gui":{"rotation":[38,121,0],"translation":[0,1.5,0],"scale":[0.25,0.25,0.25]},"head":{"translation":[30.5,-31,30.5],"scale":[1.6,1.6,1.6]},"fixed":{"translation":[37.75,0,21.75],"scale":[2,2,2]}}}