{"credit":"Made with Blockbench","texture_size":[32,32],"textures":{"0":"mineglobe/decoration/construction_hat","particle":"mineglobe/decoration/construction_hat"},"elements":[{"from":[4,0,4],"to":[12,5,12],"faces":{"north":{"uv":[4,0,8,2.5],"texture":"#0"},"east":{"uv":[4,2.5,8,5],"texture":"#0"},"south":{"uv":[4,5,8,7.5],"texture":"#0"},"west":{"uv":[4,7.5,8,10],"texture":"#0"},"up":{"uv":[4,4,0,0],"texture":"#0"},"down":{"uv":[4,4,0,8],"texture":"#0"}}},{"from":[4,0,0],"to":[12,0,4],"faces":{"north":{"uv":[0,0,4,0],"texture":"#0"},"east":{"uv":[0,0,2,0],"texture":"#0"},"south":{"uv":[0,0,4,0],"texture":"#0"},"west":{"uv":[0,0,2,0],"texture":"#0"},"up":{"uv":[4,10,0,8],"texture":"#0"},"down":{"uv":[4,8,0,10],"texture":"#0"}}}],"display":{"thirdperson_righthand":{"translation":[0,3,1],"scale":[0.55,0.55,0.55]},"thirdperson_lefthand":{"translation":[0,3,1],"scale":[0.55,0.55,0.55]},"firstperson_righthand":{"rotation":[0,-90,25],"translation":[1.13,3.2,1.13],"scale":[0.68,0.68,0.68]},"firstperson_lefthand":{"rotation":[0,-90,25],"translation":[1.13,3.2,1.13],"scale":[0.68,0.68,0.68]},"ground":{"translation":[0,2,0],"scale":[0.5,0.5,0.5]},"gui":{"rotation":[25,-145,0],"translation":[0,5,0]},"head":{"translation":[0,15,0],"scale":[1.85,1.6,1.85]},"fixed":{"translation":[0,5,0]}},"groups":[{"name":"group","origin":[0,0,0],"color":0,"children":[0,1]}]}