{"credit":"Made with Blockbench","textures":{"0":"mineglobe/decoration/grave_stone","particle":"mineglobe/decoration/grave_stone"},"elements":[{"from":[2,4,5],"to":[14,19,11],"faces":{"north":{"uv":[10,8.5,16,16],"texture":"#0"},"east":{"uv":[7,8.5,10,16],"texture":"#0"},"south":{"uv":[10,8.5,16,16],"texture":"#0"},"west":{"uv":[7,8.5,10,16],"texture":"#0"},"up":{"uv":[0,13,6,16],"texture":"#0"}}},{"from":[5.35,12,4.95],"to":[10.35,14.5,5.05],"faces":{"north":{"uv":[0,8,5.5,11],"texture":"#0"}}},{"from":[4,19,5],"to":[12,22,11],"faces":{"north":{"uv":[11,7,15,8.5],"texture":"#0"},"east":{"uv":[8,7,11,8.5],"texture":"#0"},"south":{"uv":[11,7,15,8.5],"texture":"#0"},"west":{"uv":[8,7,11,8.5],"texture":"#0"},"up":{"uv":[11,4,15,7],"texture":"#0"}}},{"from":[0,0,3],"to":[16,4,13],"faces":{"north":{"uv":[0,5,8,7],"texture":"#0"},"east":{"uv":[8,0,13,2],"texture":"#0"},"south":{"uv":[0,5,8,7],"texture":"#0"},"west":{"uv":[8,0,13,2],"texture":"#0"},"up":{"uv":[0,0,8,5],"texture":"#0"},"down":{"uv":[8,0,0,5],"texture":"#0"}}}],"display":{"thirdperson_righthand":{"rotation":[75,45,0],"translation":[0,2.5,0],"scale":[0.4,0.4,0.4]},"thirdperson_lefthand":{"rotation":[75,45,0],"translation":[0,2.5,0],"scale":[0.4,0.4,0.4]},"firstperson_righthand":{"rotation":[0,-51,0],"translation":[1.5,0,0],"scale":[0.4,0.4,0.4]},"firstperson_lefthand":{"rotation":[0,-51,0],"translation":[1.5,0,0],"scale":[0.4,0.4,0.4]},"ground":{"translation":[0,3,0],"scale":[0.3,0.3,0.3]},"gui":{"rotation":[30,225,0],"translation":[0,-0.75,0],"scale":[0.5,0.5,0.5]},"head":{"translation":[0,-31,0],"scale":[1.6,1.6,1.6]},"fixed":{"translation":[0,0,-16],"scale":[2,2,2]}}}