{"credit":"Made with Blockbench","texture_size":[32,32],"textures":{"2":"mineglobe/decoration/hot_chocolate","particle":"mineglobe/decoration/hot_chocolate"},"elements":[{"from":[8,0,2],"to":[13,5,7],"faces":{"north":{"uv":[0,3,2.5,5.5],"texture":"#2"},"east":{"uv":[2.5,3,5,5.5],"texture":"#2"},"south":{"uv":[5,0,7.5,2.5],"texture":"#2"},"west":{"uv":[5,2.5,7.5,5],"texture":"#2"},"up":{"uv":[7.5,7.5,5,5],"texture":"#2"},"down":{"uv":[2.5,5.5,0,8],"texture":"#2"}}},{"from":[8,5,4],"to":[13,11,4],"faces":{"north":{"uv":[0,0,2.5,3],"texture":"#2"},"east":{"uv":[0,0,0,3],"texture":"#2"},"south":{"uv":[2.5,0,0,3],"texture":"#2"},"west":{"uv":[0,0,0,3],"texture":"#2"},"up":{"uv":[2.5,0,0,0],"texture":"#2"},"down":{"uv":[2.5,0,0,0],"texture":"#2"}}},{"from":[5,0,4],"to":[8,5,4],"faces":{"north":{"uv":[2.5,5.5,4,8],"texture":"#2"},"east":{"uv":[0,0,0,2.5],"texture":"#2"},"south":{"uv":[7.5,0,9,2.5],"texture":"#2"},"west":{"uv":[0,0,0,2.5],"texture":"#2"},"up":{"uv":[1.5,0,0,0],"texture":"#2"},"down":{"uv":[1.5,0,0,0],"texture":"#2"}}}],"display":{"thirdperson_righthand":{"rotation":[75,100,0],"translation":[4.25,2.25,6.25]},"thirdperson_lefthand":{"rotation":[75,-100,0],"translation":[-4.25,2,5]},"firstperson_righthand":{"rotation":[0,45,0],"translation":[0,2.5,0],"scale":[0.4,0.4,0.4]},"firstperson_lefthand":{"rotation":[0,225,0],"translation":[0,3.25,0],"scale":[0.4,0.4,0.4]},"ground":{"translation":[0,3,0],"scale":[0.25,0.25,0.25]},"gui":{"rotation":[30,225,0],"scale":[0.625,0.625,0.625]},"fixed":{"rotation":[-90,0,0],"translation":[-4.5,6.5,-15],"scale":[2,2,2]}}}