{"credit":"Made with Blockbench","texture_size":[64,64],"textures":{"1":"mineglobe/decoration/record_player"},"elements":[{"from":[2,0,2],"to":[14,4,14],"faces":{"north":{"uv":[5.5,2.5,8.5,3.5],"texture":"#1"},"east":{"uv":[5.5,3.5,8.5,4.5],"texture":"#1"},"south":{"uv":[5.5,4.5,8.5,5.5],"texture":"#1"},"west":{"uv":[5.5,5.5,8.5,6.5],"texture":"#1"},"up":{"uv":[3,3,0,0],"texture":"#1"},"down":{"uv":[3,3,0,6],"texture":"#1"}}},{"from":[2.14645,4,13.64645],"to":[14.14645,8,13.64645],"rotation":{"angle":-45,"axis":"y","origin":[13.64645,5.5,13.64645]},"faces":{"north":{"uv":[0,6,3,7],"texture":"#1"},"east":{"uv":[0,0,0,1],"texture":"#1"},"south":{"uv":[5.5,6.5,8.5,7.5],"texture":"#1"},"west":{"uv":[0,0,0,1],"texture":"#1"},"up":{"uv":[3,0,0,0],"texture":"#1"},"down":{"uv":[3,0,0,0],"texture":"#1"}}},{"from":[3,4,3],"to":[13,5,13],"faces":{"north":{"uv":[0,7,2.5,7.25],"texture":"#1"},"east":{"uv":[0,7.25,2.5,7.5],"texture":"#1"},"south":{"uv":[0,7.5,2.5,7.75],"texture":"#1"},"west":{"uv":[2.5,7.5,5,7.75],"texture":"#1"},"up":{"uv":[5.5,2.5,3,0],"texture":"#1"},"down":{"uv":[5.5,2.5,3,5],"texture":"#1"}}},{"from":[7.5,5,7.5],"to":[8.5,6,8.5],"faces":{"north":{"uv":[2.5,7,2.75,7.25],"texture":"#1"},"east":{"uv":[2.75,7,3,7.25],"texture":"#1"},"south":{"uv":[2.5,7.25,2.75,7.5],"texture":"#1"},"west":{"uv":[2.75,7.25,3,7.5],"texture":"#1"},"up":{"uv":[0.25,8,0,7.75],"texture":"#1"},"down":{"uv":[0.5,7.75,0.25,8],"texture":"#1"}}},{"from":[3,5.2,3],"to":[13,5.2,13],"rotation":{"angle":22.5,"axis":"y","origin":[8,5.2,8]},"faces":{"north":{"uv":[0,0,2.5,0],"texture":"#1"},"east":{"uv":[0,0,2.5,0],"texture":"#1"},"south":{"uv":[0,0,2.5,0],"texture":"#1"},"west":{"uv":[0,0,2.5,0],"texture":"#1"},"up":{"uv":[5.5,7.5,3,5],"texture":"#1"},"down":{"uv":[8,0,5.5,2.5],"texture":"#1"}}},{"from":[3,3,1.8],"to":[13,4,1.8],"faces":{"north":{"uv":[5,7.5,7.5,7.75],"texture":"#1"},"east":{"uv":[0,0,0,0.25],"texture":"#1"},"south":{"uv":[7.5,7.5,10,7.75],"texture":"#1"},"west":{"uv":[0,0,0,0.25],"texture":"#1"},"up":{"uv":[2.5,0,0,0],"texture":"#1"},"down":{"uv":[2.5,0,0,0],"texture":"#1"}}}],"display":{"thirdperson_righthand":{"rotation":[75,45,0],"translation":[0,2.5,0],"scale":[0.375,0.375,0.375]},"thirdperson_lefthand":{"rotation":[75,45,0],"translation":[0,2.5,0],"scale":[0.375,0.375,0.375]},"firstperson_righthand":{"rotation":[0,45,0],"translation":[0,4,0],"scale":[0.4,0.4,0.4]},"firstperson_lefthand":{"rotation":[0,225,0],"translation":[0,2.5,0],"scale":[0.4,0.4,0.4]},"ground":{"translation":[0,3,0],"scale":[0.25,0.25,0.25]},"gui":{"rotation":[30,225,0],"scale":[0.625,0.625,0.625]},"fixed":{"translation":[0,0,-16],"scale":[2,2,2]}}}