{"credit":"Made with Blockbench","textures":{"0":"mineglobe/decoration/scarecrow","particle":"mineglobe/decoration/scarecrow"},"elements":[{"from":[7,-16,7],"to":[9,8,9],"faces":{"north":{"uv":[0,5,0.5,11.5],"texture":"#0"},"east":{"uv":[0.5,5,0,11.5],"texture":"#0"},"south":{"uv":[0,5,0.5,11.5],"texture":"#0"},"west":{"uv":[0.5,5,0,11.5],"texture":"#0"},"down":{"uv":[0,11,0.5,11.5],"texture":"#0"}}},{"from":[4,8,4],"to":[12,15,12],"faces":{"north":{"uv":[10.25,4,12.25,5.75],"texture":"#0"},"east":{"uv":[8.25,4,10.25,5.75],"texture":"#0"},"south":{"uv":[8.25,4,10.25,5.75],"texture":"#0"},"west":{"uv":[8.25,4,10.25,5.75],"texture":"#0"},"down":{"uv":[8.25,5.75,10.25,7.75],"texture":"#0"}}},{"from":[3,-7.5,5],"to":[13,6.5,11],"faces":{"north":{"uv":[4,1.5,6.5,5],"texture":"#0"},"east":{"uv":[2.25,1.5,4.25,5],"texture":"#0"},"south":{"uv":[0,1.5,2.5,5],"texture":"#0"},"west":{"uv":[2.25,1.5,4.25,5],"texture":"#0"},"up":{"uv":[4,1.5,6.5,0],"texture":"#0"}}},{"from":[13,6.5,10],"to":[3,-7.5,5],"faces":{"north":{"uv":[0,5,2.5,1.5],"texture":"#0"},"east":{"uv":[2.25,5,4.25,1.5],"texture":"#0"},"south":{"uv":[4,5,6.5,1.5],"texture":"#0"},"west":{"uv":[2.25,5,4.25,1.5],"texture":"#0"},"down":{"uv":[6.5,1.5,4,0],"texture":"#0"}}},{"from":[-4,0.5,5],"to":[3,6.5,11],"faces":{"north":{"uv":[6.5,1.5,8.25,3],"texture":"#0"},"south":{"uv":[8.25,1.5,6.5,3],"texture":"#0"},"west":{"uv":[8.25,1.5,9.75,3],"texture":"#0"},"up":{"uv":[8.25,0,6.5,1.5],"texture":"#0"},"down":{"uv":[8.25,3,6.5,4.5],"texture":"#0"}}},{"from":[3,6.5,11],"to":[-4,0.5,5],"faces":{"north":{"uv":[8.25,3,6.5,1.5],"texture":"#0"},"south":{"uv":[6.5,3,8.25,1.5],"texture":"#0"},"up":{"uv":[6.5,3,8.25,4.5],"texture":"#0"},"down":{"uv":[6.5,0,8.25,1.5],"texture":"#0"}}},{"from":[20,6.5,11],"to":[13,0.5,5],"faces":{"north":{"uv":[6.5,3,8.25,1.5],"texture":"#0"},"south":{"uv":[8.25,3,6.5,1.5],"texture":"#0"},"up":{"uv":[8.25,3,6.5,4.5],"texture":"#0"},"down":{"uv":[8.25,0,6.5,1.5],"texture":"#0"}}},{"from":[3.5,15,3.5],"to":[12.5,20,12.5],"faces":{"north":{"uv":[9.75,2.25,12,3.5],"texture":"#0"},"east":{"uv":[9.75,2.25,12,3.5],"texture":"#0"},"south":{"uv":[9.75,2.25,12,3.5],"texture":"#0"},"west":{"uv":[9.75,2.25,12,3.5],"texture":"#0"},"up":{"uv":[9.75,2.25,12,0],"texture":"#0"}}},{"from":[0,15,0],"to":[16,15.02,16],"faces":{"up":{"uv":[12,0,16,4],"texture":"#0"},"down":{"uv":[12,0,16,4],"texture":"#0"}}},{"from":[-7,4,7],"to":[7,6,9],"faces":{"north":{"uv":[0,5,4,5.5],"texture":"#0"},"south":{"uv":[4,5,0,5.5],"texture":"#0"},"west":{"uv":[4,5,4.5,5.5],"texture":"#0"},"up":{"uv":[4,5,0,5.25],"texture":"#0"},"down":{"uv":[4,5.25,0,5.5],"texture":"#0"}}},{"from":[13,0.5,5],"to":[20,6.5,11],"faces":{"north":{"uv":[8.25,1.5,6.5,3],"texture":"#0"},"east":{"uv":[9.75,1.5,8.25,3],"texture":"#0"},"south":{"uv":[6.5,1.5,8.25,3],"texture":"#0"},"up":{"uv":[6.5,0,8.25,1.5],"texture":"#0"},"down":{"uv":[6.5,3,8.25,4.5],"texture":"#0"}}},{"from":[9,4,7],"to":[23,6,9],"faces":{"north":{"uv":[4,5,0,5.5],"texture":"#0"},"east":{"uv":[4.5,5,4,5.5],"texture":"#0"},"south":{"uv":[0,5,4,5.5],"texture":"#0"},"up":{"uv":[0,5,4,5.25],"texture":"#0"},"down":{"uv":[0,5.25,4,5.5],"texture":"#0"}}},{"from":[1.5,11.5,5],"to":[4,14,6],"rotation":{"angle":22.5,"axis":"y","origin":[0,0,0]},"faces":{"north":{"uv":[12.25,4,13,4.75],"texture":"#0"},"east":{"uv":[12.75,4,13,4.75],"texture":"#0"},"south":{"uv":[12.25,4,13,4.75],"texture":"#0"},"west":{"uv":[12.75,4,13,4.75],"texture":"#0"},"up":{"uv":[12.25,4,13,4.25],"texture":"#0"},"down":{"uv":[12.25,4.5,13,4.75],"texture":"#0"}}},{"from":[10.6,11.5,-1.1],"to":[13.1,14,-0.1],"rotation":{"angle":-22.5,"axis":"y","origin":[0,0,0]},"faces":{"north":{"uv":[12.25,4,13,4.75],"texture":"#0"},"east":{"uv":[12.75,4,13,4.75],"texture":"#0"},"south":{"uv":[12.25,4,13,4.75],"texture":"#0"},"west":{"uv":[12.75,4,13,4.75],"texture":"#0"},"up":{"uv":[12.25,4,13,4.25],"texture":"#0"},"down":{"uv":[12.25,4.5,13,4.75],"texture":"#0"}}}],"display":{"thirdperson_righthand":{"rotation":[62,27,0],"translation":[-1,1.5,1],"scale":[0.4,0.4,0.4]},"thirdperson_lefthand":{"rotation":[62,27,0],"translation":[-1,1.5,1],"scale":[0.4,0.4,0.4]},"firstperson_righthand":{"rotation":[0,115,0],"translation":[2,4,0],"scale":[0.4,0.4,0.4]},"firstperson_lefthand":{"rotation":[0,115,0],"translation":[2,4,0],"scale":[0.4,0.4,0.4]},"ground":{"translation":[0,6,0],"scale":[0.3,0.3,0.3]},"gui":{"rotation":[30,225,0],"translation":[0,1.5,0],"scale":[0.4,0.4,0.4]},"head":{"rotation":[-2,0,0],"translation":[0,-6,0],"scale":[1.6,1.6,1.6]},"fixed":{"rotation":[0,23,-4],"translation":[0,30.25,-16],"scale":[2,2,2]}}}