{"credit":"Made with Blockbench","textures":{"0":"mineglobe/decoration/halloween_pumpkin","particle":"mineglobe/decoration/halloween_pumpkin"},"elements":[{"from":[2,0,2],"to":[14,10,14],"faces":{"north":{"uv":[0,6.75,1.5,8.125],"texture":"#0"},"east":{"uv":[0,5.375,1.5,6.75],"texture":"#0"},"south":{"uv":[0,5.375,1.5,6.75],"texture":"#0"},"west":{"uv":[0,5.375,1.5,6.75],"texture":"#0"},"up":{"uv":[0,3.875,1.5,5.375],"texture":"#0"},"down":{"uv":[0,3.875,1.5,5.375],"texture":"#0"}}},{"from":[6.5,10,6.5],"to":[9.5,14,9.5],"faces":{"north":{"uv":[2,2.25,2.375,2.75],"texture":"#0"},"east":{"uv":[2.375,2.25,2,2.75],"texture":"#0"},"south":{"uv":[2,2.25,2.375,2.75],"texture":"#0"},"west":{"uv":[2.375,2.25,2,2.75],"texture":"#0"},"up":{"uv":[2,1.875,2.375,2.25],"texture":"#0"}}}],"display":{"thirdperson_righthand":{"rotation":[75,45,0],"translation":[0,2.5,0],"scale":[0.4,0.4,0.4]},"thirdperson_lefthand":{"rotation":[75,45,0],"translation":[0,2.5,0],"scale":[0.4,0.4,0.4]},"firstperson_righthand":{"rotation":[0,107,0],"translation":[0,1,0],"scale":[0.4,0.4,0.4]},"firstperson_lefthand":{"rotation":[0,107,0],"translation":[0,1,0],"scale":[0.4,0.4,0.4]},"ground":{"translation":[0,3,0],"scale":[0.3,0.3,0.3]},"gui":{"rotation":[30,225,0],"scale":[0.6,0.6,0.6]},"head":{"translation":[0,-31,0],"scale":[1.6,1.6,1.6]},"fixed":{"translation":[0,0,-16],"scale":[2,2,2]}}}