{"credit":"Made with Blockbench","texture_size":[128,128],"textures":{"2":"mineglobe/decoration/stack_of_planks"},"elements":[{"from":[-6,0,-4.5],"to":[2,2,20.5],"rotation":{"angle":0,"axis":"y","origin":[-1.29289,3,6.39297]},"faces":{"north":{"uv":[5,5,6,5.25],"texture":"#2"},"east":{"uv":[5,2,8.125,2.25],"texture":"#2"},"south":{"uv":[5,5.25,6,5.5],"texture":"#2"},"west":{"uv":[5,2.25,8.125,2.5],"texture":"#2"},"up":{"uv":[1,3.125,0,0],"texture":"#2"},"down":{"uv":[2,0,1,3.125],"texture":"#2"}}},{"from":[-16,0,-4.5],"to":[-8,2,20.5],"rotation":{"angle":22.5,"axis":"y","origin":[-12,1,8]},"faces":{"north":{"uv":[5,5,6,5.25],"texture":"#2"},"east":{"uv":[5,2,8.125,2.25],"texture":"#2"},"south":{"uv":[5,5.25,6,5.5],"texture":"#2"},"west":{"uv":[5,2.25,8.125,2.5],"texture":"#2"},"up":{"uv":[1,3.125,0,0],"texture":"#2"},"down":{"uv":[2,0,1,3.125],"texture":"#2"}}},{"from":[-4,2,-1.5],"to":[4,4,23.5],"rotation":{"angle":0,"axis":"y","origin":[-1.29289,3,6.39297]},"faces":{"north":{"uv":[5,5,6,5.25],"texture":"#2"},"east":{"uv":[5,2,8.125,2.25],"texture":"#2"},"south":{"uv":[5,5.25,6,5.5],"texture":"#2"},"west":{"uv":[5,2.25,8.125,2.5],"texture":"#2"},"up":{"uv":[1,3.125,0,0],"texture":"#2"},"down":{"uv":[2,0,1,3.125],"texture":"#2"}}},{"from":[10,0,-4.5],"to":[18,2,20.5],"rotation":{"angle":0,"axis":"y","origin":[-1.29289,3,6.39297]},"faces":{"north":{"uv":[5,5,6,5.25],"texture":"#2"},"east":{"uv":[5,2,8.125,2.25],"texture":"#2"},"south":{"uv":[5,5.25,6,5.5],"texture":"#2"},"west":{"uv":[5,2.25,8.125,2.5],"texture":"#2"},"up":{"uv":[1,3.125,0,0],"texture":"#2"},"down":{"uv":[2,0,1,3.125],"texture":"#2"}}},{"from":[19,2,-4.5],"to":[27,4,20.5],"rotation":{"angle":0,"axis":"y","origin":[-1.29289,3,6.39297]},"faces":{"north":{"uv":[5,5,6,5.25],"texture":"#2"},"east":{"uv":[5,2,8.125,2.25],"texture":"#2"},"south":{"uv":[5,5.25,6,5.5],"texture":"#2"},"west":{"uv":[5,2.25,8.125,2.5],"texture":"#2"},"up":{"uv":[1,3.125,0,0],"texture":"#2"},"down":{"uv":[2,0,1,3.125],"texture":"#2"}}},{"from":[11,2,-6.5],"to":[19,4,18.5],"rotation":{"angle":0,"axis":"y","origin":[-1.29289,3,6.39297]},"faces":{"north":{"uv":[5,5,6,5.25],"texture":"#2"},"east":{"uv":[5,2,8.125,2.25],"texture":"#2"},"south":{"uv":[5,5.25,6,5.5],"texture":"#2"},"west":{"uv":[5,2.25,8.125,2.5],"texture":"#2"},"up":{"uv":[1,3.125,0,0],"texture":"#2"},"down":{"uv":[2,0,1,3.125],"texture":"#2"}}},{"from":[0.5,4,8],"to":[25.5,6,16],"rotation":{"angle":22.5,"axis":"z","origin":[13,5,12]},"faces":{"north":{"uv":[5,2,8.125,2.25],"texture":"#2"},"east":{"uv":[5,5.25,6,5.5],"texture":"#2"},"south":{"uv":[5,2.25,8.125,2.5],"texture":"#2"},"west":{"uv":[5,5,6,5.25],"texture":"#2"},"up":{"uv":[1,3.125,0,0],"rotation":270,"texture":"#2"},"down":{"uv":[2,0,1,3.125],"rotation":90,"texture":"#2"}}},{"from":[18,0,-2.5],"to":[26,2,22.5],"rotation":{"angle":0,"axis":"y","origin":[-1.29289,3,6.39297]},"faces":{"north":{"uv":[5,5,6,5.25],"texture":"#2"},"east":{"uv":[5,2,8.125,2.25],"texture":"#2"},"south":{"uv":[5,5.25,6,5.5],"texture":"#2"},"west":{"uv":[5,2.25,8.125,2.5],"texture":"#2"},"up":{"uv":[1,3.125,0,0],"texture":"#2"},"down":{"uv":[2,0,1,3.125],"texture":"#2"}}},{"from":[-15,2,-5.5],"to":[-7,4,19.5],"rotation":{"angle":0,"axis":"y","origin":[-1.29289,3,6.39297]},"faces":{"north":{"uv":[5,5,6,5.25],"texture":"#2"},"east":{"uv":[5,2,8.125,2.25],"texture":"#2"},"south":{"uv":[5,5.25,6,5.5],"texture":"#2"},"west":{"uv":[5,2.25,8.125,2.5],"texture":"#2"},"up":{"uv":[1,3.125,0,0],"texture":"#2"},"down":{"uv":[2,0,1,3.125],"texture":"#2"}}},{"from":[-10,4,-4.5],"to":[-2,6,20.5],"rotation":{"angle":22.5,"axis":"y","origin":[-1.29289,3,6.39297]},"faces":{"north":{"uv":[5,5,6,5.25],"texture":"#2"},"east":{"uv":[5,2,8.125,2.25],"texture":"#2"},"south":{"uv":[5,5.25,6,5.5],"texture":"#2"},"west":{"uv":[5,2.25,8.125,2.5],"texture":"#2"},"up":{"uv":[1,3.125,0,0],"texture":"#2"},"down":{"uv":[2,0,1,3.125],"texture":"#2"}}},{"from":[14,4,3.5],"to":[22,6,28.5],"rotation":{"angle":22.5,"axis":"y","origin":[-1.29289,3,6.39297]},"faces":{"north":{"uv":[5,5,6,5.25],"texture":"#2"},"east":{"uv":[5,2,8.125,2.25],"texture":"#2"},"south":{"uv":[5,5.25,6,5.5],"texture":"#2"},"west":{"uv":[5,2.25,8.125,2.5],"texture":"#2"},"up":{"uv":[1,3.125,0,0],"texture":"#2"},"down":{"uv":[2,0,1,3.125],"texture":"#2"}}}],"display":{"thirdperson_righthand":{"translation":[0,3,1],"scale":[0.55,0.55,0.55]},"thirdperson_lefthand":{"translation":[0,3,1],"scale":[0.55,0.55,0.55]},"firstperson_righthand":{"rotation":[0,-90,25],"translation":[1.13,3.2,1.13],"scale":[0.68,0.68,0.68]},"firstperson_lefthand":{"rotation":[0,-90,25],"translation":[1.13,3.2,1.13],"scale":[0.68,0.68,0.68]},"ground":{"translation":[0,2,0],"scale":[0.5,0.5,0.5]},"gui":{"rotation":[30,225,0],"translation":[-1.5,2.75,0],"scale":[0.45,0.45,0.45]},"head":{"rotation":[0,180,0],"translation":[0,14.25,0]},"fixed":{"translation":[42.5,0,8],"scale":[2.3,2.3,2.3]}},"groups":[{"name":"group","origin":[8,8,8],"color":0,"children":[0,1,2,3,4,5,6,7,8,9,10]}]}