{"credit":"Made with Blockbench","texture_size":[128,128],"textures":{"2":"mineglobe/decoration/stack_of_planks"},"elements":[{"from":[4,0,-4.5],"to":[12,2,20.5],"rotation":{"angle":0,"axis":"y","origin":[8.70711,3,6.39297]},"faces":{"north":{"uv":[5,5,6,5.25],"texture":"#2"},"east":{"uv":[5,2,8.125,2.25],"texture":"#2"},"south":{"uv":[5,5.25,6,5.5],"texture":"#2"},"west":{"uv":[5,2.25,8.125,2.5],"texture":"#2"},"up":{"uv":[1,3.125,0,0],"texture":"#2"},"down":{"uv":[2,0,1,3.125],"texture":"#2"}}},{"from":[-2.92923,2,-5.47069],"to":[5.07077,4,19.52931],"rotation":{"angle":45,"axis":"y","origin":[8.70711,3,6.39297]},"faces":{"north":{"uv":[5,5.5,6,5.75],"texture":"#2"},"east":{"uv":[5,2.5,8.125,2.75],"texture":"#2"},"south":{"uv":[5,5.75,6,6],"texture":"#2"},"west":{"uv":[5,2.75,8.125,3],"texture":"#2"},"up":{"uv":[3,3.125,2,0],"texture":"#2"},"down":{"uv":[4,0,3,3.125],"texture":"#2"}}},{"from":[-8.33119,0,-1.35173],"to":[-0.33119,2,23.64827],"rotation":{"angle":-22.5,"axis":"y","origin":[8.70711,3,6.39297]},"faces":{"north":{"uv":[5,6,6,6.25],"texture":"#2"},"east":{"uv":[5,3,8.125,3.25],"texture":"#2"},"south":{"uv":[6,5,7,5.25],"texture":"#2"},"west":{"uv":[5,3.25,8.125,3.5],"texture":"#2"},"up":{"uv":[1,6.25,0,3.125],"texture":"#2"},"down":{"uv":[2,3.125,1,6.25],"texture":"#2"}}},{"from":[11.08997,0,-16],"to":[19.08997,2,9],"rotation":{"angle":-45,"axis":"y","origin":[8.70711,3,6.39297]},"faces":{"north":{"uv":[6,5.25,7,5.5],"texture":"#2"},"east":{"uv":[5,3.5,8.125,3.75],"texture":"#2"},"south":{"uv":[6,5.5,7,5.75],"texture":"#2"},"west":{"uv":[5,3.75,8.125,4],"texture":"#2"},"up":{"uv":[3,6.25,2,3.125],"texture":"#2"},"down":{"uv":[4,3.125,3,6.25],"texture":"#2"}}},{"from":[8.43884,2,-10.89293],"to":[16.43884,4,14.10707],"rotation":{"angle":22.5,"axis":"y","origin":[8.70711,3,6.39297]},"faces":{"north":{"uv":[6,5.75,7,6],"texture":"#2"},"east":{"uv":[5,4,8.125,4.25],"texture":"#2"},"south":{"uv":[6,6,7,6.25],"texture":"#2"},"west":{"uv":[5,4.25,8.125,4.5],"texture":"#2"},"up":{"uv":[5,3.125,4,0],"texture":"#2"},"down":{"uv":[5,3.125,4,6.25],"texture":"#2"}}},{"from":[-7.83119,4,0.14827],"to":[17.16881,6,8.14827],"rotation":{"angle":-22.5,"axis":"y","origin":[8.70711,3,6.39297]},"faces":{"north":{"uv":[5,4.5,8.125,4.75],"texture":"#2"},"east":{"uv":[0,6.25,1,6.5],"texture":"#2"},"south":{"uv":[5,4.75,8.125,5],"texture":"#2"},"west":{"uv":[1,6.25,2,6.5],"texture":"#2"},"up":{"uv":[8.125,1,5,0],"texture":"#2"},"down":{"uv":[8.125,1,5,2],"texture":"#2"}}}],"display":{"thirdperson_lefthand":{"translation":[0,3,1],"scale":[0.55,0.55,0.55]},"firstperson_righthand":{"rotation":[0,-90,25],"translation":[1.13,3.2,1.13],"scale":[0.68,0.68,0.68]},"firstperson_lefthand":{"rotation":[0,-90,25],"translation":[1.13,3.2,1.13],"scale":[0.68,0.68,0.68]},"ground":{"translation":[0,2,0],"scale":[0.5,0.5,0.5]},"gui":{"rotation":[30,225,0],"translation":[-1.5,2.75,0],"scale":[0.45,0.45,0.45]},"head":{"rotation":[0,180,0],"translation":[0,14.25,0]},"fixed":{"rotation":[0,180,0],"translation":[0,1,-17],"scale":[2.3,2.3,2.3]}},"groups":[{"name":"group","origin":[8,8,8],"color":0,"children":[0,1,2,3,4,5]}]}