{"credit":"by w11shes","textures":{"0":"mineglobe/decoration/tape_measure","particle":"#0"},"elements":[{"from":[5,0,4],"to":[11,8,12],"faces":{"north":{"uv":[8,0,14,8],"texture":"#0"},"east":{"uv":[0,0,8,8],"texture":"#0"},"south":{"uv":[6,8,12,16],"texture":"#0"},"west":{"uv":[0,0,8,8],"texture":"#0"},"up":{"uv":[0,8,6,16],"texture":"#0"},"down":{"uv":[6,15,12,16],"texture":"#0"}}},{"from":[6,-2,2],"to":[10,1,4],"faces":{"north":{"uv":[12,10,16,13],"texture":"#0"},"up":{"uv":[12,10,16,8],"texture":"#0"}}},{"from":[10,1,4],"to":[6,-2,2],"faces":{"south":{"uv":[12,13,16,10],"texture":"#0"},"down":{"uv":[16,10,12,8],"texture":"#0"}}}],"gui_light":"front","display":{"thirdperson_righthand":{"rotation":[44,20,-4],"translation":[-1.75,0,1],"scale":[0.65,0.65,0.65]},"thirdperson_lefthand":{"rotation":[44,20,-4],"translation":[-1.75,0,1],"scale":[0.65,0.65,0.65]},"firstperson_righthand":{"rotation":[0,104,0],"translation":[3.5,4,0],"scale":[0.4,0.4,0.4]},"firstperson_lefthand":{"rotation":[0,104,0],"translation":[3.5,4,0],"scale":[0.4,0.4,0.4]},"ground":{"translation":[0,3,0],"scale":[0.5,0.5,0.5]},"gui":{"rotation":[30,225,0],"translation":[0,3,0],"scale":[0.8,0.8,0.8]},"fixed":{"rotation":[0,90,0],"translation":[0,3.5,-3.5]}}}