{"credit":"Made with Blockbench","texture_size":[64,64],"textures":{"1":"mineglobe/decoration/traffic_cone"},"elements":[{"from":[2,0,2],"to":[14,1,14],"faces":{"north":{"uv":[3,7,6,7.25],"texture":"#1"},"east":{"uv":[7,3,10,3.25],"texture":"#1"},"south":{"uv":[7,3.25,10,3.5],"texture":"#1"},"west":{"uv":[7,3.5,10,3.75],"texture":"#1"},"up":{"uv":[3,3,0,0],"texture":"#1"},"down":{"uv":[3,3,0,6],"texture":"#1"}}},{"from":[4,1,4],"to":[12,5,12],"faces":{"north":{"uv":[5,3,7,4],"texture":"#1"},"east":{"uv":[0,6,2,7],"texture":"#1"},"south":{"uv":[6,4,8,5],"texture":"#1"},"west":{"uv":[6,5,8,6],"texture":"#1"},"up":{"uv":[5,2,3,0],"texture":"#1"},"down":{"uv":[5,2,3,4],"texture":"#1"}}},{"from":[5,5,5],"to":[11,11,11],"faces":{"north":{"uv":[3,4,4.5,5.5],"texture":"#1"},"east":{"uv":[4.5,4,6,5.5],"texture":"#1"},"south":{"uv":[5,0,6.5,1.5],"texture":"#1"},"west":{"uv":[5,1.5,6.5,3],"texture":"#1"},"up":{"uv":[4.5,7,3,5.5],"texture":"#1"},"down":{"uv":[6,5.5,4.5,7],"texture":"#1"}}},{"from":[6,11,6],"to":[10,17,10],"faces":{"north":{"uv":[2,6,3,7.5],"texture":"#1"},"east":{"uv":[6,6,7,7.5],"texture":"#1"},"south":{"uv":[6.5,0,7.5,1.5],"texture":"#1"},"west":{"uv":[6.5,1.5,7.5,3],"texture":"#1"},"up":{"uv":[1,8,0,7],"texture":"#1"},"down":{"uv":[2,7,1,8],"texture":"#1"}}}],"display":{"thirdperson_righthand":{"translation":[0,3,1],"scale":[0.55,0.55,0.55]},"thirdperson_lefthand":{"translation":[0,3,1],"scale":[0.55,0.55,0.55]},"firstperson_righthand":{"rotation":[0,-90,25],"translation":[1.13,3.2,1.13],"scale":[0.68,0.68,0.68]},"firstperson_lefthand":{"rotation":[0,-90,25],"translation":[1.13,3.2,1.13],"scale":[0.68,0.68,0.68]},"ground":{"translation":[0,2,0],"scale":[0.5,0.5,0.5]},"gui":{"rotation":[30,225,0],"scale":[0.625,0.625,0.625]},"head":{"rotation":[0,180,0],"translation":[0,14.5,0]},"fixed":{"translation":[0,0,-17],"scale":[2,2,2]}},"groups":[{"name":"group","origin":[8,8,8],"color":0,"children":[0,1,2,3]}]}