{"credit":"Made with Blockbench","texture_size":[32,32],"textures":{"1":"mineglobe/decoration/vinyl_gkmc"},"elements":[{"from":[-8,0,16],"to":[24,32,16],"faces":{"north":{"uv":[0,0,16,16],"texture":"#1"},"east":{"uv":[0,0,0,16],"texture":"#1"},"south":{"uv":[0,0,16,16],"texture":"#1"},"west":{"uv":[0,0,0,16],"texture":"#1"},"up":{"uv":[0,0,16,0],"texture":"#1"},"down":{"uv":[0,0,16,0],"texture":"#1"}}}],"display":{"thirdperson_righthand":{"translation":[0,2,0],"scale":[0.25,0.25,0.25]},"thirdperson_lefthand":{"scale":[0.25,0.25,0.25]},"firstperson_righthand":{"scale":[0.25,0.25,0.25]},"firstperson_lefthand":{"scale":[0.25,0.25,0.25]},"ground":{"scale":[0.25,0.25,0.25]},"gui":{"rotation":[9.75,0,0],"translation":[0,-3.25,0],"scale":[0.5,0.5,0.5]},"head":{"scale":[0.25,0.25,0.25]},"fixed":{"translation":[0,-8,-8.25]}}}