{"textures":{"0":"pets/bulb"},"elements":[{"name":"cube","from":[7.4,6.2,7.4],"to":[8.6,8.0,9.2],"rotation":{"angle":0.0,"axis":"x","origin":[9.8,11.6,8.0]},"faces":{"down":{"uv":[6.25,8.75,6.75,9.5],"rotation":0,"texture":"#0","tintindex":0},"east":{"uv":[9.25,4.25,8.5,5.0],"rotation":0,"texture":"#0","tintindex":0},"north":{"uv":[9.0,6.5,8.5,7.25],"rotation":0,"texture":"#0","tintindex":0},"south":{"uv":[8.75,8.5,8.25,9.25],"rotation":0,"texture":"#0","tintindex":0},"up":{"uv":[8.75,0.75,9.25,0.0],"rotation":0,"texture":"#0","tintindex":0},"west":{"uv":[9.25,3.5,8.5,4.25],"rotation":0,"texture":"#0","tintindex":0}}}],"display":{"head":{"translation":[0.0,-6.4,0.0],"rotation":[0.0,0.0,0.0],"scale":[3.8095,3.8095,3.8095]}}}