{"textures":{"0":"pets/bulb"},"elements":[{"name":"cube","from":[8.0,8.65,5.01],"to":[8.0,13.45,8.01],"rotation":{"angle":0.0,"axis":"x","origin":[7.7,12.849999,2.6099997]},"faces":{"down":{"uv":[0.0,0.0,0.0,1.25],"rotation":0,"texture":"#0","tintindex":0},"east":{"uv":[8.5,4.0,7.25,6.0],"rotation":0,"texture":"#0","tintindex":0},"north":{"uv":[0.0,0.0,0.0,2.0],"rotation":0,"texture":"#0","tintindex":0},"south":{"uv":[0.0,0.0,0.0,2.0],"rotation":0,"texture":"#0","tintindex":0},"up":{"uv":[0.0,1.25,0.0,0.0],"rotation":0,"texture":"#0","tintindex":0},"west":{"uv":[7.25,4.0,8.5,6.0],"rotation":0,"texture":"#0","tintindex":0}}},{"name":"cube","from":[6.441242,10.209062,4.92538],"to":[9.441242,14.409062,4.92538],"rotation":{"angle":22.5,"axis":"x","origin":[7.7,12.849999,2.6099997]},"faces":{"down":{"uv":[1.25,0.0,0.0,0.0],"rotation":0,"texture":"#0","tintindex":0},"east":{"uv":[0.0,0.0,0.0,1.75],"rotation":0,"texture":"#0","tintindex":0},"north":{"uv":[7.25,6.0,8.5,7.75],"rotation":0,"texture":"#0","tintindex":0},"south":{"uv":[8.5,6.0,7.25,7.75],"rotation":0,"texture":"#0","tintindex":0},"up":{"uv":[1.25,0.0,0.0,0.0],"rotation":0,"texture":"#0","tintindex":0},"west":{"uv":[0.0,0.0,0.0,1.75],"rotation":0,"texture":"#0","tintindex":0}}}],"display":{"head":{"translation":[0.0,-6.4,0.0],"rotation":[0.0,0.0,0.0],"scale":[3.8095,3.8095,3.8095]}}}