{"display":{"thirdperson_righthand":{"translation":[-0.5,1,1.5]},"thirdperson_lefthand":{"translation":[0,0,0.75]},"firstperson_righthand":{"rotation":[15,0,0],"translation":[1.75,0,-2],"scale":[0.8,0.8,0.8]},"firstperson_lefthand":{"rotation":[15,0,0],"translation":[1.75,0,-2],"scale":[0.8,0.8,0.8]},"ground":{"rotation":[45,0,0],"translation":[0,1.75,0],"scale":[0.75,0.75,0.75]},"gui":{"rotation":[75,-140,60],"translation":[-1.5,-2.5,0],"scale":[0.75,0.75,0.75]},"head":{"translation":[-0.75,10,0]},"fixed":{"rotation":[0,90,-180],"translation":[-0.75,0,-2.75],"scale":[2.5,2.5,2.5]}},"texture_size":[32,32],"textures":{"0":"items/pirate_sword","particle":"items/pirate_sword"},"elements":[{"from":[7.75,2,7.75],"to":[9.25,3,9.25],"faces":{"north":{"uv":[5.5,0,6.25,0.5],"texture":"#0"},"east":{"uv":[5.5,0.5,6.25,1],"texture":"#0"},"south":{"uv":[5.5,1,6.25,1.5],"texture":"#0"},"west":{"uv":[5.5,1.5,6.25,2],"texture":"#0"},"up":{"uv":[4.75,2.75,4,2],"texture":"#0"},"down":{"uv":[3.25,4,2.5,4.75],"texture":"#0"}}},{"from":[7.5,1,7.5],"to":[9.5,2,9.5],"faces":{"north":{"uv":[4.5,0,5.5,0.5],"texture":"#0"},"east":{"uv":[4.5,0.5,5.5,1],"texture":"#0"},"south":{"uv":[4.5,1,5.5,1.5],"texture":"#0"},"west":{"uv":[4.5,1.5,5.5,2],"texture":"#0"},"up":{"uv":[4,1,3,0],"texture":"#0"},"down":{"uv":[4,1,3,2],"texture":"#0"}}},{"from":[7.875,7,7.875],"to":[9.125,8,9.125],"faces":{"north":{"uv":[6,5,6.625,5.5],"texture":"#0"},"east":{"uv":[6,5.5,6.625,6],"texture":"#0"},"south":{"uv":[6,6,6.625,6.5],"texture":"#0"},"west":{"uv":[6.5,0,7.125,0.5],"texture":"#0"},"up":{"uv":[5.625,4.625,5,4],"texture":"#0"},"down":{"uv":[5.625,5,5,5.625],"texture":"#0"}}},{"from":[7.75,8,7.75],"to":[9.25,9,9.25],"faces":{"north":{"uv":[5.5,2,6.25,2.5],"texture":"#0"},"east":{"uv":[5.5,2.5,6.25,3],"texture":"#0"},"south":{"uv":[5.5,3,6.25,3.5],"texture":"#0"},"west":{"uv":[5.5,3.5,6.25,4],"texture":"#0"},"up":{"uv":[4.75,3.75,4,3],"texture":"#0"},"down":{"uv":[4.25,4,3.5,4.75],"texture":"#0"}}},{"from":[8.425,8.75,7.6],"to":[8.575,10.75,9.35],"rotation":{"angle":0,"axis":"y","origin":[0,0,-0.15]},"faces":{"north":{"uv":[7,7,7.125,8],"texture":"#0"},"east":{"uv":[0.5,4,1.375,5],"texture":"#0"},"south":{"uv":[1,7.5,1.125,8.5],"texture":"#0"},"west":{"uv":[1.5,4,2.375,5],"texture":"#0"},"up":{"uv":[8.125,0.875,8,0],"texture":"#0"},"down":{"uv":[8.125,1,8,1.875],"texture":"#0"}}},{"from":[8.425,10.75,7.6],"to":[8.575,18.75,9.35],"shade":false,"rotation":{"angle":0,"axis":"y","origin":[0,0,-0.4]},"faces":{"north":{"uv":[4.5,4,4.625,8],"texture":"#0"},"east":{"uv":[0,0,0.875,4],"texture":"#0"},"south":{"uv":[0.5,5,0.625,9],"texture":"#0"},"west":{"uv":[1,0,1.875,4],"texture":"#0"},"up":{"uv":[1.625,8.875,1.5,8],"texture":"#0"},"down":{"uv":[2.125,8,2,8.875],"texture":"#0"}}},{"from":[8.425,18.75,7.6],"to":[8.57,22.65433,9.35],"rotation":{"angle":0,"axis":"y","origin":[8.4891,23.19231,8.73832]},"faces":{"north":{"uv":[4,6,4.125,8],"texture":"#0"},"east":{"uv":[2,0,2.875,2],"texture":"#0"},"south":{"uv":[6.5,0.5,6.625,2.5],"texture":"#0"},"west":{"uv":[2,2,2.875,4],"texture":"#0"},"up":{"uv":[8.125,2.875,8,2],"texture":"#0"},"down":{"uv":[2.625,8,2.5,8.875],"texture":"#0"}}},{"from":[8.438,22.25966,7.89253],"to":[8.564,23.8422,8.85889],"rotation":{"angle":22.5,"axis":"x","origin":[8.4891,23.19231,8.73832]},"faces":{"north":{"uv":[3,8,3.125,8.75],"texture":"#0"},"east":{"uv":[0,6,0.5,6.75],"texture":"#0"},"south":{"uv":[8,3,8.125,3.75],"texture":"#0"},"west":{"uv":[2.5,6,3,6.75],"texture":"#0"},"up":{"uv":[7.125,8.5,7,8],"texture":"#0"},"down":{"uv":[7.625,8,7.5,8.5],"texture":"#0"}}},{"from":[8.435,22.65433,8.18818],"to":[8.562,24.07432,9.35],"rotation":{"angle":0,"axis":"y","origin":[8.4891,23.19231,8.73832]},"faces":{"north":{"uv":[3.5,8,3.625,8.75],"texture":"#0"},"east":{"uv":[2.5,5,3.125,5.75],"texture":"#0"},"south":{"uv":[4,8,4.125,8.75],"texture":"#0"},"west":{"uv":[3.5,5,4.125,5.75],"texture":"#0"},"up":{"uv":[8.125,6.125,8,5.5],"texture":"#0"},"down":{"uv":[6.125,8,6,8.625],"texture":"#0"}}},{"from":[8.435,24.07432,8.70597],"to":[8.562,24.61144,9.35],"shade":false,"rotation":{"angle":0,"axis":"y","origin":[8.4891,23.19231,8.73832]},"faces":{"north":{"uv":[0.5,9,0.625,9.25],"texture":"#0"},"east":{"uv":[8,4,8.375,4.25],"texture":"#0"},"south":{"uv":[9,0.5,9.125,0.75],"texture":"#0"},"west":{"uv":[4.5,8,4.875,8.25],"texture":"#0"},"up":{"uv":[0.125,9.375,0,9],"texture":"#0"},"down":{"uv":[9.125,0,9,0.375],"texture":"#0"}}},{"from":[8.438,23.80475,9.02239],"to":[8.564,24.20475,10.18164],"rotation":{"angle":-45,"axis":"x","origin":[8.4891,23.17463,8.72064]},"faces":{"north":{"uv":[1,9,1.125,9.25],"texture":"#0"},"east":{"uv":[7,2.5,7.625,2.75],"texture":"#0"},"south":{"uv":[9,1,9.125,1.25],"texture":"#0"},"west":{"uv":[5.5,7,6.125,7.25],"texture":"#0"},"up":{"uv":[6.625,8.625,6.5,8],"texture":"#0"},"down":{"uv":[8.125,6.5,8,7.125],"texture":"#0"}}},{"from":[8.435,24.57432,9.02532],"to":[8.562,24.93611,9.35],"rotation":{"angle":0,"axis":"y","origin":[8.4891,23.19231,8.73832]},"faces":{"north":{"uv":[1.5,9,1.625,9.125],"texture":"#0"},"east":{"uv":[9,1.5,9.125,1.625],"texture":"#0"},"south":{"uv":[2,9,2.125,9.125],"texture":"#0"},"west":{"uv":[9,2,9.125,2.125],"texture":"#0"},"up":{"uv":[2.625,9.125,2.5,9],"texture":"#0"},"down":{"uv":[9.125,2.5,9,2.625],"texture":"#0"}}},{"from":[8.25,8,9.25],"to":[8.75,8.5,10.75],"faces":{"north":{"uv":[8,7.5,8.25,7.75],"texture":"#0"},"east":{"uv":[6.5,3,7.25,3.25],"texture":"#0"},"south":{"uv":[8,8,8.25,8.25],"texture":"#0"},"west":{"uv":[6.5,3.5,7.25,3.75],"texture":"#0"},"up":{"uv":[3.75,7.25,3.5,6.5],"texture":"#0"},"down":{"uv":[5.25,6.5,5,7.25],"texture":"#0"}}},{"from":[8.275,8,9],"to":[8.725,8.5,10],"rotation":{"angle":22.5,"axis":"x","origin":[8.5,8.25,10]},"faces":{"north":{"uv":[0,8.5,0.25,8.75],"texture":"#0"},"east":{"uv":[7.5,0,8,0.25],"texture":"#0"},"south":{"uv":[8.5,0,8.75,0.25],"texture":"#0"},"west":{"uv":[1.5,7.5,2,7.75],"texture":"#0"},"up":{"uv":[2.75,8,2.5,7.5],"texture":"#0"},"down":{"uv":[3.25,7.5,3,8],"texture":"#0"}}},{"from":[8.75,7.975,10.4],"to":[9.5,8.525,11.15],"shade":false,"rotation":{"angle":45,"axis":"y","origin":[8.75,8.25,11.5]},"faces":{"north":{"uv":[8,4.5,8.375,4.75],"texture":"#0"},"east":{"uv":[5,8,5.375,8.25],"texture":"#0"},"south":{"uv":[8,5,8.375,5.25],"texture":"#0"},"west":{"uv":[5.5,8,5.875,8.25],"texture":"#0"},"up":{"uv":[7.375,6.375,7,6],"texture":"#0"},"down":{"uv":[6.875,7,6.5,7.375],"texture":"#0"}}},{"from":[7.755,8.01851,9.07769],"to":[9.245,8.94239,9.46037],"rotation":{"angle":-22.5,"axis":"x","origin":[8.5,8.44239,9.21037]},"faces":{"north":{"uv":[3,6,3.75,6.5],"texture":"#0"},"east":{"uv":[7.5,3,7.75,3.5],"texture":"#0"},"south":{"uv":[6,4,6.75,4.5],"texture":"#0"},"west":{"uv":[3.5,7.5,3.75,8],"texture":"#0"},"up":{"uv":[6.25,6.75,5.5,6.5],"texture":"#0"},"down":{"uv":[7.25,6.5,6.5,6.75],"texture":"#0"}}},{"from":[7.755,8.01851,7.53963],"to":[9.245,8.94239,7.92231],"rotation":{"angle":22.5,"axis":"x","origin":[8.5,8.44239,7.78963]},"faces":{"north":{"uv":[6,4.5,6.75,5],"texture":"#0"},"east":{"uv":[7.5,3.5,7.75,4],"texture":"#0"},"south":{"uv":[5,6,5.75,6.5],"texture":"#0"},"west":{"uv":[7.5,4,7.75,4.5],"texture":"#0"},"up":{"uv":[7.75,0.75,7,0.5],"texture":"#0"},"down":{"uv":[1.75,7,1,7.25],"texture":"#0"}}},{"from":[8.275,8,7],"to":[8.725,8.5,8],"rotation":{"angle":-22.5,"axis":"x","origin":[8.5,8.25,7]},"faces":{"north":{"uv":[8.5,0.5,8.75,0.75],"texture":"#0"},"east":{"uv":[7.5,4.5,8,4.75],"texture":"#0"},"south":{"uv":[1,8.5,1.25,8.75],"texture":"#0"},"west":{"uv":[5,7.5,5.5,7.75],"texture":"#0"},"up":{"uv":[7.75,5.5,7.5,5],"texture":"#0"},"down":{"uv":[5.75,7.5,5.5,8],"texture":"#0"}}},{"from":[8.25,8,6.25],"to":[8.75,8.5,7.75],"rotation":{"angle":0,"axis":"y","origin":[0,0,17]},"faces":{"north":{"uv":[8.5,1,8.75,1.25],"texture":"#0"},"east":{"uv":[7,1,7.75,1.25],"texture":"#0"},"south":{"uv":[8.5,1.5,8.75,1.75],"texture":"#0"},"west":{"uv":[7,1.5,7.75,1.75],"texture":"#0"},"up":{"uv":[0.25,7.75,0,7],"texture":"#0"},"down":{"uv":[2.25,7,2,7.75],"texture":"#0"}}},{"from":[8.25,7.89645,6],"to":[8.75,8.39645,6.5],"rotation":{"angle":-45,"axis":"x","origin":[8.5,8.14645,6.25]},"faces":{"north":{"uv":[8.5,2,8.75,2.25],"texture":"#0"},"east":{"uv":[8.5,2.5,8.75,2.75],"texture":"#0"},"south":{"uv":[8.5,3,8.75,3.25],"texture":"#0"},"west":{"uv":[8.5,3.5,8.75,3.75],"texture":"#0"},"up":{"uv":[8.75,4.25,8.5,4],"texture":"#0"},"down":{"uv":[4.75,8.5,4.5,8.75],"texture":"#0"}}},{"from":[8.25,6.97466,6.2601],"to":[8.75,7.97466,6.7601],"rotation":{"angle":22.5,"axis":"x","origin":[8.5,8.97466,6.5101]},"faces":{"north":{"uv":[7.5,5.5,7.75,6],"texture":"#0"},"east":{"uv":[6,7.5,6.25,8],"texture":"#0"},"south":{"uv":[7.5,6,7.75,6.5],"texture":"#0"},"west":{"uv":[6.5,7.5,6.75,8],"texture":"#0"},"up":{"uv":[8.75,4.75,8.5,4.5],"texture":"#0"},"down":{"uv":[5.25,8.5,5,8.75],"texture":"#0"}}},{"from":[8.25,2.0451,6.1496],"to":[8.75,2.5451,6.6496],"rotation":{"angle":45,"axis":"x","origin":[8.5,2.50491,6.39536]},"faces":{"north":{"uv":[8.5,5,8.75,5.25],"texture":"#0"},"east":{"uv":[5.5,8.5,5.75,8.75],"texture":"#0"},"south":{"uv":[8.5,5.5,8.75,5.75],"texture":"#0"},"west":{"uv":[8.5,6,8.75,6.25],"texture":"#0"},"up":{"uv":[8.75,6.75,8.5,6.5],"texture":"#0"},"down":{"uv":[7.25,8.5,7,8.75],"texture":"#0"}}},{"from":[8.25,2,6.25],"to":[8.75,2.5,7.75],"rotation":{"angle":0,"axis":"y","origin":[8.5,2.50491,6.39536]},"faces":{"north":{"uv":[8.5,7,8.75,7.25],"texture":"#0"},"east":{"uv":[7,2,7.75,2.25],"texture":"#0"},"south":{"uv":[7.5,8.5,7.75,8.75],"texture":"#0"},"west":{"uv":[2.5,7,3.25,7.25],"texture":"#0"},"up":{"uv":[7.25,4.75,7,4],"texture":"#0"},"down":{"uv":[7.25,5,7,5.75],"texture":"#0"}}},{"from":[8.25,2.556,5.8765],"to":[8.75,3.556,6.3765],"rotation":{"angle":-22.5,"axis":"x","origin":[8.5,2.50491,6.39536]},"faces":{"north":{"uv":[7.5,6.5,7.75,7],"texture":"#0"},"east":{"uv":[7.5,7,7.75,7.5],"texture":"#0"},"south":{"uv":[7.5,7.5,7.75,8],"texture":"#0"},"west":{"uv":[0,8,0.25,8.5],"texture":"#0"},"up":{"uv":[8.75,7.75,8.5,7.5],"texture":"#0"},"down":{"uv":[8.25,8.5,8,8.75],"texture":"#0"}}},{"from":[8.25,3.27743,5.51376],"to":[8.75,7.22257,6.01376],"rotation":{"angle":0,"axis":"y","origin":[8.5,3.22634,6.03262]},"faces":{"north":{"uv":[1,5,1.25,7],"texture":"#0"},"east":{"uv":[1.5,5,1.75,7],"texture":"#0"},"south":{"uv":[2,5,2.25,7],"texture":"#0"},"west":{"uv":[5,2,5.25,4],"texture":"#0"},"up":{"uv":[8.75,8.25,8.5,8],"texture":"#0"},"down":{"uv":[8.75,8.5,8.5,8.75],"texture":"#0"}}},{"from":[8,3,8],"to":[9,7,9],"faces":{"north":{"uv":[3,2,3.5,4],"texture":"#0"},"east":{"uv":[3.5,2,4,4],"texture":"#0"},"south":{"uv":[0,4,0.5,6],"texture":"#0"},"west":{"uv":[4,0,4.5,2],"texture":"#0"},"up":{"uv":[7,3,6.5,2.5],"texture":"#0"},"down":{"uv":[3.5,6.5,3,7],"texture":"#0"}}}]}