{"textures":{"0":"pets/nocsy_pikachu_mouse","1":"pets/nocsy_pikachu_cheeks","2":"pets/nocsy_pikachu_full"},"elements":[{"name":"cube","from":[4.8490396,4.3085146,7.252196],"to":[6.22616,7.9656343,8.629316],"rotation":{"angle":0.0,"axis":"x","origin":[6.7232,1.8962746,8.761556]},"faces":{"down":{"uv":[12.375,5.75,11.75,6.375],"rotation":0,"texture":"#2","tintindex":0},"east":{"uv":[3.0,10.5,3.625,12.0],"rotation":0,"texture":"#2","tintindex":0},"north":{"uv":[10.25,3.75,10.875,5.25],"rotation":0,"texture":"#2","tintindex":0},"south":{"uv":[3.75,10.5,4.375,12.0],"rotation":0,"texture":"#2","tintindex":0},"up":{"uv":[12.375,5.125,11.75,4.5],"rotation":0,"texture":"#2","tintindex":0},"west":{"uv":[4.5,10.5,5.125,12.0],"rotation":0,"texture":"#2","tintindex":0}}},{"name":"cube","from":[9.77384,4.3085146,7.252196],"to":[11.150961,7.9656343,8.629316],"rotation":{"angle":0.0,"axis":"x","origin":[9.2768,1.8962746,8.761556]},"faces":{"down":{"uv":[4.875,12.0,4.25,12.625],"rotation":0,"texture":"#2","tintindex":0},"east":{"uv":[9.75,10.5,10.375,12.0],"rotation":0,"texture":"#2","tintindex":0},"north":{"uv":[5.25,10.5,5.875,12.0],"rotation":0,"texture":"#2","tintindex":0},"south":{"uv":[10.5,10.5,11.125,12.0],"rotation":0,"texture":"#2","tintindex":0},"up":{"uv":[12.625,0.625,12.0,0.0],"rotation":0,"texture":"#2","tintindex":0},"west":{"uv":[0.0,10.75,0.625,12.25],"rotation":0,"texture":"#2","tintindex":0}}}],"display":{"head":{"translation":[0.0,-6.4,0.0],"rotation":[0.0,0.0,0.0],"scale":[3.8095,3.8095,3.8095]}}}