{"textures":{"0":"pets/nocsy_pikachu_mouse","1":"pets/nocsy_pikachu_cheeks","2":"pets/nocsy_pikachu_full"},"elements":[{"name":"cube","from":[6.1759996,4.496239,7.085667],"to":[6.1759996,14.984241,17.573668],"rotation":{"angle":-22.5,"axis":"x","origin":[8.0,6.512,8.144]},"faces":{"down":{"uv":[0.0,0.0,0.0,4.375],"rotation":0,"texture":"#2","tintindex":0},"east":{"uv":[0.0,0.0,4.375,4.375],"rotation":0,"texture":"#2","tintindex":0},"north":{"uv":[0.0,0.0,0.0,4.375],"rotation":0,"texture":"#2","tintindex":0},"south":{"uv":[0.0,0.0,0.0,4.375],"rotation":0,"texture":"#2","tintindex":0},"up":{"uv":[0.0,4.375,0.0,0.0],"rotation":0,"texture":"#2","tintindex":0},"west":{"uv":[0.0,4.5,4.375,8.875],"rotation":0,"texture":"#2","tintindex":0}}}],"display":{"head":{"translation":[0.0,-6.4,0.0],"rotation":[0.0,0.0,0.0],"scale":[3.8095,3.8095,3.8095]}}}