{"textures":{"0":"pets/phoenix_pet","1":"pets/nether_wart"},"elements":[{"name":"cube","from":[6.463604,6.9940047,7.818127],"to":[6.463604,8.794004,9.618128],"rotation":{"angle":-45.0,"axis":"y","origin":[6.463604,7.894005,8.718127]},"faces":{"down":{"uv":[0.0,0.0,0.0,1.5],"rotation":0,"texture":"#0","tintindex":0},"east":{"uv":[10.5,7.5,9.0,9.0],"rotation":0,"texture":"#0","tintindex":0},"north":{"uv":[0.0,0.0,0.0,1.5],"rotation":0,"texture":"#0","tintindex":0},"south":{"uv":[0.0,0.0,0.0,1.5],"rotation":0,"texture":"#0","tintindex":0},"up":{"uv":[0.0,1.5,0.0,0.0],"rotation":0,"texture":"#0","tintindex":0},"west":{"uv":[9.0,7.5,10.5,9.0],"rotation":0,"texture":"#0","tintindex":0}}},{"name":"cube","from":[7.1,9.429977,8.418551],"to":[8.9,9.429977,10.218552],"rotation":{"angle":-45.0,"axis":"x","origin":[8.0,9.429977,9.318552]},"faces":{"down":{"uv":[9.0,3.0,10.5,4.5],"rotation":0,"texture":"#0","tintindex":0},"east":{"uv":[0.0,0.0,1.5,0.0],"rotation":0,"texture":"#0","tintindex":0},"north":{"uv":[0.0,0.0,1.5,0.0],"rotation":0,"texture":"#0","tintindex":0},"south":{"uv":[0.0,0.0,1.5,0.0],"rotation":0,"texture":"#0","tintindex":0},"up":{"uv":[10.5,4.5,9.0,3.0],"rotation":0,"texture":"#0","tintindex":0},"west":{"uv":[0.0,0.0,1.5,0.0],"rotation":0,"texture":"#0","tintindex":0}}},{"name":"cube","from":[7.1,6.9940047,6.881731],"to":[8.9,8.794004,8.681731],"rotation":{"angle":0.0,"axis":"x","origin":[7.7,2.7940047,8.081732]},"faces":{"down":{"uv":[10.5,1.5,9.0,3.0],"rotation":0,"texture":"#0","tintindex":0},"east":{"uv":[6.0,8.0,7.5,9.5],"rotation":0,"texture":"#0","tintindex":0},"north":{"uv":[4.5,7.5,6.0,9.0],"rotation":0,"texture":"#0","tintindex":0},"south":{"uv":[7.5,8.0,9.0,9.5],"rotation":0,"texture":"#0","tintindex":0},"up":{"uv":[10.5,1.5,9.0,0.0],"rotation":0,"texture":"#0","tintindex":0},"west":{"uv":[8.5,6.0,10.0,7.5],"rotation":0,"texture":"#0","tintindex":0}}},{"name":"nether_wart_7","from":[6.5,3.1481233,4.653508],"to":[7.7,4.348123,5.253508],"rotation":{"angle":22.5,"axis":"x","origin":[7.6625,5.173123,3.1535082]},"faces":{"down":{"uv":[6.0,12.0,8.0,13.0],"rotation":0,"texture":"#1","tintindex":0},"east":{"uv":[7.0,11.0,8.0,13.0],"rotation":0,"texture":"#1","tintindex":0},"north":{"uv":[6.0,13.0,8.0,11.0],"rotation":180,"texture":"#1","tintindex":0},"south":{"uv":[6.0,11.0,8.0,13.0],"rotation":0,"texture":"#1","tintindex":0},"up":{"uv":[8.0,11.0,6.0,12.0],"rotation":180,"texture":"#1","tintindex":0},"west":{"uv":[6.0,11.0,7.0,13.0],"rotation":0,"texture":"#1","tintindex":0}}},{"name":"nether_wart_6","from":[7.7,3.7481232,4.653508],"to":[8.3,4.948123,5.253508],"rotation":{"angle":22.5,"axis":"x","origin":[7.6625,5.173123,3.1535082]},"faces":{"down":{"uv":[8.0,11.0,9.0,12.0],"rotation":0,"texture":"#1","tintindex":0},"east":{"uv":[8.0,10.0,9.0,12.0],"rotation":0,"texture":"#1","tintindex":0},"north":{"uv":[8.0,12.0,9.0,10.0],"rotation":180,"texture":"#1","tintindex":0},"south":{"uv":[8.0,10.0,9.0,12.0],"rotation":0,"texture":"#1","tintindex":0},"up":{"uv":[9.0,10.0,8.0,11.0],"rotation":180,"texture":"#1","tintindex":0},"west":{"uv":[8.0,10.0,9.0,12.0],"rotation":0,"texture":"#1","tintindex":0}}},{"name":"nether_wart_5","from":[8.3,3.7481232,4.653508],"to":[8.9,6.1481233,5.253508],"rotation":{"angle":22.5,"axis":"x","origin":[7.6625,5.173123,3.1535082]},"faces":{"down":{"uv":[9.0,11.0,10.0,12.0],"rotation":0,"texture":"#1","tintindex":0},"east":{"uv":[9.0,8.0,10.0,12.0],"rotation":0,"texture":"#1","tintindex":0},"north":{"uv":[9.0,12.0,10.0,8.0],"rotation":180,"texture":"#1","tintindex":0},"south":{"uv":[9.0,8.0,10.0,12.0],"rotation":0,"texture":"#1","tintindex":0},"up":{"uv":[10.0,8.0,9.0,9.0],"rotation":180,"texture":"#1","tintindex":0},"west":{"uv":[9.0,8.0,10.0,12.0],"rotation":0,"texture":"#1","tintindex":0}}},{"name":"nether_wart_4","from":[5.3,5.5481234,4.653508],"to":[5.8999996,6.748123,5.253508],"rotation":{"angle":22.5,"axis":"x","origin":[7.6625,5.173123,3.1535082]},"faces":{"down":{"uv":[4.0,8.0,5.0,9.0],"rotation":0,"texture":"#1","tintindex":0},"east":{"uv":[4.0,7.0,5.0,9.0],"rotation":0,"texture":"#1","tintindex":0},"north":{"uv":[4.0,9.0,5.0,7.0],"rotation":180,"texture":"#1","tintindex":0},"south":{"uv":[4.0,7.0,5.0,9.0],"rotation":0,"texture":"#1","tintindex":0},"up":{"uv":[5.0,7.0,4.0,8.0],"rotation":180,"texture":"#1","tintindex":0},"west":{"uv":[4.0,7.0,5.0,9.0],"rotation":0,"texture":"#1","tintindex":0}}},{"name":"nether_wart_3","from":[8.9,5.5481234,4.653508],"to":[10.1,7.3481236,5.253508],"rotation":{"angle":22.5,"axis":"x","origin":[7.6625,5.173123,3.1535082]},"faces":{"down":{"uv":[10.0,8.0,12.0,9.0],"rotation":0,"texture":"#1","tintindex":0},"east":{"uv":[11.0,6.0,12.0,9.0],"rotation":0,"texture":"#1","tintindex":0},"north":{"uv":[10.0,9.0,12.0,6.0],"rotation":180,"texture":"#1","tintindex":0},"south":{"uv":[10.0,6.0,12.0,9.0],"rotation":0,"texture":"#1","tintindex":0},"up":{"uv":[12.0,6.0,10.0,7.0],"rotation":180,"texture":"#1","tintindex":0},"west":{"uv":[10.0,6.0,11.0,9.0],"rotation":0,"texture":"#1","tintindex":0}}},{"name":"nether_wart_2","from":[7.1,4.948123,4.653508],"to":[8.3,7.3481236,5.253508],"rotation":{"angle":22.5,"axis":"x","origin":[7.6625,5.173123,3.1535082]},"faces":{"down":{"uv":[7.0,9.0,9.0,10.0],"rotation":0,"texture":"#1","tintindex":0},"east":{"uv":[8.0,6.0,9.0,10.0],"rotation":0,"texture":"#1","tintindex":0},"north":{"uv":[7.0,10.0,9.0,6.0],"rotation":180,"texture":"#1","tintindex":0},"south":{"uv":[7.0,6.0,9.0,10.0],"rotation":0,"texture":"#1","tintindex":0},"up":{"uv":[9.0,6.0,7.0,7.0],"rotation":180,"texture":"#1","tintindex":0},"west":{"uv":[7.0,6.0,8.0,10.0],"rotation":0,"texture":"#1","tintindex":0}}},{"name":"nether_wart_1","from":[7.7,7.3481236,4.653508],"to":[8.9,8.548122,5.253508],"rotation":{"angle":22.5,"axis":"x","origin":[7.6625,5.173123,3.1535082]},"faces":{"down":{"uv":[8.0,5.0,10.0,6.0],"rotation":0,"texture":"#1","tintindex":0},"east":{"uv":[9.0,4.0,10.0,6.0],"rotation":0,"texture":"#1","tintindex":0},"north":{"uv":[8.0,6.0,10.0,4.0],"rotation":180,"texture":"#1","tintindex":0},"south":{"uv":[8.0,4.0,10.0,6.0],"rotation":0,"texture":"#1","tintindex":0},"up":{"uv":[10.0,4.0,8.0,5.0],"rotation":180,"texture":"#1","tintindex":0},"west":{"uv":[8.0,4.0,9.0,6.0],"rotation":0,"texture":"#1","tintindex":0}}},{"name":"nether_wart_0","from":[5.8999996,4.348123,4.653508],"to":[7.1,8.548122,5.253508],"rotation":{"angle":22.5,"axis":"x","origin":[7.6625,5.173123,3.1535082]},"faces":{"down":{"uv":[5.0,10.0,7.0,11.0],"rotation":0,"texture":"#1","tintindex":0},"east":{"uv":[6.0,4.0,7.0,11.0],"rotation":0,"texture":"#1","tintindex":0},"north":{"uv":[5.0,11.0,7.0,4.0],"rotation":180,"texture":"#1","tintindex":0},"south":{"uv":[5.0,4.0,7.0,11.0],"rotation":0,"texture":"#1","tintindex":0},"up":{"uv":[7.0,4.0,5.0,5.0],"rotation":180,"texture":"#1","tintindex":0},"west":{"uv":[5.0,4.0,6.0,11.0],"rotation":0,"texture":"#1","tintindex":0}}},{"name":"cube","from":[7.4,7.294005,5.681731],"to":[8.6,8.494005,7.481731],"rotation":{"angle":0.0,"axis":"x","origin":[7.7,2.7940047,8.081732]},"faces":{"down":{"uv":[11.5,0.0,10.5,1.5],"rotation":0,"texture":"#0","tintindex":0},"east":{"uv":[6.0,9.5,7.5,10.5],"rotation":0,"texture":"#0","tintindex":0},"north":{"uv":[10.5,10.0,11.5,11.0],"rotation":0,"texture":"#0","tintindex":0},"south":{"uv":[0.0,11.0,1.0,12.0],"rotation":0,"texture":"#0","tintindex":0},"up":{"uv":[11.0,7.5,10.0,6.0],"rotation":0,"texture":"#0","tintindex":0},"west":{"uv":[7.5,9.5,9.0,10.5],"rotation":0,"texture":"#0","tintindex":0}}},{"name":"cube","from":[7.4,6.694005,6.2817316],"to":[8.6,7.294005,7.481731],"rotation":{"angle":0.0,"axis":"x","origin":[7.7,2.7940047,8.081732]},"faces":{"down":{"uv":[3.0,11.0,2.0,12.0],"rotation":0,"texture":"#0","tintindex":0},"east":{"uv":[12.0,4.5,13.0,5.0],"rotation":0,"texture":"#0","tintindex":0},"north":{"uv":[6.0,7.5,7.0,8.0],"rotation":0,"texture":"#0","tintindex":0},"south":{"uv":[12.0,5.0,13.0,5.5],"rotation":0,"texture":"#0","tintindex":0},"up":{"uv":[2.0,12.0,1.0,11.0],"rotation":0,"texture":"#0","tintindex":0},"west":{"uv":[12.0,5.5,13.0,6.0],"rotation":0,"texture":"#0","tintindex":0}}},{"name":"cube","from":[9.536396,6.9940047,7.818127],"to":[9.536396,8.794004,9.618128],"rotation":{"angle":45.0,"axis":"y","origin":[9.536396,7.894005,8.718127]},"faces":{"down":{"uv":[0.0,0.0,0.0,1.5],"rotation":0,"texture":"#0","tintindex":0},"east":{"uv":[10.5,7.5,9.0,9.0],"rotation":0,"texture":"#0","tintindex":0},"north":{"uv":[0.0,0.0,0.0,1.5],"rotation":0,"texture":"#0","tintindex":0},"south":{"uv":[0.0,0.0,0.0,1.5],"rotation":0,"texture":"#0","tintindex":0},"up":{"uv":[0.0,1.5,0.0,0.0],"rotation":0,"texture":"#0","tintindex":0},"west":{"uv":[9.0,7.5,10.5,9.0],"rotation":0,"texture":"#0","tintindex":0}}}],"display":{"head":{"translation":[0.0,-6.4,0.0],"rotation":[0.0,0.0,0.0],"scale":[3.8095,3.8095,3.8095]}}}