{"credit":"Made with Blockbench","texture_size":[64,64],"textures":{"1":"backpacks/angelic_backpack"},"elements":[{"from":[1,0,1],"to":[15,2,3],"faces":{"north":{"uv":[6.5,0,10,0.5],"texture":"#1"},"east":{"uv":[7.75,5.25,8.25,5.75],"texture":"#1"},"south":{"uv":[6.5,0.5,10,1],"texture":"#1"},"west":{"uv":[7.75,5.75,8.25,6.25],"texture":"#1"},"up":{"uv":[10,1.5,6.5,1],"texture":"#1"},"down":{"uv":[10,1.5,6.5,2],"texture":"#1"}}},{"from":[-5,-9,2],"to":[21,12,2],"faces":{"north":{"uv":[0,0,6.5,5.25],"texture":"#1"},"east":{"uv":[0,0,0,5.25],"texture":"#1"},"south":{"uv":[0,5.25,6.5,10.5],"texture":"#1"},"west":{"uv":[0,0,0,5.25],"texture":"#1"},"up":{"uv":[6.5,0,0,0],"texture":"#1"},"down":{"uv":[6.5,0,0,0],"texture":"#1"}}},{"from":[10,7,1],"to":[12,10,3],"faces":{"north":{"uv":[7.25,4.5,7.75,5.25],"texture":"#1"},"east":{"uv":[7.25,5.25,7.75,6],"texture":"#1"},"south":{"uv":[7.25,6,7.75,6.75],"texture":"#1"},"west":{"uv":[7.25,6.75,7.75,7.5],"texture":"#1"},"up":{"uv":[9,3.5,8.5,3],"texture":"#1"},"down":{"uv":[9,3.5,8.5,4],"texture":"#1"}}},{"from":[4,7,1],"to":[6,10,3],"faces":{"north":{"uv":[6.5,7.5,7,8.25],"texture":"#1"},"east":{"uv":[7,7.5,7.5,8.25],"texture":"#1"},"south":{"uv":[7.5,7.5,8,8.25],"texture":"#1"},"west":{"uv":[7.75,4.5,8.25,5.25],"texture":"#1"},"up":{"uv":[9,4.5,8.5,4],"texture":"#1"},"down":{"uv":[9,7,8.5,7.5],"texture":"#1"}}},{"from":[9,5,1],"to":[12,7,3],"faces":{"north":{"uv":[6.5,4,7.25,4.5],"texture":"#1"},"east":{"uv":[7.5,8.25,8,8.75],"texture":"#1"},"south":{"uv":[6.5,4.5,7.25,5],"texture":"#1"},"west":{"uv":[8,8.25,8.5,8.75],"texture":"#1"},"up":{"uv":[7.25,5.5,6.5,5],"texture":"#1"},"down":{"uv":[7.25,5.5,6.5,6],"texture":"#1"}}},{"from":[4,10,1],"to":[12,12,3],"faces":{"north":{"uv":[6.5,2,8.5,2.5],"texture":"#1"},"east":{"uv":[8.5,7.5,9,8],"texture":"#1"},"south":{"uv":[6.5,2.5,8.5,3],"texture":"#1"},"west":{"uv":[8.5,8,9,8.5],"texture":"#1"},"up":{"uv":[8.5,3.5,6.5,3],"texture":"#1"},"down":{"uv":[8.5,3.5,6.5,4],"texture":"#1"}}},{"from":[4,5,1],"to":[7,7,3],"faces":{"north":{"uv":[6.5,6,7.25,6.5],"texture":"#1"},"east":{"uv":[8.5,2,9,2.5],"texture":"#1"},"south":{"uv":[6.5,6.5,7.25,7],"texture":"#1"},"west":{"uv":[8.5,2.5,9,3],"texture":"#1"},"up":{"uv":[7.25,7.5,6.5,7],"texture":"#1"},"down":{"uv":[8,4,7.25,4.5],"texture":"#1"}}},{"from":[1,2,1],"to":[3,4,3],"faces":{"north":{"uv":[7.75,6.25,8.25,6.75],"texture":"#1"},"east":{"uv":[7.75,6.75,8.25,7.25],"texture":"#1"},"south":{"uv":[8,4,8.5,4.5],"texture":"#1"},"west":{"uv":[8,7.25,8.5,7.75],"texture":"#1"},"up":{"uv":[8.5,8.25,8,7.75],"texture":"#1"},"down":{"uv":[8.75,4.5,8.25,5],"texture":"#1"}}},{"from":[13,2,1],"to":[15,4,3],"faces":{"north":{"uv":[8.25,5,8.75,5.5],"texture":"#1"},"east":{"uv":[8.25,5.5,8.75,6],"texture":"#1"},"south":{"uv":[8.25,6,8.75,6.5],"texture":"#1"},"west":{"uv":[6.5,8.25,7,8.75],"texture":"#1"},"up":{"uv":[8.75,7,8.25,6.5],"texture":"#1"},"down":{"uv":[7.5,8.25,7,8.75],"texture":"#1"}}}],"display":{"thirdperson_righthand":{"rotation":[75,45,0],"translation":[0,2.5,0],"scale":[0.375,0.375,0.375]},"thirdperson_lefthand":{"rotation":[75,45,0],"translation":[0,2.5,0],"scale":[0.375,0.375,0.375]},"firstperson_righthand":{"rotation":[-9.16,-0.01,-9.28],"translation":[0,2.5,0],"scale":[0.375,0.375,0.375]},"firstperson_lefthand":{"rotation":[-9.16,-0.01,-9.28],"translation":[0,2.5,0],"scale":[0.375,0.375,0.375]},"ground":{"translation":[0,3,0],"scale":[0.25,0.25,0.25]},"gui":{"rotation":[30,225,0],"translation":[-2.5,4.75,0],"scale":[0.625,0.625,0.625]},"head":{"translation":[0,-30,17.25],"scale":[2,2,2]}}}