{"credit":"Made with Blockbench","texture_size":[64,64],"textures":{"2":"backpacks/antlers_backpack","particle":"backpacks/antlers_backpack"},"elements":[{"from":[-6,0,0],"to":[4,2,2],"faces":{"north":{"uv":[0,5.75,2.5,6.25],"texture":"#2"},"east":{"uv":[7.75,6.75,8.25,7.25],"texture":"#2"},"south":{"uv":[2.5,5.75,5,6.25],"texture":"#2"},"west":{"uv":[4,8,4.5,8.5],"texture":"#2"},"up":{"uv":[7.5,6.25,5,5.75],"texture":"#2"},"down":{"uv":[2.5,6.25,0,6.75],"texture":"#2"}}},{"from":[2,-3,0],"to":[4,0,2],"faces":{"north":{"uv":[2,7.25,2.5,8],"texture":"#2"},"east":{"uv":[6.5,7.75,7,8.5],"texture":"#2"},"south":{"uv":[7,7.75,7.5,8.5],"texture":"#2"},"west":{"uv":[7.5,7.75,8,8.5],"texture":"#2"},"up":{"uv":[8.5,8.75,8,8.25],"texture":"#2"},"down":{"uv":[4.5,8.5,4,9],"texture":"#2"}}},{"from":[-6,2,0],"to":[-4,9,2],"faces":{"north":{"uv":[2.5,6.25,3,8],"texture":"#2"},"east":{"uv":[3,6.25,3.5,8],"texture":"#2"},"south":{"uv":[3.5,6.25,4,8],"texture":"#2"},"west":{"uv":[4,6.25,4.5,8],"texture":"#2"},"up":{"uv":[5,8.5,4.5,8],"texture":"#2"},"down":{"uv":[5.5,8,5,8.5],"texture":"#2"}}},{"from":[-10,5,0],"to":[-8,12,2],"faces":{"north":{"uv":[4.5,6.25,5,8],"texture":"#2"},"east":{"uv":[5,6.25,5.5,8],"texture":"#2"},"south":{"uv":[5.5,6.25,6,8],"texture":"#2"},"west":{"uv":[6,6.25,6.5,8],"texture":"#2"},"up":{"uv":[6,9,5.5,8.5],"texture":"#2"},"down":{"uv":[9,5.75,8.5,6.25],"texture":"#2"}}},{"from":[-10,3,0],"to":[-6,5,2],"faces":{"north":{"uv":[0,7.25,1,7.75],"texture":"#2"},"east":{"uv":[4.5,8.5,5,9],"texture":"#2"},"south":{"uv":[1,7.25,2,7.75],"texture":"#2"},"west":{"uv":[5,8.5,5.5,9],"texture":"#2"},"up":{"uv":[7.5,7.75,6.5,7.25],"texture":"#2"},"down":{"uv":[8.5,5.75,7.5,6.25],"texture":"#2"}}},{"from":[-1,5,0],"to":[1,7,2],"faces":{"north":{"uv":[8,7.75,8.5,8.25],"texture":"#2"},"east":{"uv":[0,8.25,0.5,8.75],"texture":"#2"},"south":{"uv":[0.5,8.25,1,8.75],"texture":"#2"},"west":{"uv":[1,8.25,1.5,8.75],"texture":"#2"},"up":{"uv":[2,8.75,1.5,8.25],"texture":"#2"},"down":{"uv":[8.75,6.75,8.25,7.25],"texture":"#2"}}},{"from":[-4,7,0],"to":[1,9,2],"faces":{"north":{"uv":[6.5,6.25,7.75,6.75],"texture":"#2"},"east":{"uv":[5.5,8,6,8.5],"texture":"#2"},"south":{"uv":[0,6.75,1.25,7.25],"texture":"#2"},"west":{"uv":[6,8,6.5,8.5],"texture":"#2"},"up":{"uv":[2.5,7.25,1.25,6.75],"texture":"#2"},"down":{"uv":[7.75,6.75,6.5,7.25],"texture":"#2"}}},{"from":[-8,10,0],"to":[-4,12,2],"faces":{"north":{"uv":[7.5,7.25,8.5,7.75],"texture":"#2"},"east":{"uv":[6,8.5,6.5,9],"texture":"#2"},"south":{"uv":[0,7.75,1,8.25],"texture":"#2"},"west":{"uv":[6.5,8.5,7,9],"texture":"#2"},"up":{"uv":[2,8.25,1,7.75],"texture":"#2"},"down":{"uv":[8.75,6.25,7.75,6.75],"texture":"#2"}}},{"from":[-6,12,0],"to":[-4,15,2],"faces":{"north":{"uv":[2,8,2.5,8.75],"texture":"#2"},"east":{"uv":[2.5,8,3,8.75],"texture":"#2"},"south":{"uv":[3,8,3.5,8.75],"texture":"#2"},"west":{"uv":[3.5,8,4,8.75],"texture":"#2"},"up":{"uv":[7.5,9,7,8.5],"texture":"#2"},"down":{"uv":[9,7.25,8.5,7.75],"texture":"#2"}}},{"from":[-13,-5,1],"to":[7,18,1],"faces":{"north":{"uv":[0,0,5,5.75],"texture":"#2"},"east":{"uv":[0,0,0,5.75],"texture":"#2"},"south":{"uv":[5,0,0,5.75],"texture":"#2"},"west":{"uv":[0,0,0,5.75],"texture":"#2"},"up":{"uv":[5,0,0,0],"texture":"#2"},"down":{"uv":[5,0,0,0],"texture":"#2"}}},{"from":[12,0,0],"to":[22,2,2],"rotation":{"angle":0,"axis":"y","origin":[16,0,0]},"faces":{"north":{"uv":[2.5,5.75,0,6.25],"texture":"#2"},"east":{"uv":[4.5,8,4,8.5],"texture":"#2"},"south":{"uv":[5,5.75,2.5,6.25],"texture":"#2"},"west":{"uv":[8.25,6.75,7.75,7.25],"texture":"#2"},"up":{"uv":[5,6.25,7.5,5.75],"texture":"#2"},"down":{"uv":[0,6.25,2.5,6.75],"texture":"#2"}}},{"from":[20,2,0],"to":[22,9,2],"rotation":{"angle":0,"axis":"y","origin":[16,0,0]},"faces":{"north":{"uv":[3,6.25,2.5,8],"texture":"#2"},"east":{"uv":[4.5,6.25,4,8],"texture":"#2"},"south":{"uv":[4,6.25,3.5,8],"texture":"#2"},"west":{"uv":[3.5,6.25,3,8],"texture":"#2"},"up":{"uv":[4.5,8.5,5,8],"texture":"#2"},"down":{"uv":[5,8,5.5,8.5],"texture":"#2"}}},{"from":[15,7,0],"to":[20,9,2],"rotation":{"angle":0,"axis":"y","origin":[16,0,0]},"faces":{"north":{"uv":[7.75,6.25,6.5,6.75],"texture":"#2"},"east":{"uv":[6.5,8,6,8.5],"texture":"#2"},"south":{"uv":[1.25,6.75,0,7.25],"texture":"#2"},"west":{"uv":[6,8,5.5,8.5],"texture":"#2"},"up":{"uv":[1.25,7.25,2.5,6.75],"texture":"#2"},"down":{"uv":[6.5,6.75,7.75,7.25],"texture":"#2"}}},{"from":[15,5,0],"to":[17,7,2],"rotation":{"angle":0,"axis":"y","origin":[16,0,0]},"faces":{"north":{"uv":[8.5,7.75,8,8.25],"texture":"#2"},"east":{"uv":[1.5,8.25,1,8.75],"texture":"#2"},"south":{"uv":[1,8.25,0.5,8.75],"texture":"#2"},"west":{"uv":[0.5,8.25,0,8.75],"texture":"#2"},"up":{"uv":[1.5,8.75,2,8.25],"texture":"#2"},"down":{"uv":[8.25,6.75,8.75,7.25],"texture":"#2"}}},{"from":[12,-3,0],"to":[14,0,2],"rotation":{"angle":0,"axis":"y","origin":[16,0,0]},"faces":{"north":{"uv":[2.5,7.25,2,8],"texture":"#2"},"east":{"uv":[8,7.75,7.5,8.5],"texture":"#2"},"south":{"uv":[7.5,7.75,7,8.5],"texture":"#2"},"west":{"uv":[7,7.75,6.5,8.5],"texture":"#2"},"up":{"uv":[8,8.75,8.5,8.25],"texture":"#2"},"down":{"uv":[4,8.5,4.5,9],"texture":"#2"}}},{"from":[22,3,0],"to":[26,5,2],"rotation":{"angle":0,"axis":"y","origin":[16,0,0]},"faces":{"north":{"uv":[1,7.25,0,7.75],"texture":"#2"},"east":{"uv":[5.5,8.5,5,9],"texture":"#2"},"south":{"uv":[2,7.25,1,7.75],"texture":"#2"},"west":{"uv":[5,8.5,4.5,9],"texture":"#2"},"up":{"uv":[6.5,7.75,7.5,7.25],"texture":"#2"},"down":{"uv":[7.5,5.75,8.5,6.25],"texture":"#2"}}},{"from":[24,5,0],"to":[26,12,2],"rotation":{"angle":0,"axis":"y","origin":[16,0,0]},"faces":{"north":{"uv":[5,6.25,4.5,8],"texture":"#2"},"east":{"uv":[6.5,6.25,6,8],"texture":"#2"},"south":{"uv":[6,6.25,5.5,8],"texture":"#2"},"west":{"uv":[5.5,6.25,5,8],"texture":"#2"},"up":{"uv":[5.5,9,6,8.5],"texture":"#2"},"down":{"uv":[8.5,5.75,9,6.25],"texture":"#2"}}},{"from":[20,10,0],"to":[24,12,2],"rotation":{"angle":0,"axis":"y","origin":[16,0,0]},"faces":{"north":{"uv":[8.5,7.25,7.5,7.75],"texture":"#2"},"east":{"uv":[7,8.5,6.5,9],"texture":"#2"},"south":{"uv":[1,7.75,0,8.25],"texture":"#2"},"west":{"uv":[6.5,8.5,6,9],"texture":"#2"},"up":{"uv":[1,8.25,2,7.75],"texture":"#2"},"down":{"uv":[7.75,6.25,8.75,6.75],"texture":"#2"}}},{"from":[20,12,0],"to":[22,15,2],"rotation":{"angle":0,"axis":"y","origin":[16,0,0]},"faces":{"north":{"uv":[2.5,8,2,8.75],"texture":"#2"},"east":{"uv":[4,8,3.5,8.75],"texture":"#2"},"south":{"uv":[3.5,8,3,8.75],"texture":"#2"},"west":{"uv":[3,8,2.5,8.75],"texture":"#2"},"up":{"uv":[7,9,7.5,8.5],"texture":"#2"},"down":{"uv":[8.5,7.25,9,7.75],"texture":"#2"}}},{"from":[9,-5,1],"to":[29,18,1],"rotation":{"angle":0,"axis":"y","origin":[16,0,0]},"faces":{"north":{"uv":[5,0,0,5.75],"texture":"#2"},"east":{"uv":[0,0,0,5.75],"texture":"#2"},"south":{"uv":[0,0,5,5.75],"texture":"#2"},"west":{"uv":[0,0,0,5.75],"texture":"#2"},"up":{"uv":[0,0,5,0],"texture":"#2"},"down":{"uv":[0,0,5,0],"texture":"#2"}}}],"display":{"thirdperson_righthand":{"rotation":[75,45,0],"translation":[0,2.5,0],"scale":[0.375,0.375,0.375]},"thirdperson_lefthand":{"rotation":[75,45,0],"translation":[0,2.5,0],"scale":[0.375,0.375,0.375]},"ground":{"rotation":[75,45,0],"translation":[0,2.5,0],"scale":[0.375,0.375,0.375]},"gui":{"rotation":[30,225,0],"translation":[-1.5,1.25,0],"scale":[0.4,0.4,0.4]},"head":{"translation":[0,-30,16],"scale":[1.6,1.6,1.6]}}}