{"credit":"Made with Blockbench","texture_size":[64,64],"textures":{"1":"backpacks/backpack_dog"},"elements":[{"from":[9.2,9.4,1.9],"to":[11,12.2,2.9],"rotation":{"angle":0,"axis":"z","origin":[9.7,10.5,2.5]},"faces":{"north":{"uv":[9.75,3.5,10.25,4.25],"texture":"#1"},"east":{"uv":[9.25,12.25,9.5,13],"texture":"#1"},"south":{"uv":[10,4.5,10.5,5.25],"texture":"#1"},"west":{"uv":[12.25,12,12.5,12.75],"texture":"#1"},"up":{"uv":[7.25,5.25,6.75,5],"texture":"#1"},"down":{"uv":[6,6.75,5.5,7],"texture":"#1"}}},{"from":[5,9.4,1.9],"to":[6.8,12.2,2.9],"rotation":{"angle":0,"axis":"z","origin":[6.3,10.5,2.5]},"faces":{"north":{"uv":[10.25,3.5,9.75,4.25],"texture":"#1"},"east":{"uv":[12.5,12,12.25,12.75],"texture":"#1"},"south":{"uv":[10.5,4.5,10,5.25],"texture":"#1"},"west":{"uv":[9.5,12.25,9.25,13],"texture":"#1"},"up":{"uv":[6.75,5.25,7.25,5],"texture":"#1"},"down":{"uv":[5.5,6.75,6,7],"texture":"#1"}}},{"from":[6,6,-0.5],"to":[10,8,0.5],"rotation":{"angle":0,"axis":"y","origin":[-10,-14,-9.4]},"faces":{"north":{"uv":[9,5.75,10,6.25],"texture":"#1"},"east":{"uv":[7.75,6.5,8,7],"texture":"#1"},"west":{"uv":[12.25,10.75,12.5,11.25],"texture":"#1"},"up":{"uv":[12.5,3.25,11.5,3],"texture":"#1"},"down":{"uv":[12.5,6,11.5,6.25],"texture":"#1"}}},{"from":[5.5,6,0.5],"to":[10.5,11,4.5],"rotation":{"angle":0,"axis":"y","origin":[-9,-14,-9.4]},"faces":{"north":{"uv":[1.5,7,2.75,8.25],"texture":"#1"},"east":{"uv":[7,7.25,8,8.5],"texture":"#1"},"west":{"uv":[7.75,5,8.75,6.25],"texture":"#1"},"up":{"uv":[9,3,7.75,2],"texture":"#1"},"down":{"uv":[9.5,0,8.25,1],"texture":"#1"}}},{"from":[6.5,5.4,0.4],"to":[9.5,7.4,4.4],"rotation":{"angle":45,"axis":"x","origin":[8,5.5,2.5]},"faces":{"east":{"uv":[9.75,0,10.75,0.5],"texture":"#1"},"west":{"uv":[9.75,2.75,10.75,3.25],"texture":"#1"},"down":{"uv":[8.25,9,7.5,10],"texture":"#1"}}},{"from":[7.7,8.9,5.7],"to":[8.3,9.3,6.1],"rotation":{"angle":22.5,"axis":"x","origin":[8,9,5.85]},"faces":{"east":{"uv":[13,2.5,13.25,2.75],"texture":"#1"},"west":{"uv":[13.25,6.5,13.5,6.75],"texture":"#1"}}},{"from":[3,0,4],"to":[13,13,11],"rotation":{"angle":0,"axis":"y","origin":[11,11,10.81]},"faces":{"north":{"uv":[0,0,2.5,3.25],"texture":"#1"},"east":{"uv":[0,3.5,1.75,6.75],"texture":"#1"},"south":{"uv":[2.75,0,5.25,3.25],"texture":"#1"},"west":{"uv":[2,3.5,3.75,6.75],"texture":"#1"},"up":{"uv":[6.5,5.25,4,3.5],"texture":"#1"},"down":{"uv":[8,0,5.5,1.75],"texture":"#1"}}},{"from":[2,0,5],"to":[3,6,10],"rotation":{"angle":0,"axis":"y","origin":[11,11,10.31]},"faces":{"north":{"uv":[3.25,9.75,3.5,11.25],"texture":"#1"},"south":{"uv":[10.5,0.75,10.75,2.25],"texture":"#1"},"west":{"uv":[6.75,3.25,8,4.75],"texture":"#1"},"up":{"uv":[11.5,4.75,11.25,3.5],"texture":"#1"},"down":{"uv":[4,11.25,3.75,12.5],"texture":"#1"}}},{"from":[2,8,5],"to":[3,12,10],"rotation":{"angle":0,"axis":"y","origin":[11,11,11.31]},"faces":{"north":{"uv":[0.5,11.5,0.75,12.5],"texture":"#1"},"south":{"uv":[3.25,11.5,3.5,12.5],"texture":"#1"},"west":{"uv":[8.25,6.5,9.5,7.5],"texture":"#1"},"up":{"uv":[4.5,12.5,4.25,11.25],"texture":"#1"},"down":{"uv":[5,11.25,4.75,12.5],"texture":"#1"}}},{"from":[1.8,9,7],"to":[2.3,11,8],"rotation":{"angle":0,"axis":"y","origin":[11,11,11.31]},"faces":{"north":{"uv":[2,12.5,2.25,13],"texture":"#1"},"south":{"uv":[11,12.5,11.25,13],"texture":"#1"},"west":{"uv":[0.5,12.75,0.75,13.25],"texture":"#1"},"up":{"uv":[9.5,13.5,9.25,13.25],"texture":"#1"},"down":{"uv":[11,13.25,10.75,13.5],"texture":"#1"}}},{"from":[5,1,1.8],"to":[6,3,2.8],"rotation":{"angle":0,"axis":"y","origin":[11,11,11.31]},"faces":{"north":{"uv":[3,12.75,3.25,13.25],"texture":"#1"},"east":{"uv":[3.5,12.75,3.75,13.25],"texture":"#1"},"west":{"uv":[4.5,12.75,4.75,13.25],"texture":"#1"},"up":{"uv":[13.5,11,13.25,10.75],"texture":"#1"},"down":{"uv":[11.5,13.25,11.25,13.5],"texture":"#1"}}},{"from":[10,1,1.8],"to":[11,3,2.8],"rotation":{"angle":0,"axis":"y","origin":[5,11,11.31]},"faces":{"north":{"uv":[12.75,5,13,5.5],"texture":"#1"},"east":{"uv":[5.75,12.75,6,13.25],"texture":"#1"},"west":{"uv":[6.25,12.75,6.5,13.25],"texture":"#1"},"up":{"uv":[12,13.5,11.75,13.25],"texture":"#1"},"down":{"uv":[13.5,12,13.25,12.25],"texture":"#1"}}},{"from":[1.8,3,7],"to":[2.3,5,8],"rotation":{"angle":0,"axis":"y","origin":[11,11,11.31]},"faces":{"north":{"uv":[6.75,12.75,7,13.25],"texture":"#1"},"south":{"uv":[12.75,7.5,13,8],"texture":"#1"},"west":{"uv":[7.75,12.75,8,13.25],"texture":"#1"},"up":{"uv":[13.5,12.75,13.25,12.5],"texture":"#1"},"down":{"uv":[13.5,13,13.25,13.25],"texture":"#1"}}},{"from":[13,8,5],"to":[14,12,10],"rotation":{"angle":0,"axis":"y","origin":[5,11,11.31]},"faces":{"north":{"uv":[11.5,6.5,11.75,7.5],"texture":"#1"},"east":{"uv":[8.25,7.75,9.5,8.75],"texture":"#1"},"south":{"uv":[10.5,11.5,10.75,12.5],"texture":"#1"},"up":{"uv":[11.5,9.25,11.25,8],"texture":"#1"},"down":{"uv":[11.5,9.5,11.25,10.75],"texture":"#1"}}},{"from":[13,0,5],"to":[14,6,10],"rotation":{"angle":0,"axis":"y","origin":[5,11,10.31]},"faces":{"north":{"uv":[10.5,6.25,10.75,7.75],"texture":"#1"},"east":{"uv":[4,6.75,5.25,8.25],"texture":"#1"},"south":{"uv":[10.75,3.5,11,5],"texture":"#1"},"up":{"uv":[11.5,12.25,11.25,11],"texture":"#1"},"down":{"uv":[0.25,11.5,0,12.75],"texture":"#1"}}},{"from":[13.7,3,7],"to":[14.2,5,8],"rotation":{"angle":0,"axis":"y","origin":[5,11,11.31]},"faces":{"north":{"uv":[9.75,12.75,10,13.25],"texture":"#1"},"east":{"uv":[10.25,12.75,10.5,13.25],"texture":"#1"},"south":{"uv":[12.75,10.75,13,11.25],"texture":"#1"},"up":{"uv":[13.75,0.25,13.5,0],"texture":"#1"},"down":{"uv":[0.75,13.5,0.5,13.75],"texture":"#1"}}},{"from":[13.7,9,7],"to":[14.2,11,8],"rotation":{"angle":0,"axis":"y","origin":[5,11,11.31]},"faces":{"north":{"uv":[12.75,12.75,13,13.25],"texture":"#1"},"east":{"uv":[0,13,0.25,13.5],"texture":"#1"},"south":{"uv":[13,0,13.25,0.5],"texture":"#1"},"up":{"uv":[13.75,0.75,13.5,0.5],"texture":"#1"},"down":{"uv":[1.25,13.5,1,13.75],"texture":"#1"}}},{"from":[4,0,2],"to":[12,4,4],"rotation":{"angle":0,"axis":"y","origin":[11,11,10.31]},"faces":{"north":{"uv":[5.5,2,7.5,3],"texture":"#1"},"east":{"uv":[9.75,6.5,10.25,7.5],"texture":"#1"},"west":{"uv":[9.75,7.75,10.25,8.75],"texture":"#1"},"up":{"uv":[10.25,1.75,8.25,1.25],"texture":"#1"},"down":{"uv":[7.25,8.75,5.25,9.25],"texture":"#1"}}},{"from":[5.5,4,3],"to":[10.5,5,4],"rotation":{"angle":0,"axis":"y","origin":[8.4,9.8,7.2]},"faces":{"north":{"uv":[11.25,5,12.5,5.25],"texture":"#1"},"east":{"uv":[13.5,1,13.75,1.25],"texture":"#1"},"west":{"uv":[1.5,13.5,1.75,13.75],"texture":"#1"},"up":{"uv":[12.75,0.25,11.5,0],"texture":"#1"}}},{"from":[5.5,11,3],"to":[10.5,12,4],"rotation":{"angle":0,"axis":"y","origin":[8.4,9.8,7.2]},"faces":{"north":{"uv":[11.5,1,12.75,1.25],"texture":"#1"},"east":{"uv":[13.5,2.5,13.75,2.75],"texture":"#1"},"west":{"uv":[3,13.5,3.25,13.75],"texture":"#1"},"up":{"uv":[12.75,2.25,11.5,2],"texture":"#1"}}},{"from":[10.5,5,3],"to":[11.5,11,4],"rotation":{"angle":0,"axis":"y","origin":[8.05,9.5,7.2]},"faces":{"north":{"uv":[10.75,8,11,9.5],"texture":"#1"},"east":{"uv":[10.75,9.75,11,11.25],"texture":"#1"},"west":{"uv":[11,1.75,11.25,3.25],"texture":"#1"},"up":{"uv":[13.75,3.25,13.5,3],"texture":"#1"},"down":{"uv":[3.75,13.5,3.5,13.75],"texture":"#1"}}},{"from":[4.5,5,3],"to":[5.5,11,4],"rotation":{"angle":0,"axis":"y","origin":[7.95,9.5,7.2]},"faces":{"north":{"uv":[11,6.25,11.25,7.75],"texture":"#1"},"east":{"uv":[7.25,11,7.5,12.5],"texture":"#1"},"west":{"uv":[10,11,10.25,12.5],"texture":"#1"},"up":{"uv":[13.75,3.75,13.5,3.5],"texture":"#1"},"down":{"uv":[4.25,13.5,4,13.75],"texture":"#1"}}},{"from":[3.5,2.00002,15],"to":[4.5,12.00002,16],"rotation":{"angle":0,"axis":"y","origin":[6,7.00002,14]},"faces":{"north":{"uv":[0.75,8.75,1,11.25],"texture":"#1"},"east":{"uv":[8.5,9,8.75,11.5],"texture":"#1"},"south":{"uv":[9,9,9.25,11.5],"texture":"#1"},"west":{"uv":[5.25,9.5,5.5,12],"texture":"#1"},"down":{"uv":[4.75,13.5,4.5,13.75],"texture":"#1"}}},{"from":[11.5,2.00002,15],"to":[12.5,12.00002,16],"rotation":{"angle":0,"axis":"y","origin":[10,7.00002,14]},"faces":{"north":{"uv":[5.75,9.5,6,12],"texture":"#1"},"east":{"uv":[6.25,9.5,6.5,12],"texture":"#1"},"south":{"uv":[6.75,9.5,7,12],"texture":"#1"},"west":{"uv":[9.5,9,9.75,11.5],"texture":"#1"},"down":{"uv":[7.25,13.5,7,13.75],"texture":"#1"}}},{"from":[11.5,12.00002,11],"to":[12.5,13.00002,16],"rotation":{"angle":0,"axis":"y","origin":[10,7.00002,14]},"faces":{"north":{"uv":[7.5,13.5,7.75,13.75],"texture":"#1"},"east":{"uv":[13.25,14.25,12,14.5],"texture":"#1"},"south":{"uv":[13.5,8,13.75,8.25],"texture":"#1"},"west":{"uv":[12,14.25,13.25,14.5],"texture":"#1"},"up":{"uv":[14,15.25,13.75,14],"texture":"#1"},"down":{"uv":[14,14,13.75,15.25],"texture":"#1"}}},{"from":[3.5,12.00002,11],"to":[4.5,13.00002,16],"rotation":{"angle":0,"axis":"y","origin":[6,7.00002,14]},"faces":{"north":{"uv":[7.75,13.5,7.5,13.75],"texture":"#1"},"east":{"uv":[13.25,14.25,12,14.5],"texture":"#1"},"south":{"uv":[13.75,8,13.5,8.25],"texture":"#1"},"west":{"uv":[12,14.25,13.25,14.5],"texture":"#1"},"up":{"uv":[13.75,15.25,14,14],"texture":"#1"},"down":{"uv":[13.75,14,14,15.25],"texture":"#1"}}},{"from":[3.5,0.99998,11],"to":[4.5,1.99998,16],"rotation":{"angle":0,"axis":"y","origin":[6,8.99998,14]},"faces":{"east":{"uv":[13.25,14.5,12,14.25],"texture":"#1"},"south":{"uv":[13.75,8.25,13.5,8],"texture":"#1"},"west":{"uv":[12,14.5,13.25,14.25],"texture":"#1"},"up":{"uv":[13.75,15.25,14,14],"texture":"#1"},"down":{"uv":[13.75,14,14,15.25],"texture":"#1"}}},{"from":[11.5,0.99998,11],"to":[12.5,1.99998,16],"rotation":{"angle":0,"axis":"y","origin":[10,8.99998,14]},"faces":{"east":{"uv":[13.25,14.5,12,14.25],"texture":"#1"},"south":{"uv":[13.5,8.25,13.75,8],"texture":"#1"},"west":{"uv":[12,14.5,13.25,14.25],"texture":"#1"},"up":{"uv":[14,15.25,13.75,14],"texture":"#1"},"down":{"uv":[14,14,13.75,15.25],"texture":"#1"}}},{"from":[5,2,11],"to":[7,12,11.4],"rotation":{"angle":0,"axis":"y","origin":[16,0,0]},"faces":{"east":{"uv":[1.25,9.75,1.5,12.25],"texture":"#1"},"south":{"uv":[3.75,8.5,4.25,11],"texture":"#1"},"west":{"uv":[1.75,9.75,2,12.25],"texture":"#1"},"up":{"uv":[13.25,3.25,12.75,3],"texture":"#1"},"down":{"uv":[13.25,8.25,12.75,8.5],"texture":"#1"}}},{"from":[9,2,11],"to":[11,12,11.4],"faces":{"east":{"uv":[2.25,9.75,2.5,12.25],"texture":"#1"},"south":{"uv":[0,8.75,0.5,11.25],"texture":"#1"},"west":{"uv":[2.75,9.75,3,12.25],"texture":"#1"},"up":{"uv":[13.5,1.75,13,1.5],"texture":"#1"},"down":{"uv":[13.5,2,13,2.25],"texture":"#1"}}},{"from":[9.7,13,7],"to":[10.2,14.5,8],"rotation":{"angle":0,"axis":"y","origin":[5,9.6,13]},"faces":{"north":{"uv":[13,3.5,13.25,4],"texture":"#1"},"east":{"uv":[13,4.25,13.25,4.75],"texture":"#1"},"south":{"uv":[8.25,13,8.5,13.5],"texture":"#1"},"west":{"uv":[12.25,13,12.5,13.5],"texture":"#1"},"up":{"uv":[13.75,9.25,13.5,9],"texture":"#1"}}},{"from":[5.8,13,7],"to":[6.3,14.5,8],"rotation":{"angle":0,"axis":"y","origin":[11,9.6,13]},"faces":{"north":{"uv":[2,13.25,2.25,13.75],"texture":"#1"},"east":{"uv":[2.5,13.25,2.75,13.75],"texture":"#1"},"south":{"uv":[13.25,5,13.5,5.5],"texture":"#1"},"west":{"uv":[13.25,5.75,13.5,6.25],"texture":"#1"},"up":{"uv":[10,13.75,9.75,13.5],"texture":"#1"}}},{"from":[6,14.5,7],"to":[10,15,8],"rotation":{"angle":0,"axis":"y","origin":[11.3,9.6,13]},"faces":{"north":{"uv":[12.25,8.75,13.25,9],"texture":"#1"},"east":{"uv":[10.25,13.5,10.5,13.75],"texture":"#1"},"south":{"uv":[12.25,9.25,13.25,9.5],"texture":"#1"},"west":{"uv":[13.5,11.25,13.75,11.5],"texture":"#1"},"up":{"uv":[13.25,10,12.25,9.75],"texture":"#1"},"down":{"uv":[13.25,10.25,12.25,10.5],"texture":"#1"}}}],"display":{"thirdperson_righthand":{"rotation":[67,-180,0],"translation":[-6,-7.75,9.75]},"thirdperson_lefthand":{"rotation":[67,-180,0],"translation":[-6,-7.75,9.75]},"firstperson_righthand":{"translation":[0,0,26]},"firstperson_lefthand":{"translation":[0,0,26]},"ground":{"translation":[0,3.75,0],"scale":[0.8,0.8,0.8]},"gui":{"rotation":[24,151,0],"translation":[0,0.5,-2.5],"scale":[0.8,0.8,0.8]},"head":{"rotation":[0,-180,0],"translation":[0,-49.5,9.75],"scale":[1.6,1.6,1.6]},"fixed":{"translation":[0,1.75,-2.5]}},"groups":[{"name":"group","origin":[-0.5,0.2,-0.6],"color":0,"children":[0,1,2,3,4]},5,6,7,8,9,10,11,12,13,14,15,16,17,18,19,20,21,22,23,24,25,26,27,28,29,30,31,32]}