{"credit":"Made with Blockbench","texture_size":[64,64],"textures":{"2":"backpacks/backpack_cat"},"elements":[{"from":[7.7,8.9,5.7],"to":[8.3,9.3,6.1],"rotation":{"angle":22.5,"axis":"x","origin":[8,9,5.85]},"faces":{"east":{"uv":[12.25,1.75,12.5,2],"texture":"#2"},"west":{"uv":[12.25,2.25,12.5,2.5],"texture":"#2"}}},{"from":[3,0,4],"to":[13,13,11],"rotation":{"angle":0,"axis":"y","origin":[11,11,10.81]},"faces":{"north":{"uv":[0,0,2.5,3.25],"texture":"#2"},"east":{"uv":[0,3.5,1.75,6.75],"texture":"#2"},"south":{"uv":[2.75,0,5.25,3.25],"texture":"#2"},"west":{"uv":[1.75,3.5,0,6.75],"texture":"#2"},"up":{"uv":[6.5,5.25,4,3.5],"texture":"#2"},"down":{"uv":[8,0,5.5,1.75],"texture":"#2"}}},{"from":[2,0,5],"to":[3,6,10],"rotation":{"angle":0,"axis":"y","origin":[11,11,10.31]},"faces":{"north":{"uv":[6.5,8.5,6.75,10],"texture":"#2"},"south":{"uv":[9.25,9.25,9.5,10.75],"texture":"#2"},"west":{"uv":[6.75,3.25,8,4.75],"texture":"#2"},"up":{"uv":[6.75,11.5,6.5,10.25],"texture":"#2"},"down":{"uv":[7.75,10.25,7.5,11.5],"texture":"#2"}}},{"from":[2,8,5],"to":[3,12,10],"rotation":{"angle":0,"axis":"y","origin":[11,11,11.31]},"faces":{"north":{"uv":[1.5,11,1.75,12],"texture":"#2"},"south":{"uv":[2,11,2.25,12],"texture":"#2"},"west":{"uv":[7.75,5,9,6],"texture":"#2"},"up":{"uv":[8.25,11.5,8,10.25],"texture":"#2"},"down":{"uv":[10,10.25,9.75,11.5],"texture":"#2"}}},{"from":[1.8,9,7],"to":[2.3,11,8],"rotation":{"angle":0,"axis":"y","origin":[11,11,11.31]},"faces":{"north":{"uv":[12,5.25,12.25,5.75],"texture":"#2"},"south":{"uv":[12,6.75,12.25,7.25],"texture":"#2"},"west":{"uv":[12,7.5,12.25,8],"texture":"#2"},"up":{"uv":[13,0.25,12.75,0],"texture":"#2"},"down":{"uv":[1.75,12.75,1.5,13],"texture":"#2"}}},{"from":[5,1,1.8],"to":[6,3,2.8],"rotation":{"angle":0,"axis":"y","origin":[11,11,11.31]},"faces":{"north":{"uv":[12,12,12.25,12.5],"texture":"#2"},"east":{"uv":[0,12.25,0.25,12.75],"texture":"#2"},"west":{"uv":[1,12.25,1.25,12.75],"texture":"#2"},"up":{"uv":[13,2.25,12.75,2],"texture":"#2"},"down":{"uv":[2.75,12.75,2.5,13],"texture":"#2"}}},{"from":[10,1,1.8],"to":[11,3,2.8],"rotation":{"angle":0,"axis":"y","origin":[5,11,11.31]},"faces":{"north":{"uv":[12.25,12,12,12.5],"texture":"#2"},"east":{"uv":[1.25,12.25,1,12.75],"texture":"#2"},"west":{"uv":[0.25,12.25,0,12.75],"texture":"#2"},"up":{"uv":[12.75,2.25,13,2],"texture":"#2"},"down":{"uv":[2.5,12.75,2.75,13],"texture":"#2"}}},{"from":[1.8,3,7],"to":[2.3,5,8],"rotation":{"angle":0,"axis":"y","origin":[11,11,11.31]},"faces":{"north":{"uv":[12,8.75,12.25,9.25],"texture":"#2"},"south":{"uv":[11,12,11.25,12.5],"texture":"#2"},"west":{"uv":[11.5,12,11.75,12.5],"texture":"#2"},"up":{"uv":[13,1.75,12.75,1.5],"texture":"#2"},"down":{"uv":[2.25,12.75,2,13],"texture":"#2"}}},{"from":[13,8,5],"to":[14,12,10],"rotation":{"angle":0,"axis":"y","origin":[5,11,11.31]},"faces":{"north":{"uv":[1.75,11,1.5,12],"texture":"#2"},"east":{"uv":[9,5,7.75,6],"texture":"#2"},"south":{"uv":[2.25,11,2,12],"texture":"#2"},"up":{"uv":[8,11.5,8.25,10.25],"texture":"#2"},"down":{"uv":[9.75,10.25,10,11.5],"texture":"#2"}}},{"from":[13,0,5],"to":[14,6,10],"rotation":{"angle":0,"axis":"y","origin":[5,11,10.31]},"faces":{"north":{"uv":[6.75,8.5,6.5,10],"texture":"#2"},"east":{"uv":[8,3.25,6.75,4.75],"texture":"#2"},"south":{"uv":[9.5,9.25,9.25,10.75],"texture":"#2"},"up":{"uv":[6.5,11.5,6.75,10.25],"texture":"#2"},"down":{"uv":[7.5,10.25,7.75,11.5],"texture":"#2"}}},{"from":[13.7,3,7],"to":[14.2,5,8],"rotation":{"angle":0,"axis":"y","origin":[5,11,11.31]},"faces":{"north":{"uv":[12.25,8.75,12,9.25],"texture":"#2"},"east":{"uv":[11.75,12,11.5,12.5],"texture":"#2"},"south":{"uv":[11.25,12,11,12.5],"texture":"#2"},"up":{"uv":[12.75,1.75,13,1.5],"texture":"#2"},"down":{"uv":[2,12.75,2.25,13],"texture":"#2"}}},{"from":[13.7,9,7],"to":[14.2,11,8],"rotation":{"angle":0,"axis":"y","origin":[5,11,11.31]},"faces":{"north":{"uv":[12.25,5.25,12,5.75],"texture":"#2"},"east":{"uv":[12.25,7.5,12,8],"texture":"#2"},"south":{"uv":[12.25,6.75,12,7.25],"texture":"#2"},"up":{"uv":[12.75,0.25,13,0],"texture":"#2"},"down":{"uv":[1.5,12.75,1.75,13],"texture":"#2"}}},{"from":[4,0,2],"to":[12,4,4],"rotation":{"angle":0,"axis":"y","origin":[11,11,10.31]},"faces":{"north":{"uv":[5.5,2,7.5,3],"texture":"#2"},"east":{"uv":[9,7.25,9.5,8.25],"texture":"#2"},"west":{"uv":[8.25,9,7.75,10],"texture":"#2"},"up":{"uv":[10.25,1.75,8.25,1.25],"texture":"#2"},"down":{"uv":[10.25,3.25,8.25,3.75],"texture":"#2"}}},{"from":[5.5,5,3],"to":[10.5,6,4],"rotation":{"angle":0,"axis":"y","origin":[8.4,10.3,7.2]},"faces":{"north":{"uv":[9.5,0,10.75,0.25],"texture":"#2"},"east":{"uv":[4.5,12.25,4.75,12.5],"texture":"#2"},"west":{"uv":[5.5,12.25,5.75,12.5],"texture":"#2"},"up":{"uv":[11,7.5,9.75,7.25],"texture":"#2"},"down":{"uv":[11,7.75,9.75,8],"texture":"#2"}}},{"from":[5.5,11,3],"to":[10.5,12,4],"rotation":{"angle":0,"axis":"y","origin":[8.4,10.3,7.2]},"faces":{"north":{"uv":[9.75,9.25,11,9.5],"texture":"#2"},"east":{"uv":[12.5,7.25,12.75,7.5],"texture":"#2"},"west":{"uv":[12.5,7.75,12.75,8],"texture":"#2"},"up":{"uv":[11.25,2.25,10,2],"texture":"#2"}}},{"from":[10.5,6,3],"to":[11.5,11,4],"rotation":{"angle":0,"axis":"y","origin":[8.05,10,7.2]},"faces":{"north":{"uv":[0,9.5,0.25,10.75],"texture":"#2"},"east":{"uv":[0.5,9.5,0.75,10.75],"texture":"#2"},"west":{"uv":[3.25,9.75,3.5,11],"texture":"#2"},"up":{"uv":[6.25,12.5,6,12.25],"texture":"#2"},"down":{"uv":[6.75,12.25,6.5,12.5],"texture":"#2"}}},{"from":[4.5,6,3],"to":[5.5,11,4],"rotation":{"angle":0,"axis":"y","origin":[7.95,10,7.2]},"faces":{"north":{"uv":[7,10,7.25,11.25],"texture":"#2"},"east":{"uv":[8.5,10,8.75,11.25],"texture":"#2"},"west":{"uv":[10.25,5.5,10.5,6.75],"texture":"#2"},"up":{"uv":[12.75,9,12.5,8.75],"texture":"#2"},"down":{"uv":[10.25,12.5,10,12.75],"texture":"#2"}}},{"from":[3.5,2.00002,15],"to":[4.5,12.00002,16],"rotation":{"angle":0,"axis":"y","origin":[6,7.00002,14]},"faces":{"north":{"uv":[4.5,8,4.75,10.5],"texture":"#2"},"east":{"uv":[5,8,5.25,10.5],"texture":"#2"},"south":{"uv":[1.25,8.25,1.5,10.75],"texture":"#2"},"west":{"uv":[1.75,8.25,2,10.75],"texture":"#2"}}},{"from":[3.5,12.00002,11],"to":[4.5,13.00002,16],"rotation":{"angle":0,"axis":"y","origin":[6,7.00002,14]},"faces":{"north":{"uv":[12.5,5.25,12.75,5.5],"texture":"#2"},"east":{"uv":[11.25,14.5,10,14.75],"texture":"#2"},"south":{"uv":[12.5,5.75,12.75,6],"texture":"#2"},"west":{"uv":[10,14.5,11.25,14.75],"texture":"#2"},"up":{"uv":[12.25,14,12.5,15.25],"texture":"#2"},"down":{"uv":[12.25,15.25,12.5,14],"texture":"#2"}}},{"from":[3.5,1.00002,11],"to":[4.5,2.00002,16],"rotation":{"angle":0,"axis":"y","origin":[6,7.00002,14]},"faces":{"east":{"uv":[11.25,14.5,10,14.75],"texture":"#2"},"south":{"uv":[12.5,5.75,12.75,6],"texture":"#2"},"west":{"uv":[10,14.5,11.25,14.75],"texture":"#2"},"up":{"uv":[12.25,14,12.5,15.25],"texture":"#2"},"down":{"uv":[12.25,15.25,12.5,14],"texture":"#2"}}},{"from":[11.5,1.00002,11],"to":[12.5,2.00002,16],"rotation":{"angle":0,"axis":"y","origin":[6,7.00002,14]},"faces":{"east":{"uv":[11.25,14.5,10,14.75],"texture":"#2"},"south":{"uv":[12.5,5.75,12.75,6],"texture":"#2"},"west":{"uv":[10,14.5,11.25,14.75],"texture":"#2"},"up":{"uv":[12.25,14,12.5,15.25],"texture":"#2"},"down":{"uv":[12.25,15.25,12.5,14],"texture":"#2"}}},{"from":[11.5,12.00002,11],"to":[12.5,13.00002,16],"rotation":{"angle":0,"axis":"y","origin":[6,7.00002,14]},"faces":{"north":{"uv":[12.5,5.25,12.75,5.5],"texture":"#2"},"east":{"uv":[11.25,14.5,10,14.75],"texture":"#2"},"south":{"uv":[12.5,5.75,12.75,6],"texture":"#2"},"west":{"uv":[10,14.5,11.25,14.75],"texture":"#2"},"up":{"uv":[12.25,14,12.5,15.25],"texture":"#2"},"down":{"uv":[12.25,15.25,12.5,14],"texture":"#2"}}},{"from":[11.5,2.00002,15],"to":[12.5,12.00002,16],"rotation":{"angle":0,"axis":"y","origin":[10,7.00002,14]},"faces":{"north":{"uv":[4.75,8,4.5,10.5],"texture":"#2"},"east":{"uv":[2,8.25,1.75,10.75],"texture":"#2"},"south":{"uv":[1.5,8.25,1.25,10.75],"texture":"#2"},"west":{"uv":[5.25,8,5,10.5],"texture":"#2"}}},{"from":[5,2,11],"to":[7,12,11.4],"rotation":{"angle":0,"axis":"y","origin":[16,0,0]},"faces":{"east":{"uv":[2.25,8.25,2.5,10.75],"texture":"#2"},"south":{"uv":[7,7.25,7.5,9.75],"texture":"#2"},"west":{"uv":[5.5,8.5,5.75,11],"texture":"#2"},"up":{"uv":[9,12,8.5,11.75],"texture":"#2"},"down":{"uv":[9.75,11.75,9.25,12],"texture":"#2"}}},{"from":[9,2,11],"to":[11,12,11.4],"faces":{"east":{"uv":[5.75,8.5,5.5,11],"texture":"#2"},"south":{"uv":[7.5,7.25,7,9.75],"texture":"#2"},"west":{"uv":[2.5,8.25,2.25,10.75],"texture":"#2"},"up":{"uv":[8.5,12,9,11.75],"texture":"#2"},"down":{"uv":[9.25,11.75,9.75,12],"texture":"#2"}}},{"from":[9.7,13,7],"to":[10.2,14.5,8],"rotation":{"angle":0,"axis":"y","origin":[5,9.6,13]},"faces":{"north":{"uv":[10,11.75,10.25,12.25],"texture":"#2"},"east":{"uv":[12,1,12.25,1.5],"texture":"#2"},"south":{"uv":[2.5,12,2.75,12.5],"texture":"#2"},"west":{"uv":[3,12,3.25,12.5],"texture":"#2"},"up":{"uv":[12.75,4.5,12.5,4.25],"texture":"#2"}}},{"from":[5.8,13,7],"to":[6.3,14.5,8],"rotation":{"angle":0,"axis":"y","origin":[11,9.6,13]},"faces":{"north":{"uv":[12,3,12.25,3.5],"texture":"#2"},"east":{"uv":[12,3.75,12.25,4.25],"texture":"#2"},"south":{"uv":[12,4.5,12.25,5],"texture":"#2"},"west":{"uv":[5,12,5.25,12.5],"texture":"#2"},"up":{"uv":[12.75,12.25,12.5,12],"texture":"#2"}}},{"from":[6,14.5,7],"to":[10,15,8],"rotation":{"angle":0,"axis":"y","origin":[11.3,9.6,13]},"faces":{"north":{"uv":[3.75,10.75,4.75,11],"texture":"#2"},"east":{"uv":[12.5,3.25,12.75,3.5],"texture":"#2"},"south":{"uv":[10.75,3.75,11.75,4],"texture":"#2"},"west":{"uv":[12.5,3.75,12.75,4],"texture":"#2"},"up":{"uv":[11.75,4.5,10.75,4.25],"texture":"#2"},"down":{"uv":[11.75,4.75,10.75,5],"texture":"#2"}}},{"from":[9.9,9.5,2],"to":[11.5,11.5,3],"rotation":{"angle":-45,"axis":"z","origin":[10.9,11.3,2.2]},"faces":{"north":{"uv":[10.5,1,11,1.5],"texture":"#2"},"east":{"uv":[10.25,11,10.5,11.5],"texture":"#2"},"south":{"uv":[10.5,3,11,3.5],"texture":"#2"},"west":{"uv":[11,10.25,11.25,10.75],"texture":"#2"},"up":{"uv":[11.25,11.25,10.75,11],"texture":"#2"}}},{"from":[4.2,9.8,1.9],"to":[5.8,11.8,2.9],"rotation":{"angle":45,"axis":"z","origin":[5.1,11.3,2.2]},"faces":{"north":{"uv":[11,1,10.5,1.5],"texture":"#2"},"east":{"uv":[11.25,10.25,11,10.75],"texture":"#2"},"south":{"uv":[11,3,10.5,3.5],"texture":"#2"},"west":{"uv":[10.5,11,10.25,11.5],"texture":"#2"},"up":{"uv":[10.75,11.25,11.25,11],"texture":"#2"}}},{"from":[6.5,7,-0.7],"to":[9.5,9,0.3],"rotation":{"angle":0,"axis":"y","origin":[-10.5,-13,-9.4]},"faces":{"north":{"uv":[9.25,5.5,10,6],"texture":"#2"},"east":{"uv":[2.5,11.25,2.75,11.75],"texture":"#2"},"west":{"uv":[3,11.25,3.25,11.75],"texture":"#2"},"up":{"uv":[7.5,5.25,6.75,5],"texture":"#2"},"down":{"uv":[11.75,0,11,0.25],"texture":"#2"}}},{"from":[9.3,7.85,-0.3],"to":[11.3,8.15,-0.29],"rotation":{"angle":0,"axis":"y","origin":[-10.5,-13,-9.3]},"faces":{"north":{"uv":[5.5,11.75,6,12],"texture":"#2"},"south":{"uv":[6,11.75,5.5,12],"texture":"#2"}}},{"from":[9.3,8.55,-0.3],"to":[11.3,8.85,-0.29],"rotation":{"angle":22.5,"axis":"z","origin":[10.3,8,-0.295]},"faces":{"north":{"uv":[5.5,11.75,6,12],"texture":"#2"},"south":{"uv":[6,11.75,5.5,12],"texture":"#2"}}},{"from":[9.4,7.15,-0.3],"to":[11.4,7.45,-0.29],"rotation":{"angle":-22.5,"axis":"z","origin":[10.3,8,-0.295]},"faces":{"north":{"uv":[5.5,11.75,6,12],"texture":"#2"},"south":{"uv":[6,11.75,5.5,12],"texture":"#2"}}},{"from":[4.6,7.15,-0.3],"to":[6.6,7.45,-0.29],"rotation":{"angle":22.5,"axis":"z","origin":[5.7,8,-0.295]},"faces":{"north":{"uv":[6,11.75,5.5,12],"texture":"#2"},"south":{"uv":[5.5,11.75,6,12],"texture":"#2"}}},{"from":[4.7,7.85,-0.3],"to":[6.7,8.15,-0.29],"rotation":{"angle":0,"axis":"y","origin":[26.5,-13,-9.3]},"faces":{"north":{"uv":[6,11.75,5.5,12],"texture":"#2"},"south":{"uv":[5.5,11.75,6,12],"texture":"#2"}}},{"from":[4.7,8.55,-0.3],"to":[6.7,8.85,-0.29],"rotation":{"angle":-22.5,"axis":"z","origin":[5.7,8,-0.295]},"faces":{"north":{"uv":[6,11.75,5.5,12],"texture":"#2"},"south":{"uv":[5.5,11.75,6,12],"texture":"#2"}}},{"from":[5.5,7,0.3],"to":[10.5,11,4.3],"rotation":{"angle":0,"axis":"y","origin":[-10,-13,-9.4]},"faces":{"north":{"uv":[4,6.75,5.25,7.75],"texture":"#2"},"east":{"uv":[0,8.25,1,9.25],"texture":"#2"},"west":{"uv":[8.25,0,9.25,1],"texture":"#2"},"up":{"uv":[2.75,8,1.5,7],"texture":"#2"},"down":{"uv":[6.75,7.25,5.5,8.25],"texture":"#2"}}},{"from":[6.5,4.6,2.2],"to":[9.5,8,4.2],"rotation":{"angle":-45,"axis":"x","origin":[8,6.5,2]},"faces":{"north":{"uv":[8.25,4,9,4.75],"texture":"#2"},"east":{"uv":[8.25,4,9,4.75],"texture":"#2"},"west":{"uv":[8.25,4,9,4.75],"texture":"#2"}}}],"display":{"thirdperson_righthand":{"rotation":[67,-180,0],"translation":[0,-45,9.75]},"thirdperson_lefthand":{"rotation":[67,-180,0],"translation":[-6,-7.75,9.75]},"firstperson_righthand":{"translation":[0,0,26]},"firstperson_lefthand":{"translation":[0,0,26]},"ground":{"translation":[0,3.75,0],"scale":[0.8,0.8,0.8]},"gui":{"rotation":[24,151,0],"translation":[0,0.5,-2.5],"scale":[0.8,0.8,0.8]},"head":{"rotation":[0,-180,0],"translation":[0,-49.5,8.5],"scale":[1.6,1.6,1.6]},"fixed":{"translation":[0,1.75,-2.5]}},"groups":[0,1,2,3,4,5,6,7,8,9,10,11,12,13,14,15,16,17,18,19,20,21,22,23,24,25,26,27,{"name":"group","origin":[-0.5,0.2,-0.6],"color":0,"children":[28,29,30,31,32,33,34,35,36,37,38]}]}