{"credit":"Made with Blockbench","textures":{"0":"backpacks/brown_bear_tail","particle":"backpacks/brown_bear_tail"},"elements":[{"from":[2,-1,3],"to":[7,5,4],"rotation":{"angle":-22.5,"axis":"x","origin":[0,0,0]},"faces":{"north":{"uv":[0,0,5,6],"texture":"#0"},"east":{"uv":[0,6,1,12],"texture":"#0"},"south":{"uv":[5,0,10,6],"texture":"#0"},"west":{"uv":[1,6,2,12],"texture":"#0"},"up":{"uv":[7,7,2,6],"texture":"#0"},"down":{"uv":[7,7,2,8],"texture":"#0"}}}],"display":{"thirdperson_righthand":{"rotation":[22,0,0],"translation":[3.5,0.75,7]},"thirdperson_lefthand":{"rotation":[22,0,0],"translation":[-3.5,0.75,7]},"ground":{"translation":[3.5,3.5,6.75]},"gui":{"rotation":[-12.68,-37.98,-8.88],"translation":[0.75,5.75,0],"scale":[1.2,1.2,1.2]},"head":{"rotation":[-2,0,0],"translation":[5.25,-51.5,12.25],"scale":[1.4,1.4,1.4]}},"groups":[{"name":"brown_bear_tail","origin":[8,8,8],"color":0,"nbt":"{}","armAnimationEnabled":false,"children":[{"name":"base","origin":[8,8,8],"color":0,"nbt":"{}","armAnimationEnabled":false,"children":[0]}]}]}