{"credit":"Made with Blockbench","texture_size":[64,64],"textures":{"2":"backpacks/cultist_backpack"},"elements":[{"from":[6,8,-1],"to":[10,12,3],"faces":{"north":{"uv":[3,7.25,4,8.25],"texture":"#2"},"east":{"uv":[7.25,3.75,8.25,4.75],"texture":"#2"},"south":{"uv":[4,7.25,5,8.25],"texture":"#2"},"west":{"uv":[7.25,4.75,8.25,5.75],"texture":"#2"},"up":{"uv":[6,8.25,5,7.25],"texture":"#2"},"down":{"uv":[8.25,5.75,7.25,6.75],"texture":"#2"}}},{"from":[-6,1,-1],"to":[-2,5,3],"faces":{"north":{"uv":[3,7.25,4,8.25],"texture":"#2"},"east":{"uv":[7.25,3.75,8.25,4.75],"texture":"#2"},"south":{"uv":[4,7.25,5,8.25],"texture":"#2"},"west":{"uv":[7.25,4.75,8.25,5.75],"texture":"#2"},"up":{"uv":[6,8.25,5,7.25],"texture":"#2"},"down":{"uv":[8.25,5.75,7.25,6.75],"texture":"#2"}}},{"from":[18,1,-1],"to":[22,5,3],"rotation":{"angle":0,"axis":"y","origin":[16,0,0]},"faces":{"north":{"uv":[4,7.25,3,8.25],"texture":"#2"},"east":{"uv":[8.25,4.75,7.25,5.75],"texture":"#2"},"south":{"uv":[5,7.25,4,8.25],"texture":"#2"},"west":{"uv":[8.25,3.75,7.25,4.75],"texture":"#2"},"up":{"uv":[5,8.25,6,7.25],"texture":"#2"},"down":{"uv":[7.25,5.75,8.25,6.75],"texture":"#2"}}},{"from":[3,-1,0],"to":[5,8,2],"rotation":{"angle":22.5,"axis":"z","origin":[3,2.5,1]},"faces":{"north":{"uv":[6.75,3.75,7.25,6],"texture":"#2"},"east":{"uv":[6.75,6,7.25,8.25],"texture":"#2"},"south":{"uv":[0,7,0.5,9.25],"texture":"#2"},"west":{"uv":[0.5,7,1,9.25],"texture":"#2"},"up":{"uv":[6.5,7.75,6,7.25],"texture":"#2"},"down":{"uv":[7.75,6.75,7.25,7.25],"texture":"#2"}}},{"from":[-8,-3,0],"to":[5,-1,2],"rotation":{"angle":22.5,"axis":"z","origin":[3,2.5,1]},"faces":{"north":{"uv":[3.5,5.25,6.75,5.75],"texture":"#2"},"east":{"uv":[7.25,7.25,7.75,7.75],"texture":"#2"},"south":{"uv":[3.5,5.75,6.75,6.25],"texture":"#2"},"west":{"uv":[6,7.75,6.5,8.25],"texture":"#2"},"up":{"uv":[6.75,6.75,3.5,6.25],"texture":"#2"},"down":{"uv":[10,1.75,6.75,2.25],"texture":"#2"}}},{"from":[-16,-10,1],"to":[4,-3,1],"rotation":{"angle":22.5,"axis":"z","origin":[3,2.5,1]},"faces":{"north":{"uv":[0,0,5,1.75],"texture":"#2"},"east":{"uv":[0,0,0,1.75],"texture":"#2"},"south":{"uv":[5,0,0,1.75],"texture":"#2"},"west":{"uv":[0,0,0,1.75],"texture":"#2"},"up":{"uv":[5,0,0,0],"texture":"#2"},"down":{"uv":[5,0,0,0],"texture":"#2"}}},{"from":[12,-10,1],"to":[32,-3,1],"rotation":{"angle":-22.5,"axis":"z","origin":[13,2.5,1]},"faces":{"north":{"uv":[0,3.5,5,5.25],"texture":"#2"},"east":{"uv":[0,0,0,1.75],"texture":"#2"},"south":{"uv":[5,3.5,0,5.25],"texture":"#2"},"west":{"uv":[0,0,0,1.75],"texture":"#2"},"up":{"uv":[5,0,0,0],"texture":"#2"},"down":{"uv":[5,0,0,0],"texture":"#2"}}},{"from":[3,8,1],"to":[10,15,1],"rotation":{"angle":22.5,"axis":"z","origin":[3,2.5,1]},"faces":{"north":{"uv":[5,1.75,6.75,3.5],"texture":"#2"},"east":{"uv":[0,0,0,1.75],"texture":"#2"},"south":{"uv":[5,3.5,6.75,5.25],"texture":"#2"},"west":{"uv":[0,0,0,1.75],"texture":"#2"},"up":{"uv":[1.75,0,0,0],"texture":"#2"},"down":{"uv":[1.75,0,0,0],"texture":"#2"}}},{"from":[-13.13089,-8.39667,1],"to":[-6.13089,-1.39667,1],"rotation":{"angle":22.5,"axis":"z","origin":[-9.63089,-4.89667,0]},"faces":{"north":{"uv":[6.75,1.75,5,3.5],"texture":"#2"},"east":{"uv":[0,0,0,1.75],"texture":"#2"},"south":{"uv":[6.75,3.5,5,5.25],"texture":"#2"},"west":{"uv":[0,0,0,1.75],"texture":"#2"},"up":{"uv":[0,0,1.75,0],"texture":"#2"},"down":{"uv":[0,0,1.75,0],"texture":"#2"}}},{"from":[22.13089,-8.39667,1],"to":[29.13089,-1.39667,1],"rotation":{"angle":-22.5,"axis":"z","origin":[25.63089,-4.89667,0]},"faces":{"north":{"uv":[5,1.75,6.75,3.5],"texture":"#2"},"east":{"uv":[0,0,0,1.75],"texture":"#2"},"south":{"uv":[5,3.5,6.75,5.25],"texture":"#2"},"west":{"uv":[0,0,0,1.75],"texture":"#2"},"up":{"uv":[1.75,0,0,0],"texture":"#2"},"down":{"uv":[1.75,0,0,0],"texture":"#2"}}},{"from":[11,-3,0],"to":[24,-1,2],"rotation":{"angle":-22.5,"axis":"z","origin":[13,2.5,1]},"faces":{"north":{"uv":[6.75,2.25,10,2.75],"texture":"#2"},"east":{"uv":[7.75,7.25,8.25,7.75],"texture":"#2"},"south":{"uv":[6.75,2.75,10,3.25],"texture":"#2"},"west":{"uv":[7.75,7.75,8.25,8.25],"texture":"#2"},"up":{"uv":[10,3.75,6.75,3.25],"texture":"#2"},"down":{"uv":[6.75,6.75,3.5,7.25],"texture":"#2"}}},{"from":[11,-1,0],"to":[13,8,2],"rotation":{"angle":-22.5,"axis":"z","origin":[13,2.5,1]},"faces":{"north":{"uv":[1,7,1.5,9.25],"texture":"#2"},"east":{"uv":[1.5,7,2,9.25],"texture":"#2"},"south":{"uv":[2,7,2.5,9.25],"texture":"#2"},"west":{"uv":[2.5,7,3,9.25],"texture":"#2"},"up":{"uv":[8.25,7.25,7.75,6.75],"texture":"#2"},"down":{"uv":[7.75,7.75,7.25,8.25],"texture":"#2"}}},{"from":[6,8,1],"to":[13,15,1],"rotation":{"angle":-22.5,"axis":"z","origin":[13,2.5,1]},"faces":{"north":{"uv":[0,5.25,1.75,7],"texture":"#2"},"east":{"uv":[0,0,0,1.75],"texture":"#2"},"south":{"uv":[1.75,5.25,3.5,7],"texture":"#2"},"west":{"uv":[0,0,0,1.75],"texture":"#2"},"up":{"uv":[1.75,0,0,0],"texture":"#2"},"down":{"uv":[1.75,0,0,0],"texture":"#2"}}}],"display":{"thirdperson_righthand":{"rotation":[75,45,0],"translation":[0,2.5,0],"scale":[0.375,0.375,0.375]},"thirdperson_lefthand":{"rotation":[75,45,0],"translation":[0,2.5,0],"scale":[0.375,0.375,0.375]},"firstperson_righthand":{"rotation":[171.9,23.53,158.81],"translation":[0,6,0],"scale":[0.375,0.375,0.375]},"firstperson_lefthand":{"rotation":[171.9,23.53,158.81],"translation":[0,6,0],"scale":[0.375,0.375,0.375]},"ground":{"translation":[0,3,0],"scale":[0.25,0.25,0.25]},"gui":{"rotation":[30,225,0],"translation":[-1.5,4.75,0],"scale":[0.4,0.4,0.4]},"head":{"translation":[0,-26,16.5],"scale":[1.6,1.6,1.6]}}}