{"credit":"Made with Blockbench","textures":{"0":"backpacks/dark_angel_wings","particle":"backpacks/dark_angel_wings"},"elements":[{"from":[-9,0,0],"to":[7,16,0],"rotation":{"angle":22.5,"axis":"y","origin":[7,0,0]},"faces":{"north":{"uv":[16,0,0,16],"texture":"#0"},"east":{"uv":[0,0,0,16],"texture":"#0"},"south":{"uv":[0,0,16,16],"texture":"#0"},"west":{"uv":[0,0,0,16],"texture":"#0"},"up":{"uv":[0,0,16,0],"texture":"#0"},"down":{"uv":[0,0,16,0],"texture":"#0"}}},{"from":[9,0,0],"to":[25,16,0],"rotation":{"angle":-22.5,"axis":"y","origin":[9,0,0]},"faces":{"north":{"uv":[0,0,16,16],"texture":"#0"},"east":{"uv":[0,0,0,16],"texture":"#0"},"south":{"uv":[16,0,0,16],"texture":"#0"},"west":{"uv":[0,0,0,16],"texture":"#0"},"up":{"uv":[16,0,0,0],"texture":"#0"},"down":{"uv":[16,0,0,0],"texture":"#0"}}}],"gui_light":"front","display":{"thirdperson_righthand":{"rotation":[63,0,0],"translation":[0,-1.75,3.25],"scale":[0.5,0.5,0.5]},"thirdperson_lefthand":{"rotation":[63,0,0],"translation":[0,-1.75,3.25],"scale":[0.5,0.5,0.5]},"firstperson_righthand":{"translation":[2.5,0,-1.75],"scale":[0.5,0.5,0.5]},"firstperson_lefthand":{"translation":[2.5,0,-1.75],"scale":[0.5,0.5,0.5]},"ground":{"translation":[0,4.5,3.25],"scale":[0.5,0.5,0.5]},"gui":{"translation":[0,-0.75,0],"scale":[0.5,0.5,0.5]},"head":{"rotation":[3,0,0],"translation":[0,-45.75,22.25],"scale":[2.3,2.3,2.3]}}}