{"credit":"Made with Blockbench","texture_size":[64,64],"textures":{"2":"backpacks/demonic_whisper_backpack","particle":"backpacks/demonic_whisper_backpack"},"elements":[{"from":[-2,0,0],"to":[3,2,5],"rotation":{"angle":22.5,"axis":"x","origin":[0.5,1,2.5]},"faces":{"north":{"uv":[8,0.75,9.25,1.25],"texture":"#2"},"east":{"uv":[8,1.25,9.25,1.75],"texture":"#2"},"south":{"uv":[8,1.75,9.25,2.25],"texture":"#2"},"west":{"uv":[8,2.25,9.25,2.75],"texture":"#2"},"up":{"uv":[7.25,7.75,6,6.5],"texture":"#2"},"down":{"uv":[8.25,3,7,4.25],"texture":"#2"}}},{"from":[2,0,-6],"to":[2,6,2],"rotation":{"angle":45,"axis":"x","origin":[2,1,3]},"faces":{"north":{"uv":[0,0,0,1.5],"texture":"#2"},"east":{"uv":[0,0,2,1.5],"texture":"#2"},"south":{"uv":[0,0,0,1.5],"texture":"#2"},"west":{"uv":[0,1.5,2,3],"texture":"#2"},"up":{"uv":[0,2,0,0],"texture":"#2"},"down":{"uv":[0,0,0,2],"texture":"#2"}}},{"from":[1,0,-6],"to":[1,6,2],"rotation":{"angle":0,"axis":"y","origin":[2,1,3]},"faces":{"north":{"uv":[0,0,0,1.5],"texture":"#2"},"east":{"uv":[2,0,4,1.5],"texture":"#2"},"south":{"uv":[0,0,0,1.5],"texture":"#2"},"west":{"uv":[2,1.5,4,3],"texture":"#2"},"up":{"uv":[0,2,0,0],"texture":"#2"},"down":{"uv":[0,0,0,2],"texture":"#2"}}},{"from":[0,0,-6],"to":[0,6,2],"rotation":{"angle":-22.5,"axis":"x","origin":[2,1,3]},"faces":{"north":{"uv":[0,0,0,1.5],"texture":"#2"},"east":{"uv":[0,3,2,4.5],"texture":"#2"},"south":{"uv":[0,0,0,1.5],"texture":"#2"},"west":{"uv":[2,3,4,4.5],"texture":"#2"},"up":{"uv":[0,2,0,0],"texture":"#2"},"down":{"uv":[0,0,0,2],"texture":"#2"}}},{"from":[-1,0,-6],"to":[-1,6,2],"rotation":{"angle":-45,"axis":"x","origin":[2,1,3]},"faces":{"north":{"uv":[0,0,0,1.5],"texture":"#2"},"east":{"uv":[4,0,6,1.5],"texture":"#2"},"south":{"uv":[0,0,0,1.5],"texture":"#2"},"west":{"uv":[4,1.5,6,3],"texture":"#2"},"up":{"uv":[0,2,0,0],"texture":"#2"},"down":{"uv":[0,0,0,2],"texture":"#2"}}},{"from":[13,0,0],"to":[18,2,5],"rotation":{"angle":22.5,"axis":"x","origin":[15.5,1,2.5]},"faces":{"north":{"uv":[0,8.25,1.25,8.75],"texture":"#2"},"east":{"uv":[1.25,8.25,2.5,8.75],"texture":"#2"},"south":{"uv":[2.5,8.25,3.75,8.75],"texture":"#2"},"west":{"uv":[8.25,2.75,9.5,3.25],"texture":"#2"},"up":{"uv":[8.25,5.5,7,4.25],"texture":"#2"},"down":{"uv":[8.5,5.5,7.25,6.75],"texture":"#2"}}},{"from":[14,0,-6],"to":[14,6,2],"rotation":{"angle":45,"axis":"x","origin":[14,1,3]},"faces":{"north":{"uv":[0,0,0,1.5],"texture":"#2"},"east":{"uv":[6,1.5,8,3],"texture":"#2"},"south":{"uv":[0,0,0,1.5],"texture":"#2"},"west":{"uv":[2,6,4,7.5],"texture":"#2"},"up":{"uv":[0,2,0,0],"texture":"#2"},"down":{"uv":[0,0,0,2],"texture":"#2"}}},{"from":[15,0,-6],"to":[15,6,2],"rotation":{"angle":0,"axis":"y","origin":[14,1,3]},"faces":{"north":{"uv":[0,0,0,1.5],"texture":"#2"},"east":{"uv":[0,6,2,7.5],"texture":"#2"},"south":{"uv":[0,0,0,1.5],"texture":"#2"},"west":{"uv":[6,0,8,1.5],"texture":"#2"},"up":{"uv":[0,2,0,0],"texture":"#2"},"down":{"uv":[0,0,0,2],"texture":"#2"}}},{"from":[16,0,-6],"to":[16,6,2],"rotation":{"angle":-22.5,"axis":"x","origin":[14,1,3]},"faces":{"north":{"uv":[0,0,0,1.5],"texture":"#2"},"east":{"uv":[2,4.5,4,6],"texture":"#2"},"south":{"uv":[0,0,0,1.5],"texture":"#2"},"west":{"uv":[4,4.5,6,6],"texture":"#2"},"up":{"uv":[0,2,0,0],"texture":"#2"},"down":{"uv":[0,0,0,2],"texture":"#2"}}},{"from":[17,0,-6],"to":[17,6,2],"rotation":{"angle":-45,"axis":"x","origin":[14,1,3]},"faces":{"north":{"uv":[0,0,0,1.5],"texture":"#2"},"east":{"uv":[4,3,6,4.5],"texture":"#2"},"south":{"uv":[0,0,0,1.5],"texture":"#2"},"west":{"uv":[0,4.5,2,6],"texture":"#2"},"up":{"uv":[0,2,0,0],"texture":"#2"},"down":{"uv":[0,0,0,2],"texture":"#2"}}},{"from":[1.98461,7.68403,7],"to":[6.98461,10.68403,10],"rotation":{"angle":-22.5,"axis":"z","origin":[0.23554,11.07201,8.5]},"faces":{"north":{"uv":[7.25,6.75,8.5,7.5],"texture":"#2"},"east":{"uv":[5.5,8.5,6.25,9.25],"texture":"#2"},"south":{"uv":[0,7.5,1.25,8.25],"texture":"#2"},"west":{"uv":[4.75,8.5,5.5,9.25],"texture":"#2"},"up":{"uv":[2.5,8.25,1.25,7.5],"texture":"#2"},"down":{"uv":[2.5,8.25,1.25,7.5],"texture":"#2"}}},{"from":[-1.85804,8.25194,7.5],"to":[0.14196,13.25194,9.5],"rotation":{"angle":45,"axis":"z","origin":[0.23554,11.07201,8.5]},"faces":{"north":{"uv":[6.25,7.75,6.75,9],"texture":"#2"},"east":{"uv":[6.75,7.75,7.25,9],"texture":"#2"},"south":{"uv":[8.25,3.25,8.75,4.5],"texture":"#2"},"west":{"uv":[7.25,8.25,7.75,9.5],"texture":"#2"},"up":{"uv":[9,6.5,8.5,6],"texture":"#2"},"down":{"uv":[9,6.5,8.5,7],"texture":"#2"}}},{"from":[-2.5329,12.28482,8.5],"to":[1.4671,19.28482,8.5],"rotation":{"angle":22.5,"axis":"z","origin":[0.23554,11.07201,8.5]},"faces":{"north":{"uv":[6,3,7,4.75],"texture":"#2"},"east":{"uv":[0,0,0,1.75],"texture":"#2"},"south":{"uv":[4,6,5,7.75],"texture":"#2"},"west":{"uv":[0,0,0,1.75],"texture":"#2"},"up":{"uv":[1,0,0,0],"texture":"#2"},"down":{"uv":[1,0,0,0],"texture":"#2"}}},{"from":[9.01539,7.68403,7],"to":[14.01539,10.68403,10],"rotation":{"angle":22.5,"axis":"z","origin":[15.76446,11.07201,8.5]},"faces":{"north":{"uv":[8.5,6.75,7.25,7.5],"texture":"#2"},"east":{"uv":[5.5,8.5,4.75,9.25],"texture":"#2"},"south":{"uv":[1.25,7.5,0,8.25],"texture":"#2"},"west":{"uv":[6.25,8.5,5.5,9.25],"texture":"#2"},"up":{"uv":[1.25,8.25,2.5,7.5],"texture":"#2"},"down":{"uv":[1.25,8.25,2.5,7.5],"texture":"#2"}}},{"from":[14.5329,12.28482,8.5],"to":[18.5329,19.28482,8.5],"rotation":{"angle":-22.5,"axis":"z","origin":[15.76446,11.07201,8.5]},"faces":{"north":{"uv":[7,3,6,4.75],"texture":"#2"},"east":{"uv":[0,0,0,1.75],"texture":"#2"},"south":{"uv":[5,6,4,7.75],"texture":"#2"},"west":{"uv":[0,0,0,1.75],"texture":"#2"},"up":{"uv":[0,0,1,0],"texture":"#2"},"down":{"uv":[0,0,1,0],"texture":"#2"}}},{"from":[15.85804,8.25194,7.5],"to":[17.85804,13.25194,9.5],"rotation":{"angle":-45,"axis":"z","origin":[15.76446,11.07201,8.5]},"faces":{"north":{"uv":[6.75,7.75,6.25,9],"texture":"#2"},"east":{"uv":[7.75,8.25,7.25,9.5],"texture":"#2"},"south":{"uv":[8.75,3.25,8.25,4.5],"texture":"#2"},"west":{"uv":[7.25,7.75,6.75,9],"texture":"#2"},"up":{"uv":[8.5,6.5,9,6],"texture":"#2"},"down":{"uv":[8.5,6.5,9,7],"texture":"#2"}}}],"display":{"thirdperson_righthand":{"rotation":[75,45,0],"translation":[0,0.25,0],"scale":[0.375,0.375,0.375]},"thirdperson_lefthand":{"rotation":[75,45,0],"translation":[0,0.25,0],"scale":[0.375,0.375,0.375]},"firstperson_righthand":{"rotation":[0,45,0],"translation":[2,4.25,1],"scale":[0.4,0.4,0.4]},"firstperson_lefthand":{"rotation":[0,45,0],"translation":[2,4.25,1],"scale":[0.4,0.4,0.4]},"ground":{"translation":[0,3,0],"scale":[0.25,0.25,0.25]},"gui":{"rotation":[30,225,0],"translation":[-1,1.25,0],"scale":[0.45,0.45,0.45]},"head":{"translation":[0,-29.5,9],"scale":[1.6,1.6,1.6]}}}