{"credit":"Made with Blockbench","texture_size":[64,64],"textures":{"2":"backpacks/glutony_backpack","particle":"backpacks/glutony_backpack"},"elements":[{"from":[-14,0,0],"to":[7,16,0],"rotation":{"angle":22.5,"axis":"y","origin":[6.9,0,0]},"faces":{"north":{"uv":[0,0,5.25,4],"texture":"#2"},"east":{"uv":[0,0,0,4],"texture":"#2"},"south":{"uv":[0,4,5.25,8],"texture":"#2"},"west":{"uv":[0,0,0,4],"texture":"#2"},"up":{"uv":[5.25,0,0,0],"texture":"#2"},"down":{"uv":[5.25,0,0,0],"texture":"#2"}}},{"from":[9,0,0],"to":[30,16,0],"rotation":{"angle":-22.5,"axis":"y","origin":[9.1,0,0]},"faces":{"north":{"uv":[5.25,0,10.5,4],"texture":"#2"},"east":{"uv":[0,0,0,4],"texture":"#2"},"south":{"uv":[5.25,4,10.5,8],"texture":"#2"},"west":{"uv":[0,0,0,4],"texture":"#2"},"up":{"uv":[5.25,0,0,0],"texture":"#2"},"down":{"uv":[5.25,0,0,0],"texture":"#2"}}},{"from":[4.5,3.5,2],"to":[11.5,3.5,3],"faces":{"north":{"uv":[0,0,1.75,0],"texture":"#2"},"east":{"uv":[0,0,0.25,0],"texture":"#2"},"south":{"uv":[0,0,1.75,0],"texture":"#2"},"west":{"uv":[0,0,0.25,0],"texture":"#2"},"up":{"uv":[10.25,8.25,8.5,8],"texture":"#2"},"down":{"uv":[10.25,8.25,8.5,8.5],"texture":"#2"}}},{"from":[4.5,-1.5,2],"to":[11.5,-1.5,3],"faces":{"north":{"uv":[0,0,1.75,0],"texture":"#2"},"east":{"uv":[0,0,0.25,0],"texture":"#2"},"south":{"uv":[0,0,1.75,0],"texture":"#2"},"west":{"uv":[0,0,0.25,0],"texture":"#2"},"up":{"uv":[10.25,8.75,8.5,8.5],"texture":"#2"},"down":{"uv":[10.25,8.75,8.5,9],"texture":"#2"}}},{"from":[11.5,-1.5,2],"to":[11.5,3.5,3],"faces":{"north":{"uv":[0,0,0,1.25],"texture":"#2"},"east":{"uv":[4.5,9,4.75,10.25],"texture":"#2"},"south":{"uv":[0,0,0,1.25],"texture":"#2"},"west":{"uv":[4.75,9,5,10.25],"texture":"#2"},"up":{"uv":[0,0.25,0,0],"texture":"#2"},"down":{"uv":[0,0,0,0.25],"texture":"#2"}}},{"from":[4.5,-1.5,2],"to":[4.5,3.5,3],"faces":{"north":{"uv":[0,0,0,1.25],"texture":"#2"},"east":{"uv":[5,9,5.25,10.25],"texture":"#2"},"south":{"uv":[0,0,0,1.25],"texture":"#2"},"west":{"uv":[5.25,9,5.5,10.25],"texture":"#2"},"up":{"uv":[0,0.25,0,0],"texture":"#2"},"down":{"uv":[0,0,0,0.25],"texture":"#2"}}},{"from":[4,-2,0],"to":[12,4,2],"faces":{"north":{"uv":[0,8,2,9.5],"texture":"#2"},"east":{"uv":[8,8,8.5,9.5],"texture":"#2"},"south":{"uv":[2,8,4,9.5],"texture":"#2"},"west":{"uv":[4,8.5,4.5,10],"texture":"#2"},"up":{"uv":[6,8.5,4,8],"texture":"#2"},"down":{"uv":[8,8,6,8.5],"texture":"#2"}}},{"from":[6,0,2],"to":[10,0,4],"faces":{"north":{"uv":[0,0,1,0],"texture":"#2"},"east":{"uv":[0,0,0.5,0],"texture":"#2"},"south":{"uv":[0,0,1,0],"texture":"#2"},"west":{"uv":[0,0,0.5,0],"texture":"#2"},"up":{"uv":[5.5,9,4.5,8.5],"texture":"#2"},"down":{"uv":[6.5,8.5,5.5,9],"texture":"#2"}}},{"from":[6.5,-0.34462,3.73254],"to":[9.5,-0.34462,5.73254],"rotation":{"angle":22.5,"axis":"x","origin":[8.5,-0.84462,4.73254]},"faces":{"north":{"uv":[0,0,0.75,0],"texture":"#2"},"east":{"uv":[0,0,0.5,0],"texture":"#2"},"south":{"uv":[0,0,0.75,0],"texture":"#2"},"west":{"uv":[0,0,0.5,0],"texture":"#2"},"up":{"uv":[7.25,9,6.5,8.5],"texture":"#2"},"down":{"uv":[8,8.5,7.25,9],"texture":"#2"}}},{"from":[7,-3.41181,5.2871],"to":[9,-1.41181,5.2871],"rotation":{"angle":-45,"axis":"x","origin":[8.5,-0.41181,4.7871]},"faces":{"north":{"uv":[5.5,9,6,9.5],"texture":"#2"},"east":{"uv":[0,0,0,0.5],"texture":"#2"},"south":{"uv":[6,9,6.5,9.5],"texture":"#2"},"west":{"uv":[0,0,0,0.5],"texture":"#2"},"up":{"uv":[0.5,0,0,0],"texture":"#2"},"down":{"uv":[0.5,0,0,0],"texture":"#2"}}}],"display":{"thirdperson_righthand":{"rotation":[75,45,0],"translation":[3,0.5,0],"scale":[0.375,0.375,0.375]},"thirdperson_lefthand":{"rotation":[75,45,0],"translation":[3,0.5,0],"scale":[0.375,0.375,0.375]},"firstperson_righthand":{"rotation":[9.65,-43.98,13.64],"translation":[0,3.75,0],"scale":[0.4,0.4,0.4]},"firstperson_lefthand":{"rotation":[9.65,-43.98,13.64],"translation":[0,3.75,0],"scale":[0.4,0.4,0.4]},"ground":{"translation":[0,3,0],"scale":[0.25,0.25,0.25]},"gui":{"rotation":[30,36,0],"translation":[0.25,-0.5,0],"scale":[0.4,0.4,0.4]},"head":{"translation":[0,-35,16],"scale":[1.6,1.6,1.6]}}}