{"credit":"Made with Blockbench","textures":{"0":"backpacks/knife_backpack","particle":"backpacks/knife_backpack"},"elements":[{"from":[2,0,2],"to":[8,2,4],"faces":{"north":{"uv":[0,4,6,6],"texture":"#0"},"east":{"uv":[7,2,9,4],"texture":"#0"},"south":{"uv":[0,6,6,8],"texture":"#0"},"west":{"uv":[0,8,2,10],"texture":"#0"},"up":{"uv":[12,6,6,4],"texture":"#0"},"down":{"uv":[12,6,6,8],"texture":"#0"}}},{"from":[8,0,3],"to":[15,2,3],"faces":{"north":{"uv":[0,0,7,2],"texture":"#0"},"east":{"uv":[0,0,0,2],"texture":"#0"},"south":{"uv":[0,2,7,4],"texture":"#0"},"west":{"uv":[0,0,0,2],"texture":"#0"},"up":{"uv":[7,0,0,0],"texture":"#0"},"down":{"uv":[7,0,0,0],"texture":"#0"}}},{"from":[8,-1,3],"to":[13,0,3],"faces":{"north":{"uv":[7,0,12,1],"texture":"#0"},"east":{"uv":[0,0,0,1],"texture":"#0"},"south":{"uv":[7,1,12,2],"texture":"#0"},"west":{"uv":[0,0,0,1],"texture":"#0"},"up":{"uv":[5,0,0,0],"texture":"#0"},"down":{"uv":[5,0,0,0],"texture":"#0"}}}],"display":{"thirdperson_righthand":{"rotation":[92,90,0],"translation":[5,1,9.25]},"thirdperson_lefthand":{"rotation":[92,-90,0],"translation":[-5,1,9.25]},"firstperson_righthand":{"rotation":[0,90,0],"translation":[5.25,7.5,0]},"firstperson_lefthand":{"rotation":[0,-90,0],"translation":[-2.75,7.5,0]},"ground":{"translation":[0,4.5,5.25]},"gui":{"translation":[-0.5,6,0]},"head":{"rotation":[0,0,42],"translation":[-8.25,-38,15.25],"scale":[2,2,2]}},"groups":[{"name":"knife_backpack","origin":[8,8,8],"color":0,"nbt":"{}","armAnimationEnabled":false,"children":[{"name":"base","origin":[0,0,0],"color":0,"nbt":"{}","armAnimationEnabled":false,"children":[0,1,2]}]}]}