{"credit":"Made with Blockbench","texture_size":[32,32],"textures":{"0":"backpacks/knight_cloak","particle":"backpacks/knight_cloak"},"elements":[{"from":[3,12,4],"to":[13,22,5],"faces":{"north":{"uv":[0,5.5,5,10.5],"texture":"#0"},"east":{"uv":[0,10.5,0.5,15.5],"texture":"#0"},"south":{"uv":[5,5.5,10,10.5],"texture":"#0"},"west":{"uv":[10.5,0,11,5],"texture":"#0"},"up":{"uv":[5.5,11,0.5,10.5],"texture":"#0"},"down":{"uv":[15.5,5,10.5,5.5],"texture":"#0"}}},{"from":[3,-1.5,8.25],"to":[13,9.5,9.25],"rotation":{"angle":-22.5,"axis":"x","origin":[0,0,0]},"faces":{"north":{"uv":[0,0,5,5.5],"texture":"#0"},"east":{"uv":[10,0,10.5,5.5],"texture":"#0"},"south":{"uv":[5,0,10,5.5],"texture":"#0"},"west":{"uv":[10,5.5,10.5,11],"texture":"#0"},"up":{"uv":[15.5,6,10.5,5.5],"texture":"#0"},"down":{"uv":[15.5,6,10.5,6.5],"texture":"#0"}}}],"display":{"thirdperson_righthand":{"rotation":[28,0,0],"translation":[0,-2,0.5],"scale":[0.5,0.5,0.5]},"thirdperson_lefthand":{"rotation":[28,0,0],"translation":[0,-2,0.5],"scale":[0.5,0.5,0.5]},"firstperson_righthand":{"translation":[2.75,-6,0],"scale":[0.7,0.7,0.7]},"firstperson_lefthand":{"translation":[2.75,-6,0],"scale":[0.7,0.7,0.7]},"ground":{"scale":[0.6,0.6,0.6]},"gui":{"rotation":[-17,-38,0],"translation":[-0.5,-2.5,0],"scale":[0.6,0.6,0.6]},"head":{"rotation":[-6,0,0],"translation":[0,-61.75,11],"scale":[1.5,1.5,1.5]}},"groups":[{"name":"knight_cape","origin":[8,8,8],"color":0,"nbt":"{}","armAnimationEnabled":false,"children":[0,1]}]}