{"credit":"Made with Blockbench","texture_size":[32,32],"textures":{"0":"backpacks/krabby_patty","particle":"backpacks/krabby_patty"},"elements":[{"from":[2,0,2],"to":[8,6,8],"faces":{"north":{"uv":[0,0,3,3],"texture":"#0"},"east":{"uv":[0,3,3,6],"texture":"#0"},"south":{"uv":[3,0,6,3],"texture":"#0"},"west":{"uv":[3,3,6,6],"texture":"#0"},"up":{"uv":[3,9,0,6],"texture":"#0"},"down":{"uv":[9,0,6,3],"texture":"#0"}}}],"display":{"thirdperson_righthand":{"translation":[3,2.75,0]},"thirdperson_lefthand":{"translation":[-3,2.75,0]},"firstperson_righthand":{"translation":[0,1.25,0]},"firstperson_lefthand":{"translation":[0,1.25,0]},"ground":{"translation":[1.75,4.25,3.5]},"gui":{"rotation":[47,37,0],"translation":[5,3,0],"scale":[1.2,1.2,1.2]},"head":{"translation":[4.5,-43.5,12.25],"scale":[1.5,1.5,1.5]}},"groups":[{"name":"krabby_patty","origin":[8,8,8],"color":0,"nbt":"{}","armAnimationEnabled":false,"children":[0]}]}