{"credit":"Made with Blockbench","texture_size":[64,64],"textures":{"0":"backpacks/mushroom_pot","particle":"backpacks/mushroom_pot"},"elements":[{"from":[7.5,5.75,5],"to":[9.5,8.75,7],"rotation":{"angle":22.5,"axis":"z","origin":[0,0,0]},"faces":{"north":{"uv":[2,5,2.5,5.75],"texture":"#0"},"east":{"uv":[5.5,3,6,3.75],"texture":"#0"},"south":{"uv":[1.5,6.5,2,7.25],"texture":"#0"},"west":{"uv":[5.5,7.75,6,8.5],"texture":"#0"},"up":{"uv":[6.5,8.25,6,7.75],"texture":"#0"},"down":{"uv":[7,7.75,6.5,8.25],"texture":"#0"}}},{"from":[5.5,8.75,3],"to":[11.5,10.75,9],"rotation":{"angle":22.5,"axis":"z","origin":[0,0,0]},"faces":{"north":{"uv":[6.5,2.25,8,2.75],"texture":"#0"},"east":{"uv":[7,6.25,8.5,6.75],"texture":"#0"},"south":{"uv":[7,6.75,8.5,7.25],"texture":"#0"},"west":{"uv":[1.5,7.25,3,7.75],"texture":"#0"},"up":{"uv":[5.5,7.25,4,5.75],"texture":"#0"},"down":{"uv":[7,5.75,5.5,7.25],"texture":"#0"}}},{"from":[6.5,10.75,4],"to":[10.5,12.75,8],"rotation":{"angle":22.5,"axis":"z","origin":[0,0,0]},"faces":{"north":{"uv":[6,5.25,7,5.75],"texture":"#0"},"east":{"uv":[2.5,7.75,3.5,8.25],"texture":"#0"},"south":{"uv":[3.5,7.75,4.5,8.25],"texture":"#0"},"west":{"uv":[4.5,7.75,5.5,8.25],"texture":"#0"},"up":{"uv":[5.5,4,4.5,3],"texture":"#0"},"down":{"uv":[8,5.25,7,6.25],"texture":"#0"}}},{"from":[6.5,9,9],"to":[8.5,14,11],"rotation":{"angle":22.5,"axis":"y","origin":[0,0,0]},"faces":{"north":{"uv":[7.5,3.25,8,4.5],"texture":"#0"},"east":{"uv":[7.5,7.25,8,8.5],"texture":"#0"},"south":{"uv":[1.5,7.75,2,9],"texture":"#0"},"west":{"uv":[2,7.75,2.5,9],"texture":"#0"},"up":{"uv":[7.5,8.25,7,7.75],"texture":"#0"},"down":{"uv":[0.5,8,0,8.5],"texture":"#0"}}},{"from":[4.5,14,7],"to":[10.5,16,13],"rotation":{"angle":22.5,"axis":"y","origin":[0,0,0]},"faces":{"north":{"uv":[3,7.25,4.5,7.75],"texture":"#0"},"east":{"uv":[4.5,7.25,6,7.75],"texture":"#0"},"south":{"uv":[6,7.25,7.5,7.75],"texture":"#0"},"west":{"uv":[7.5,2.75,9,3.25],"texture":"#0"},"up":{"uv":[7.5,4.5,6,3],"texture":"#0"},"down":{"uv":[1.5,6.5,0,8],"texture":"#0"}}},{"from":[-6,0,8],"to":[1,7,8],"rotation":{"angle":22.5,"axis":"y","origin":[0,0,0]},"faces":{"north":{"uv":[2.5,4,4.25,5.75],"texture":"#0"},"east":{"uv":[0,0,0,1.75],"texture":"#0"},"south":{"uv":[4.25,4,6,5.75],"texture":"#0"},"west":{"uv":[0,0,0,1.75],"texture":"#0"},"up":{"uv":[1.75,0,0,0],"texture":"#0"},"down":{"uv":[1.75,0,0,0],"texture":"#0"}}},{"from":[4,0,4],"to":[12,6,12],"faces":{"north":{"uv":[4.5,0,6.5,1.5],"texture":"#0"},"east":{"uv":[4.5,1.5,6.5,3],"texture":"#0"},"south":{"uv":[0,5,2,6.5],"texture":"#0"},"west":{"uv":[2,5.75,4,7.25],"texture":"#0"},"up":{"uv":[4.5,2,2.5,0],"texture":"#0"},"down":{"uv":[4.5,2,2.5,4],"texture":"#0"}}},{"from":[3,6,3],"to":[13,9,13],"faces":{"north":{"uv":[6,4.5,8.5,5.25],"texture":"#0"},"east":{"uv":[6.5,0,9,0.75],"texture":"#0"},"south":{"uv":[6.5,0.75,9,1.5],"texture":"#0"},"west":{"uv":[6.5,1.5,9,2.25],"texture":"#0"},"up":{"uv":[2.5,2.5,0,0],"texture":"#0"},"down":{"uv":[2.5,2.5,0,5],"texture":"#0"}}}],"display":{"thirdperson_righthand":{"translation":[0,0.75,-1.75],"scale":[0.55,0.55,0.55]},"thirdperson_lefthand":{"translation":[0,0.75,-1.75],"scale":[0.55,0.55,0.55]},"firstperson_righthand":{"translation":[0.5,0.75,0],"scale":[0.7,0.7,0.6]},"firstperson_lefthand":{"translation":[-0.5,0.75,0],"scale":[0.7,0.7,0.7]},"ground":{"translation":[0,2.5,0],"scale":[0.7,0.7,0.67]},"gui":{"rotation":[24,143,0],"translation":[0.25,0.75,0],"scale":[0.7,0.7,0.7]},"head":{"rotation":[0,-180,0],"translation":[0,-45,9.25],"scale":[1.5,1.5,1.5]}},"groups":[{"name":"mushroom_pot","origin":[8,8,8],"color":0,"nbt":"{}","armAnimationEnabled":false,"children":[{"name":"mushroom2","origin":[8,8,8],"color":0,"nbt":"{}","armAnimationEnabled":false,"children":[0,1,2]},{"name":"mushroom","origin":[8,8,8],"color":0,"nbt":"{}","armAnimationEnabled":false,"children":[3,4]},{"name":"mushroom3","origin":[8,8,8],"color":0,"nbt":"{}","armAnimationEnabled":false,"children":[5]},{"name":"pot","origin":[8,8,8],"color":0,"nbt":"{}","armAnimationEnabled":false,"children":[6,7]}]}]}