{"credit":"Made with Blockbench","texture_size":[64,64],"textures":{"1":"backpacks/scroll_backpack"},"elements":[{"from":[4,4,0],"to":[9,20,5],"rotation":{"angle":-45,"axis":"z","origin":[1.1,8,2.5]},"faces":{"north":{"uv":[0,4.75,1.25,8.75],"texture":"#1"},"east":{"uv":[1.25,4.75,2.5,8.75],"texture":"#1"},"south":{"uv":[2.5,4.75,3.75,8.75],"texture":"#1"},"west":{"uv":[3.75,4.75,5,8.75],"texture":"#1"},"up":{"uv":[6.25,6,5,4.75],"texture":"#1"},"down":{"uv":[6.25,6,5,7.25],"texture":"#1"}}},{"from":[5.5,20,1.5],"to":[7.5,23,3.5],"rotation":{"angle":-45,"axis":"z","origin":[1.1,8,2.5]},"faces":{"north":{"uv":[5,7.25,5.5,8],"texture":"#1"},"east":{"uv":[5.5,7.25,6,8],"texture":"#1"},"south":{"uv":[6,7.25,6.5,8],"texture":"#1"},"west":{"uv":[6.5,7.25,7,8],"texture":"#1"},"up":{"uv":[8,7.5,7.5,7],"texture":"#1"},"down":{"uv":[8,7.5,7.5,8],"texture":"#1"}}},{"from":[5.5,1,1.5],"to":[7.5,4,3.5],"rotation":{"angle":-45,"axis":"z","origin":[1.1,8,2.5]},"faces":{"north":{"uv":[7,7.25,7.5,8],"texture":"#1"},"east":{"uv":[7.5,4.75,8,5.5],"texture":"#1"},"south":{"uv":[7.5,5.5,8,6.25],"texture":"#1"},"west":{"uv":[7.5,6.25,8,7],"texture":"#1"},"up":{"uv":[8.5,5.25,8,4.75],"texture":"#1"},"down":{"uv":[5.5,8,5,8.5],"texture":"#1"}}},{"from":[3.17143,-8.10086,2.5],"to":[15.17143,10.89914,2.5],"rotation":{"angle":0,"axis":"y","origin":[-0.82857,9.89914,0]},"faces":{"north":{"uv":[0,0,3,4.75],"texture":"#1"},"east":{"uv":[0,0,0,4.75],"texture":"#1"},"south":{"uv":[3,0,0,4.75],"texture":"#1"},"west":{"uv":[0,0,0,4.75],"texture":"#1"},"up":{"uv":[4.25,0,0,0],"texture":"#1"},"down":{"uv":[4.25,0,0,0],"texture":"#1"}}}],"display":{"thirdperson_righthand":{"rotation":[75,45,0],"translation":[0,2.5,0],"scale":[0.375,0.375,0.375]},"thirdperson_lefthand":{"rotation":[75,45,0],"translation":[0,2.5,0],"scale":[0.375,0.375,0.375]},"firstperson_righthand":{"rotation":[-46,45,0],"translation":[3.5,2.5,0],"scale":[0.375,0.375,0.375]},"firstperson_lefthand":{"rotation":[-46,45,0],"translation":[3.5,2.5,0],"scale":[0.375,0.375,0.375]},"ground":{"translation":[0,3,0],"scale":[0.25,0.25,0.25]},"gui":{"rotation":[30,225,0],"translation":[-2.5,2.75,0],"scale":[0.625,0.625,0.625]},"head":{"translation":[0,-40.5,15.25],"scale":[1.6,1.6,1.6]}}}