{"providers":[{"file":"minecraft:mineglobe/font/logo.png","chars":["ಏ"],"height":80,"ascent":40,"type":"bitmap"},{"ascent":128,"chars":["⋶"],"file":"minecraft:mineglobe/menu/exit_screen_mg.png","height":256,"type":"bitmap"},{"ascent":6,"chars":[""],"file":"minecraft:mineglobe/icons/vote_party.png","height":6,"type":"bitmap"},{"ascent":0,"chars":[""],"file":"minecraft:mineglobe/gui/hub_bossbar/mineglobe.png","height":23,"type":"bitmap"},{"ascent":8,"chars":[""],"file":"minecraft:mineglobe/gui/hub_bossbar/top_left.png","height":35,"type":"bitmap"},{"ascent":8,"chars":[""],"file":"minecraft:mineglobe/gui/hub_bossbar/top_middle.png","height":35,"type":"bitmap"},{"ascent":8,"chars":[""],"file":"minecraft:mineglobe/gui/hub_bossbar/top_right.png","height":35,"type":"bitmap"},{"ascent":22,"chars":[""],"file":"minecraft:mineglobe/gui/npc_nametags/events.png","height":25,"type":"bitmap"},{"ascent":22,"chars":[""],"file":"minecraft:mineglobe/gui/npc_nametags/lifesteal.png","height":25,"type":"bitmap"},{"ascent":22,"chars":[""],"file":"minecraft:mineglobe/gui/npc_nametags/skyblock.png","height":25,"type":"bitmap"},{"ascent":22,"chars":[""],"file":"minecraft:mineglobe/gui/npc_nametags/survival.png","height":25,"type":"bitmap"},{"ascent":30,"chars":[""],"file":"minecraft:mineglobe/icons/airdrop/four.png","height":32,"type":"bitmap"},{"ascent":30,"chars":[""],"file":"minecraft:mineglobe/icons/airdrop/three.png","height":32,"type":"bitmap"},{"ascent":30,"chars":[""],"file":"minecraft:mineglobe/icons/airdrop/two.png","height":32,"type":"bitmap"},{"ascent":30,"chars":[""],"file":"minecraft:mineglobe/icons/airdrop/one.png","height":32,"type":"bitmap"},{"ascent":30,"chars":[""],"file":"minecraft:mineglobe/icons/airdrop/up_arrow.png","height":32,"type":"bitmap"},{"ascent":9,"chars":[""],"file":"minecraft:mineglobe/rank_tags/player/member.png","height":10,"type":"bitmap"},{"ascent":9,"chars":[""],"file":"minecraft:mineglobe/rank_tags/player/admiral.png","height":10,"type":"bitmap"},{"ascent":9,"chars":[""],"file":"minecraft:mineglobe/rank_tags/player/blaze.png","height":10,"type":"bitmap"},{"ascent":9,"chars":[""],"file":"minecraft:mineglobe/rank_tags/player/captain.png","height":10,"type":"bitmap"},{"ascent":9,"chars":[""],"file":"minecraft:mineglobe/rank_tags/player/creator.png","height":10,"type":"bitmap"},{"ascent":9,"chars":[""],"file":"minecraft:mineglobe/rank_tags/player/dragon.png","height":10,"type":"bitmap"},{"ascent":9,"chars":[""],"file":"minecraft:mineglobe/rank_tags/player/emperor.png","height":10,"type":"bitmap"},{"ascent":9,"chars":[""],"file":"minecraft:mineglobe/rank_tags/player/enderman.png","height":10,"type":"bitmap"},{"ascent":9,"chars":[""],"file":"minecraft:mineglobe/rank_tags/player/ghast.png","height":10,"type":"bitmap"},{"ascent":9,"chars":[""],"file":"minecraft:mineglobe/rank_tags/player/knight.png","height":10,"type":"bitmap"},{"ascent":9,"chars":[""],"file":"minecraft:mineglobe/rank_tags/player/king.png","height":10,"type":"bitmap"},{"ascent":9,"chars":[""],"file":"minecraft:mineglobe/rank_tags/player/navigator.png","height":10,"type":"bitmap"},{"ascent":9,"chars":[""],"file":"minecraft:mineglobe/rank_tags/player/noble.png","height":10,"type":"bitmap"},{"ascent":9,"chars":[""],"file":"minecraft:mineglobe/rank_tags/player/prince.png","height":10,"type":"bitmap"},{"ascent":9,"chars":[""],"file":"minecraft:mineglobe/rank_tags/player/raider.png","height":10,"type":"bitmap"},{"ascent":9,"chars":[""],"file":"minecraft:mineglobe/rank_tags/player/sailor.png","height":10,"type":"bitmap"},{"ascent":9,"chars":[""],"file":"minecraft:mineglobe/rank_tags/player/warden.png","height":10,"type":"bitmap"},{"ascent":52,"chars":[""],"file":"minecraft:mineglobe/gui/skyblock/create_island.png","height":170,"type":"bitmap"},{"ascent":250,"chars":[""],"file":"minecraft:mineglobe/dungeon/loading.png","height":3000,"type":"bitmap"},{"ascent":8,"chars":[""],"file":"minecraft:mineglobe/emojis/anchor.png","height":9,"type":"bitmap"},{"ascent":138,"chars":[""],"file":"minecraft:mineglobe/dungeon/menu/selection_pirates_cove.png","height":256,"type":"bitmap"},{"ascent":138,"chars":[""],"file":"minecraft:mineglobe/dungeon/menu/selection_shadows_keep.png","height":256,"type":"bitmap"},{"ascent":0,"chars":[""],"file":"minecraft:mineglobe/dungeon/bossbar/bossbar_pirates_cove.png","height":25,"type":"bitmap"},{"ascent":0,"chars":[""],"file":"minecraft:mineglobe/dungeon/bossbar/bossbar_shadows_keep.png","height":25,"type":"bitmap"},{"ascent":7,"chars":[""],"file":"minecraft:mineglobe/emojis/bow_and_arrow.png","height":8,"type":"bitmap"},{"ascent":7,"chars":[""],"file":"minecraft:mineglobe/emojis/skull.png","height":8,"type":"bitmap"},{"ascent":6,"chars":[""],"file":"minecraft:mineglobe/icons/online_players.png","height":6,"type":"bitmap"},{"ascent":30,"chars":[""],"file":"minecraft:mineglobe/icons/airdrop/zero.png","height":32,"type":"bitmap"},{"ascent":30,"chars":[""],"file":"minecraft:mineglobe/icons/airdrop/nine.png","height":32,"type":"bitmap"},{"ascent":30,"chars":[""],"file":"minecraft:mineglobe/icons/airdrop/eight.png","height":32,"type":"bitmap"},{"ascent":30,"chars":[""],"file":"minecraft:mineglobe/icons/airdrop/seven.png","height":32,"type":"bitmap"},{"ascent":30,"chars":[""],"file":"minecraft:mineglobe/icons/airdrop/six.png","height":32,"type":"bitmap"},{"ascent":30,"chars":[""],"file":"minecraft:mineglobe/icons/airdrop/five.png","height":32,"type":"bitmap"},{"ascent":6,"chars":[""],"file":"minecraft:mineglobe/icons/coin_pile.png","height":6,"type":"bitmap"},{"ascent":24,"chars":[""],"file":"minecraft:mineglobe/skyblock/minion/menu_collector_1.png","height":232,"type":"bitmap"},{"ascent":24,"chars":[""],"file":"minecraft:mineglobe/skyblock/minion/menu_farmer_1.png","height":232,"type":"bitmap"},{"ascent":24,"chars":[""],"file":"minecraft:mineglobe/skyblock/minion/menu_lumberjack_1.png","height":232,"type":"bitmap"},{"ascent":24,"chars":[""],"file":"minecraft:mineglobe/skyblock/minion/menu_miner_1.png","height":232,"type":"bitmap"},{"ascent":24,"chars":[""],"file":"minecraft:mineglobe/skyblock/minion/menu_slayer_1.png","height":232,"type":"bitmap"},{"ascent":24,"chars":[""],"file":"minecraft:mineglobe/skyblock/minion/minion_collection.png","height":232,"type":"bitmap"},{"ascent":6,"chars":[""],"file":"minecraft:mineglobe/icons/bank_note.png","height":6,"type":"bitmap"},{"ascent":-6,"chars":[""],"file":"minecraft:mineglobe/gui/friends_status/do_not_disturb.png","height":15,"type":"bitmap"},{"ascent":-6,"chars":[""],"file":"minecraft:mineglobe/gui/friends_status/offline.png","height":15,"type":"bitmap"},{"ascent":-6,"chars":[""],"file":"minecraft:mineglobe/gui/friends_status/online.png","height":15,"type":"bitmap"},{"ascent":-60,"chars":[""],"file":"minecraft:mineglobe/gui/token_shop/bundles.png","height":32,"type":"bitmap"},{"ascent":-60,"chars":[""],"file":"minecraft:mineglobe/gui/token_shop/chat_colors.png","height":32,"type":"bitmap"},{"ascent":-60,"chars":[""],"file":"minecraft:mineglobe/gui/token_shop/claim_blocks.png","height":32,"type":"bitmap"},{"ascent":-60,"chars":[""],"file":"minecraft:mineglobe/gui/token_shop/cosmetics.png","height":32,"type":"bitmap"},{"ascent":-60,"chars":[""],"file":"minecraft:mineglobe/gui/token_shop/crate_keys.png","height":32,"type":"bitmap"},{"ascent":81,"chars":[""],"file":"minecraft:mineglobe/gui/skyblock/island_panel.png","height":170,"type":"bitmap"},{"ascent":99,"chars":[""],"file":"minecraft:mineglobe/gui/skyblock/island_members.png","height":170,"type":"bitmap"},{"ascent":8,"chars":[""],"file":"minecraft:mineglobe/emojis/banana.png","height":9,"type":"bitmap"},{"ascent":48,"chars":[""],"file":"minecraft:mineglobe/font/logo.png","height":64,"type":"bitmap"},{"ascent":34,"chars":[""],"file":"minecraft:mineglobe/font/logo_text.png","height":64,"type":"bitmap"},{"ascent":8,"chars":[""],"file":"minecraft:mineglobe/icons/compass_00.png","height":9,"type":"bitmap"},{"ascent":6,"chars":[""],"file":"minecraft:mineglobe/icons/coin.png","height":6,"type":"bitmap"},{"ascent":8,"chars":[""],"file":"minecraft:mineglobe/icons/bank_note.png","height":9,"type":"bitmap"},{"ascent":9,"chars":[""],"file":"minecraft:mineglobe/background/chat_channel_background.png","height":12,"type":"bitmap"},{"ascent":45,"chars":[""],"file":"minecraft:mineglobe/gui/server_selector.png","height":170,"type":"bitmap"},{"ascent":10,"chars":[""],"file":"minecraft:mineglobe/background/ctf_event_background.png","height":12,"type":"bitmap"},{"ascent":8,"chars":[""],"file":"minecraft:mineglobe/emojis/airplane.png","height":9,"type":"bitmap"},{"ascent":-60,"chars":[""],"file":"minecraft:mineglobe/gui/token_shop/loot_boxes.png","height":32,"type":"bitmap"},{"ascent":-60,"chars":[""],"file":"minecraft:mineglobe/gui/token_shop/player_warps.png","height":32,"type":"bitmap"},{"ascent":-60,"chars":[""],"file":"minecraft:mineglobe/gui/token_shop/special_offers.png","height":32,"type":"bitmap"},{"ascent":-60,"chars":[""],"file":"minecraft:mineglobe/gui/token_shop/tags.png","height":32,"type":"bitmap"},{"ascent":-60,"chars":[""],"file":"minecraft:mineglobe/gui/token_shop/kits.png","height":32,"type":"bitmap"},{"ascent":7,"chars":["ʢ"],"file":"minecraft:mineglobe/emojis/golden_heart.png","height":8,"type":"bitmap"},{"ascent":9,"chars":["ʣ"],"file":"minecraft:mineglobe/rank_tags/owner.png","height":10,"type":"bitmap"},{"ascent":9,"chars":["ʤ"],"file":"minecraft:mineglobe/rank_tags/admin.png","height":10,"type":"bitmap"},{"ascent":9,"chars":["ʥ"],"file":"minecraft:mineglobe/rank_tags/developer.png","height":10,"type":"bitmap"},{"ascent":9,"chars":["ʦ"],"file":"minecraft:mineglobe/rank_tags/helper.png","height":10,"type":"bitmap"},{"ascent":9,"chars":["ʧ"],"file":"minecraft:mineglobe/rank_tags/manager.png","height":10,"type":"bitmap"},{"ascent":9,"chars":["ʨ"],"file":"minecraft:mineglobe/rank_tags/mod.png","height":10,"type":"bitmap"},{"ascent":9,"chars":["ʩ"],"file":"minecraft:mineglobe/rank_tags/modplus.png","height":10,"type":"bitmap"},{"ascent":9,"chars":["ʪ"],"file":"minecraft:mineglobe/rank_tags/sradmin.png","height":10,"type":"bitmap"},{"ascent":9,"chars":["ʫ"],"file":"minecraft:mineglobe/rank_tags/srmod.png","height":10,"type":"bitmap"},{"ascent":9,"chars":["ʬ"],"file":"minecraft:mineglobe/rank_tags/h_developer.png","height":10,"type":"bitmap"},{"ascent":12,"chars":["ʭ"],"file":"minecraft:mineglobe/gui/mineglobe_pixel.png","height":12,"type":"bitmap"},{"ascent":8,"chars":["ʮ"],"file":"minecraft:mineglobe/icons/exclamation_point.png","height":8,"type":"bitmap"},{"ascent":12,"chars":["ʯ"],"file":"minecraft:mineglobe/gui/mineglobe_blue.png","height":12,"type":"bitmap"},{"ascent":8,"chars":["ʰ"],"file":"minecraft:mineglobe/emojis/bow_and_arrow.png","height":9,"type":"bitmap"},{"ascent":8,"chars":["ʱ"],"file":"minecraft:mineglobe/emojis/brain.png","height":9,"type":"bitmap"},{"ascent":8,"chars":["ʲ"],"file":"minecraft:mineglobe/emojis/bulb.png","height":9,"type":"bitmap"},{"ascent":8,"chars":["ʳ"],"file":"minecraft:mineglobe/emojis/cowboy.png","height":9,"type":"bitmap"},{"ascent":8,"chars":["ʴ"],"file":"minecraft:mineglobe/emojis/crab.png","height":9,"type":"bitmap"},{"ascent":8,"chars":["ʵ"],"file":"minecraft:mineglobe/emojis/crossbones.png","height":9,"type":"bitmap"},{"ascent":8,"chars":["ʶ"],"file":"minecraft:mineglobe/emojis/devil.png","height":9,"type":"bitmap"},{"ascent":8,"chars":["ʷ"],"file":"minecraft:mineglobe/emojis/dolphin.png","height":9,"type":"bitmap"},{"ascent":8,"chars":["ʸ"],"file":"minecraft:mineglobe/emojis/eyes.png","height":9,"type":"bitmap"},{"ascent":8,"chars":["ʹ"],"file":"minecraft:mineglobe/emojis/downvote.png","height":9,"type":"bitmap"},{"ascent":8,"chars":["ʺ"],"file":"minecraft:mineglobe/emojis/fire.png","height":9,"type":"bitmap"},{"ascent":8,"chars":["ʻ"],"file":"minecraft:mineglobe/emojis/fishing.png","height":9,"type":"bitmap"},{"ascent":8,"chars":["ʼ"],"file":"minecraft:mineglobe/emojis/fishy.png","height":9,"type":"bitmap"},{"ascent":8,"chars":["ʽ"],"file":"minecraft:mineglobe/emojis/flying_saucer.png","height":9,"type":"bitmap"},{"ascent":8,"chars":["ʾ"],"file":"minecraft:mineglobe/emojis/frosty.png","height":9,"type":"bitmap"},{"ascent":8,"chars":["ʿ"],"file":"minecraft:mineglobe/emojis/gem.png","height":9,"type":"bitmap"},{"ascent":8,"chars":["ˀ"],"file":"minecraft:mineglobe/emojis/golden_heart.png","height":9,"type":"bitmap"},{"ascent":8,"chars":["ˁ"],"file":"minecraft:mineglobe/emojis/jewel.png","height":9,"type":"bitmap"},{"ascent":8,"chars":["˂"],"file":"minecraft:mineglobe/emojis/joy.png","height":9,"type":"bitmap"},{"ascent":8,"chars":["˃"],"file":"minecraft:mineglobe/emojis/nervous.png","height":9,"type":"bitmap"},{"ascent":8,"chars":["˄"],"file":"minecraft:mineglobe/emojis/ok_hand.png","height":9,"type":"bitmap"},{"ascent":8,"chars":["˅"],"file":"minecraft:mineglobe/emojis/palm_tree.png","height":9,"type":"bitmap"},{"ascent":8,"chars":["ˆ"],"file":"minecraft:mineglobe/emojis/peach.png","height":9,"type":"bitmap"},{"ascent":8,"chars":["ˇ"],"file":"minecraft:mineglobe/emojis/pineapple.png","height":9,"type":"bitmap"},{"ascent":8,"chars":["ˈ"],"file":"minecraft:mineglobe/emojis/praise.png","height":9,"type":"bitmap"},{"ascent":8,"chars":["ˉ"],"file":"minecraft:mineglobe/emojis/rainbow.png","height":9,"type":"bitmap"},{"ascent":8,"chars":["ˊ"],"file":"minecraft:mineglobe/emojis/robot.png","height":9,"type":"bitmap"},{"ascent":8,"chars":["ˋ"],"file":"minecraft:mineglobe/emojis/rose.png","height":9,"type":"bitmap"},{"ascent":8,"chars":["ˌ"],"file":"minecraft:mineglobe/emojis/sailboat.png","height":9,"type":"bitmap"},{"ascent":8,"chars":["ˍ"],"file":"minecraft:mineglobe/emojis/shaka.png","height":9,"type":"bitmap"},{"ascent":8,"chars":["ˎ"],"file":"minecraft:mineglobe/emojis/silly.png","height":9,"type":"bitmap"},{"ascent":8,"chars":["ˏ"],"file":"minecraft:mineglobe/emojis/skull.png","height":9,"type":"bitmap"},{"ascent":8,"chars":["ː"],"file":"minecraft:mineglobe/emojis/smile.png","height":9,"type":"bitmap"},{"ascent":8,"chars":["ˑ"],"file":"minecraft:mineglobe/emojis/snowflake.png","height":9,"type":"bitmap"},{"ascent":8,"chars":["˒"],"file":"minecraft:mineglobe/emojis/sparkles.png","height":9,"type":"bitmap"},{"ascent":8,"chars":["˓"],"file":"minecraft:mineglobe/emojis/sparkles.png","height":9,"type":"bitmap"},{"ascent":8,"chars":["˔"],"file":"minecraft:mineglobe/emojis/spicy.png","height":9,"type":"bitmap"},{"ascent":8,"chars":["˕"],"file":"minecraft:mineglobe/emojis/star.png","height":9,"type":"bitmap"},{"ascent":8,"chars":["˖"],"file":"minecraft:mineglobe/emojis/sun.png","height":9,"type":"bitmap"},{"ascent":8,"chars":["˗"],"file":"minecraft:mineglobe/emojis/sunglasses.png","height":9,"type":"bitmap"},{"ascent":8,"chars":["˘"],"file":"minecraft:mineglobe/emojis/sweaty.png","height":9,"type":"bitmap"},{"ascent":8,"chars":["˙"],"file":"minecraft:mineglobe/emojis/thinking.png","height":9,"type":"bitmap"},{"ascent":8,"chars":["˚"],"file":"minecraft:mineglobe/emojis/thumbs_down.png","height":9,"type":"bitmap"},{"ascent":8,"chars":["˛"],"file":"minecraft:mineglobe/emojis/thumbs_up.png","height":9,"type":"bitmap"},{"ascent":8,"chars":["˜"],"file":"minecraft:mineglobe/emojis/upvote.png","height":9,"type":"bitmap"},{"ascent":8,"chars":["˝"],"file":"minecraft:mineglobe/emojis/wave.png","height":9,"type":"bitmap"},{"ascent":9,"chars":["˞"],"file":"minecraft:mineglobe/icons/speech_bubble.png","height":12,"type":"bitmap"},{"ascent":45,"chars":[""],"file":"minecraft:mineglobe/gui/profile_ui.png","height":170,"type":"bitmap"},{"ascent":45,"chars":[""],"file":"minecraft:mineglobe/gui/friends_ui.png","height":170,"type":"bitmap"},{"ascent":45,"chars":[""],"file":"minecraft:mineglobe/gui/chat_server.png","height":113,"type":"bitmap"},{"ascent":45,"chars":[""],"file":"minecraft:mineglobe/gui/chat_staff.png","height":113,"type":"bitmap"},{"ascent":45,"chars":[""],"file":"minecraft:mineglobe/gui/chat_network.png","height":113,"type":"bitmap"},{"ascent":45,"chars":[""],"file":"minecraft:mineglobe/gui/chat_disable.png","height":113,"type":"bitmap"},{"ascent":45,"chars":[""],"file":"minecraft:mineglobe/gui/chat_clan.png","height":113,"type":"bitmap"},{"ascent":45,"chars":[""],"file":"minecraft:mineglobe/gui/tutorial.png","height":170,"type":"bitmap"},{"ascent":45,"chars":[""],"file":"minecraft:mineglobe/gui/cosmetics_individual/accessories.png","height":170,"type":"bitmap"},{"ascent":45,"chars":[""],"file":"minecraft:mineglobe/gui/cosmetics_individual/backpacks.png","height":170,"type":"bitmap"},{"ascent":45,"chars":[""],"file":"minecraft:mineglobe/gui/cosmetics_individual/hats.png","height":170,"type":"bitmap"},{"ascent":45,"chars":[""],"file":"minecraft:mineglobe/gui/cosmetics_individual/pets.png","height":170,"type":"bitmap"},{"ascent":45,"chars":[""],"file":"minecraft:mineglobe/gui/cosmetics_individual/tags.png","height":170,"type":"bitmap"},{"ascent":45,"chars":[""],"file":"minecraft:mineglobe/gui/cosmetics_individual/trails.png","height":170,"type":"bitmap"},{"ascent":45,"chars":[""],"file":"minecraft:mineglobe/gui/tokenshop.png","height":170,"type":"bitmap"},{"ascent":45,"chars":[""],"file":"minecraft:mineglobe/gui/cosmetics_individual/emotes.png","height":170,"type":"bitmap"},{"ascent":45,"chars":[""],"file":"minecraft:mineglobe/gui/explore.png","height":170,"type":"bitmap"},{"type":"bitmap","file":"minecraft:mineglobe/space/space_split.png","ascent":-32768,"height":18,"chars":[""]},{"type":"bitmap","file":"minecraft:mineglobe/space/space_split.png","ascent":-32768,"height":2,"chars":[""]},{"type":"bitmap","file":"minecraft:mineglobe/space/space_split.png","ascent":-32768,"height":-171,"chars":[""]},{"type":"bitmap","file":"minecraft:mineglobe/space/space_split.png","ascent":-32768,"height":-65,"chars":[""]},{"type":"bitmap","file":"minecraft:mineglobe/space/space_split.png","ascent":-32768,"height":-3,"chars":[""]},{"type":"bitmap","file":"minecraft:mineglobe/space/space_split.png","ascent":-32768,"height":-292,"chars":[""]},{"type":"bitmap","file":"minecraft:mineglobe/space/space_split.png","ascent":-32768,"height":-67,"chars":[""]},{"type":"bitmap","file":"minecraft:mineglobe/space/space_split.png","ascent":-32768,"height":-34,"chars":[""]},{"type":"bitmap","file":"minecraft:mineglobe/space/space_split.png","ascent":-32768,"height":-31,"chars":[""]},{"type":"bitmap","file":"minecraft:mineglobe/space/space_split.png","ascent":-32768,"height":34,"chars":[""]},{"type":"bitmap","file":"minecraft:mineglobe/space/space_split.png","ascent":-32768,"height":-300,"chars":[""]},{"type":"bitmap","file":"minecraft:mineglobe/space/space_split.png","ascent":-32768,"height":-10,"chars":[""]},{"type":"bitmap","file":"minecraft:mineglobe/space/space_split.png","ascent":-32768,"height":-34,"chars":[""]}]}