{"textures":{"0":"pets/bulbshroom"},"elements":[{"name":"cube","from":[4.3999996,6.8,4.3999996],"to":[11.6,11.6,10.4],"rotation":{"angle":0.0,"axis":"x","origin":[8.0,11.0,7.4]},"faces":{"down":{"uv":[7.0,2.5,4.0,5.0],"rotation":0,"texture":"#0","tintindex":0},"east":{"uv":[2.5,8.5,5.0,10.5],"rotation":0,"texture":"#0","tintindex":0},"north":{"uv":[8.0,6.0,11.0,8.0],"rotation":0,"texture":"#0","tintindex":0},"south":{"uv":[8.0,8.0,11.0,10.0],"rotation":0,"texture":"#0","tintindex":0},"up":{"uv":[7.0,2.5,4.0,0.0],"rotation":0,"texture":"#0","tintindex":0},"west":{"uv":[5.0,8.5,7.5,10.5],"rotation":0,"texture":"#0","tintindex":0}}},{"name":"cube","from":[9.2,9.2,3.7999997],"to":[11.0,11.0,4.3999996],"rotation":{"angle":0.0,"axis":"x","origin":[8.0,11.0,7.4]},"faces":{"down":{"uv":[3.25,8.0,2.5,8.25],"rotation":0,"texture":"#0","tintindex":0},"east":{"uv":[7.75,3.5,8.0,4.25],"rotation":0,"texture":"#0","tintindex":0},"north":{"uv":[11.0,5.75,11.75,6.5],"rotation":0,"texture":"#0","tintindex":0},"south":{"uv":[11.0,6.5,11.75,7.25],"rotation":0,"texture":"#0","tintindex":0},"up":{"uv":[7.75,5.0,7.0,4.75],"rotation":0,"texture":"#0","tintindex":0},"west":{"uv":[7.75,4.25,8.0,5.0],"rotation":0,"texture":"#0","tintindex":0}}},{"name":"cube","from":[5.0,9.2,3.7999997],"to":[6.8,11.0,4.3999996],"rotation":{"angle":0.0,"axis":"x","origin":[8.0,11.0,7.4]},"faces":{"down":{"uv":[2.5,8.0,3.25,8.25],"rotation":0,"texture":"#0","tintindex":0},"east":{"uv":[8.0,4.25,7.75,5.0],"rotation":0,"texture":"#0","tintindex":0},"north":{"uv":[11.75,5.75,11.0,6.5],"rotation":0,"texture":"#0","tintindex":0},"south":{"uv":[11.75,6.5,11.0,7.25],"rotation":0,"texture":"#0","tintindex":0},"up":{"uv":[7.0,5.0,7.75,4.75],"rotation":0,"texture":"#0","tintindex":0},"west":{"uv":[8.0,3.5,7.75,4.25],"rotation":0,"texture":"#0","tintindex":0}}}],"display":{"head":{"translation":[0.0,-6.4,0.0],"rotation":[0.0,0.0,0.0],"scale":[3.8095,3.8095,3.8095]}}}