{"textures":{"0":"pets/bulbshroom"},"elements":[{"name":"cube","from":[7.4,5.0,7.1],"to":[8.6,8.0,8.9],"rotation":{"angle":0.0,"axis":"x","origin":[12.2,9.2,7.7]},"faces":{"down":{"uv":[7.25,11.25,7.75,12.0],"rotation":0,"texture":"#0","tintindex":0},"east":{"uv":[7.25,10.5,6.5,11.75],"rotation":0,"texture":"#0","tintindex":0},"north":{"uv":[8.0,8.5,7.5,9.75],"rotation":0,"texture":"#0","tintindex":0},"south":{"uv":[11.5,2.25,11.0,3.5],"rotation":0,"texture":"#0","tintindex":0},"up":{"uv":[11.0,9.5,11.5,8.75],"rotation":0,"texture":"#0","tintindex":0},"west":{"uv":[7.75,3.5,7.0,4.75],"rotation":0,"texture":"#0","tintindex":0}}}],"display":{"head":{"translation":[0.0,-6.4,0.0],"rotation":[0.0,0.0,0.0],"scale":[3.8095,3.8095,3.8095]}}}