{"textures":{"0":"pets/bulbshroom"},"elements":[{"name":"cube","from":[7.4,5.0,7.1],"to":[8.6,8.0,8.9],"rotation":{"angle":0.0,"axis":"x","origin":[3.7999997,9.2,7.7]},"faces":{"down":{"uv":[7.75,11.25,7.25,12.0],"rotation":0,"texture":"#0","tintindex":0},"east":{"uv":[7.0,3.5,7.75,4.75],"rotation":0,"texture":"#0","tintindex":0},"north":{"uv":[7.5,8.5,8.0,9.75],"rotation":0,"texture":"#0","tintindex":0},"south":{"uv":[11.0,2.25,11.5,3.5],"rotation":0,"texture":"#0","tintindex":0},"up":{"uv":[11.5,9.5,11.0,8.75],"rotation":0,"texture":"#0","tintindex":0},"west":{"uv":[6.5,10.5,7.25,11.75],"rotation":0,"texture":"#0","tintindex":0}}}],"display":{"head":{"translation":[0.0,-6.4,0.0],"rotation":[0.0,0.0,0.0],"scale":[3.8095,3.8095,3.8095]}}}