{"textures":{"0":"pets/bulbshroom"},"elements":[{"name":"cube","from":[7.4,6.2,7.4],"to":[8.6,8.0,9.2],"rotation":{"angle":0.0,"axis":"x","origin":[6.2,11.6,8.0]},"faces":{"down":{"uv":[9.75,11.25,9.25,12.0],"rotation":0,"texture":"#0","tintindex":0},"east":{"uv":[11.0,7.25,11.75,8.0],"rotation":0,"texture":"#0","tintindex":0},"north":{"uv":[7.75,11.25,8.25,12.0],"rotation":0,"texture":"#0","tintindex":0},"south":{"uv":[8.25,11.25,8.75,12.0],"rotation":0,"texture":"#0","tintindex":0},"up":{"uv":[9.25,12.0,8.75,11.25],"rotation":0,"texture":"#0","tintindex":0},"west":{"uv":[11.0,8.0,11.75,8.75],"rotation":0,"texture":"#0","tintindex":0}}}],"display":{"head":{"translation":[0.0,-6.4,0.0],"rotation":[0.0,0.0,0.0],"scale":[3.8095,3.8095,3.8095]}}}