{"textures":{"0":"pets/bulbshroom"},"elements":[{"name":"cube","from":[3.1999998,9.9,3.1999998],"to":[12.8,14.100001,12.8],"rotation":{"angle":0.0,"axis":"x","origin":[8.0,2.1,8.0]},"faces":{"down":{"uv":[4.0,4.0,0.0,8.0],"rotation":0,"texture":"#0","tintindex":0},"east":{"uv":[4.0,6.75,8.0,8.5],"rotation":0,"texture":"#0","tintindex":0},"north":{"uv":[4.0,5.0,8.0,6.75],"rotation":0,"texture":"#0","tintindex":0},"south":{"uv":[7.0,0.0,11.0,1.75],"rotation":0,"texture":"#0","tintindex":0},"up":{"uv":[4.0,4.0,0.0,0.0],"rotation":0,"texture":"#0","tintindex":0},"west":{"uv":[7.0,1.75,11.0,3.5],"rotation":0,"texture":"#0","tintindex":0}}},{"name":"cube","from":[5.0,14.100001,5.0],"to":[11.0,17.100002,11.0],"rotation":{"angle":0.0,"axis":"x","origin":[8.0,2.1,8.0]},"faces":{"down":{"uv":[10.5,3.5,8.0,6.0],"rotation":0,"texture":"#0","tintindex":0},"east":{"uv":[10.0,10.0,12.5,11.25],"rotation":0,"texture":"#0","tintindex":0},"north":{"uv":[7.5,10.0,10.0,11.25],"rotation":0,"texture":"#0","tintindex":0},"south":{"uv":[0.0,10.5,2.5,11.75],"rotation":0,"texture":"#0","tintindex":0},"up":{"uv":[2.5,10.5,0.0,8.0],"rotation":0,"texture":"#0","tintindex":0},"west":{"uv":[2.5,10.5,5.0,11.75],"rotation":0,"texture":"#0","tintindex":0}}},{"name":"cube","from":[6.2,8.1,6.2],"to":[9.8,9.9,9.8],"rotation":{"angle":0.0,"axis":"x","origin":[8.0,2.1,8.0]},"faces":{"down":{"uv":[6.5,10.5,5.0,12.0],"rotation":0,"texture":"#0","tintindex":0},"east":{"uv":[11.0,0.0,12.5,0.75],"rotation":0,"texture":"#0","tintindex":0},"north":{"uv":[10.5,5.0,12.0,5.75],"rotation":0,"texture":"#0","tintindex":0},"south":{"uv":[11.0,0.75,12.5,1.5],"rotation":0,"texture":"#0","tintindex":0},"up":{"uv":[12.0,5.0,10.5,3.5],"rotation":0,"texture":"#0","tintindex":0},"west":{"uv":[11.0,1.5,12.5,2.25],"rotation":0,"texture":"#0","tintindex":0}}}],"display":{"head":{"translation":[0.0,-6.4,0.0],"rotation":[0.0,0.0,0.0],"scale":[3.8095,3.8095,3.8095]}}}