{"display":{"thirdperson_righthand":{"rotation":[-87,0,0],"translation":[1,-0.75,-3]},"thirdperson_lefthand":{"rotation":[-87,0,0],"translation":[-0.75,-0.75,-3]},"ground":{"translation":[0,1,0]},"gui":{"rotation":[90,-39.5,0],"translation":[0,-0.75,0],"scale":[0.5,0.5,0.5]},"fixed":{"rotation":[90,39.04,-8.21],"translation":[0.5,0.25,1.25],"scale":[0.5,0.5,0.5]}},"texture_size":[64,64],"textures":{"3":"items/flash/lightning","6":"items/flash/sword"},"elements":[{"from":[2,3.8,-9],"to":[13,3.8,23],"rotation":{"angle":0,"axis":"y","origin":[0,0,16]},"faces":{"north":{"uv":[5.5,0,0,0],"texture":"#3"},"east":{"uv":[16,0,0,0],"texture":"#3"},"south":{"uv":[5.5,0,0,0],"texture":"#3"},"west":{"uv":[16,0,0,0],"texture":"#3"},"up":{"uv":[0,5.5,16,0],"rotation":90,"texture":"#3"},"down":{"uv":[0,5.5,16,11],"rotation":270,"texture":"#3"}}},{"from":[2,4.1,-9],"to":[13,4.1,23],"rotation":{"angle":0,"axis":"y","origin":[0,0,16]},"faces":{"north":{"uv":[5.5,0,0,0],"texture":"#3"},"east":{"uv":[16,0,0,0],"texture":"#3"},"south":{"uv":[5.5,0,0,0],"texture":"#3"},"west":{"uv":[16,0,0,0],"texture":"#3"},"up":{"uv":[0,5.5,16,0],"rotation":90,"texture":"#3"},"down":{"uv":[0,5.5,16,11],"rotation":270,"texture":"#3"}}},{"from":[5,4,-14],"to":[9,4,28],"faces":{"north":{"uv":[0,0,1,0],"texture":"#6"},"east":{"uv":[0,0,10.5,0],"texture":"#6"},"south":{"uv":[0,0,1,0],"texture":"#6"},"west":{"uv":[0,0,10.5,0],"texture":"#6"},"up":{"uv":[1,10.5,0,0],"texture":"#6"},"down":{"uv":[2,0,1,10.5],"texture":"#6"}}}]}