{"display":{"thirdperson_righthand":{"rotation":[0,-85,0],"translation":[1.5,-4.5,2.75],"scale":[1.15,1.15,1.15]},"thirdperson_lefthand":{"rotation":[0,-85,0],"translation":[1.5,-4.5,3.5],"scale":[1.15,1.15,1.15]},"firstperson_righthand":{"rotation":[10,0,-3],"translation":[0,-2.5,0]},"firstperson_lefthand":{"rotation":[10,0,-3],"translation":[0,-2.5,0]},"ground":{"scale":[0.5,0.5,0.5]},"gui":{"rotation":[15,145,0],"translation":[0.25,-1,0],"scale":[0.85,0.85,0.85]},"head":{"rotation":[8,180,3],"translation":[1,-22.25,4],"scale":[1.75,1.75,1.75]},"fixed":{"translation":[-0.75,-2,-0.5],"scale":[1.25,1.25,1.25]}},"texture_size":[32,32],"textures":{"0":"armor/goblin/goblin_shield","particle":"armor/goblin/goblin_shield"},"elements":[{"from":[4,4,7],"to":[13,16,7.5],"faces":{"north":{"uv":[0,0,4.5,6],"texture":"#0"},"east":{"uv":[6,6,6.25,12],"texture":"#0"},"south":{"uv":[0,0,4.5,6],"texture":"#0"},"west":{"uv":[6.5,6,6.75,12],"texture":"#0"},"up":{"uv":[7.5,12.25,3,12],"texture":"#0"},"down":{"uv":[12,12,7.5,12.25],"texture":"#0"}}},{"from":[0.9,4,7.7],"to":[3.9,16,7.7001],"rotation":{"angle":22.5,"axis":"y","origin":[2.5,10,7.20005]},"faces":{"north":{"uv":[4.5,0,6,6],"texture":"#0"},"east":{"uv":[4.5,0,6,6],"texture":"#0"},"south":{"uv":[6,0,4.5,6],"texture":"#0"},"up":{"uv":[4.5,0,6,6],"texture":"#0"},"down":{"uv":[4.5,0,6,6],"texture":"#0"}}},{"from":[13.125,4,7.7],"to":[16.125,16,7.7001],"rotation":{"angle":-22.5,"axis":"y","origin":[13.5,10,7.20005]},"faces":{"north":{"uv":[6,0,4.5,6],"texture":"#0"},"south":{"uv":[4.5,0,6,6],"texture":"#0"},"west":{"uv":[6,0,4.5,6],"texture":"#0"},"up":{"uv":[6,0,4.5,6],"texture":"#0"},"down":{"uv":[6,0,4.5,6],"texture":"#0"}}},{"from":[4,15.93033,7.4682],"to":[6.25,16.93033,7.8682],"rotation":{"angle":45,"axis":"x","origin":[8.5,16.53033,7.3182]},"faces":{"north":{"uv":[12.5,9,13.75,9.5],"texture":"#0"},"east":{"uv":[6,14.5,6.25,15],"texture":"#0"},"south":{"uv":[12.5,9.5,13.75,10],"texture":"#0"},"west":{"uv":[14.5,6,14.75,6.5],"texture":"#0"},"up":{"uv":[14.25,6.25,13,6],"texture":"#0"},"down":{"uv":[14.25,6.5,13,6.75],"texture":"#0"}}},{"from":[10.75,15.93033,7.4682],"to":[13,16.93033,7.8682],"rotation":{"angle":45,"axis":"x","origin":[8.5,16.53033,7.3182]},"faces":{"north":{"uv":[10,12.5,11.25,13],"texture":"#0"},"east":{"uv":[6.5,14.5,6.75,15],"texture":"#0"},"south":{"uv":[12.5,10,13.75,10.5],"texture":"#0"},"west":{"uv":[14.5,6.5,14.75,7],"texture":"#0"},"up":{"uv":[11.25,13.25,10,13],"texture":"#0"},"down":{"uv":[13.75,13,12.5,13.25],"texture":"#0"}}},{"from":[7.25,15.93033,7.4682],"to":[9.75,16.93033,7.8682],"shade":false,"rotation":{"angle":45,"axis":"x","origin":[8.5,16.53033,7.3182]},"faces":{"north":{"uv":[12.5,10.5,13.75,11],"texture":"#0"},"east":{"uv":[7,14.5,7.25,15],"texture":"#0"},"south":{"uv":[12.5,11,13.75,11.5],"texture":"#0"},"west":{"uv":[7.5,14.5,7.75,15],"texture":"#0"},"up":{"uv":[1.25,13.75,0,13.5],"texture":"#0"},"down":{"uv":[14.75,2,13.5,2.25],"texture":"#0"}}},{"from":[7.25,16.41924,7.57782],"to":[9.75,18.41924,7.97782],"rotation":{"angle":-45,"axis":"x","origin":[8.5,16.91924,7.77782]},"faces":{"north":{"uv":[11,0,12.25,1],"texture":"#0"},"east":{"uv":[1.5,13.5,1.75,14.5],"texture":"#0"},"south":{"uv":[11,1,12.25,2],"texture":"#0"},"west":{"uv":[2,13.5,2.25,14.5],"texture":"#0"},"up":{"uv":[14.75,2.75,13.5,2.5],"texture":"#0"},"down":{"uv":[14.75,3,13.5,3.25],"texture":"#0"}}},{"from":[6.37157,12.7955,7.16729],"to":[7.12157,13.2955,11.41729],"rotation":{"angle":22.5,"axis":"x","origin":[6.74657,13.0455,8.54229]},"faces":{"north":{"uv":[14.5,10,15,10.25],"texture":"#0"},"east":{"uv":[13,0,15.25,0.25],"texture":"#0"},"south":{"uv":[14.5,10.5,15,10.75],"texture":"#0"},"west":{"uv":[13,0.5,15.25,0.75],"texture":"#0"},"up":{"uv":[4,14.75,3.5,12.5],"texture":"#0"},"down":{"uv":[4.5,12.5,4,14.75],"texture":"#0"}}},{"from":[6.37157,8.17625,10.79412],"to":[7.12157,12.17625,11.29412],"rotation":{"angle":0,"axis":"y","origin":[8.37157,11.67625,7.66912]},"faces":{"north":{"uv":[6,12.5,6.5,14.5],"texture":"#0"},"east":{"uv":[2.5,13,2.75,15],"texture":"#0"},"south":{"uv":[6.5,12.5,7,14.5],"texture":"#0"},"west":{"uv":[13,4,13.25,6],"texture":"#0"},"up":{"uv":[12,14.75,11.5,14.5],"texture":"#0"},"down":{"uv":[12.5,14.5,12,14.75],"texture":"#0"}}},{"from":[6.37157,7.34402,7.1102],"to":[7.12157,7.84402,11.3602],"rotation":{"angle":-22.5,"axis":"x","origin":[6.74657,7.59402,9.2352]},"faces":{"north":{"uv":[13,14.5,13.5,14.75],"texture":"#0"},"east":{"uv":[13,1,15.25,1.25],"texture":"#0"},"south":{"uv":[13.5,14.5,14,14.75],"texture":"#0"},"west":{"uv":[13,1.5,15.25,1.75],"texture":"#0"},"up":{"uv":[5,14.75,4.5,12.5],"texture":"#0"},"down":{"uv":[5.5,12.5,5,14.75],"texture":"#0"}}},{"from":[9.87157,12.7955,7.16729],"to":[10.62157,13.2955,11.41729],"rotation":{"angle":22.5,"axis":"x","origin":[10.24657,13.0455,8.54229]},"faces":{"north":{"uv":[14.5,10,15,10.25],"texture":"#0"},"east":{"uv":[13,0,15.25,0.25],"texture":"#0"},"south":{"uv":[14.5,10.5,15,10.75],"texture":"#0"},"west":{"uv":[13,0.5,15.25,0.75],"texture":"#0"},"up":{"uv":[4,14.75,3.5,12.5],"texture":"#0"},"down":{"uv":[4.5,12.5,4,14.75],"texture":"#0"}}},{"from":[9.87157,8.17625,10.79412],"to":[10.62157,12.17625,11.29412],"rotation":{"angle":0,"axis":"y","origin":[11.87157,11.67625,7.66912]},"faces":{"north":{"uv":[6,12.5,6.5,14.5],"texture":"#0"},"east":{"uv":[2.5,13,2.75,15],"texture":"#0"},"south":{"uv":[6.5,12.5,7,14.5],"texture":"#0"},"west":{"uv":[13,4,13.25,6],"texture":"#0"},"up":{"uv":[12,14.75,11.5,14.5],"texture":"#0"},"down":{"uv":[12.5,14.5,12,14.75],"texture":"#0"}}},{"from":[9.87157,7.34402,7.1102],"to":[10.62157,7.84402,11.3602],"rotation":{"angle":-22.5,"axis":"x","origin":[10.24657,7.59402,9.2352]},"faces":{"north":{"uv":[13,14.5,13.5,14.75],"texture":"#0"},"east":{"uv":[13,1,15.25,1.25],"texture":"#0"},"south":{"uv":[13.5,14.5,14,14.75],"texture":"#0"},"west":{"uv":[13,1.5,15.25,1.75],"texture":"#0"},"up":{"uv":[5,14.75,4.5,12.5],"texture":"#0"},"down":{"uv":[5.5,12.5,5,14.75],"texture":"#0"}}},{"from":[4,16.41924,7.57782],"to":[6.25,17.66924,7.97782],"rotation":{"angle":-45,"axis":"x","origin":[8.5,16.91924,7.77782]},"faces":{"north":{"uv":[7,12.5,8.25,13.25],"texture":"#0"},"east":{"uv":[1,14.5,1.25,15.25],"texture":"#0"},"south":{"uv":[12.5,7,13.75,7.75],"texture":"#0"},"west":{"uv":[1.5,14.5,1.75,15.25],"texture":"#0"},"up":{"uv":[14.75,3.75,13.5,3.5],"texture":"#0"},"down":{"uv":[14.75,4,13.5,4.25],"texture":"#0"}}},{"from":[10.75,16.41924,7.57782],"to":[13,17.66924,7.97782],"rotation":{"angle":-45,"axis":"x","origin":[8.5,16.91924,7.77782]},"faces":{"north":{"uv":[12.5,8,13.75,8.75],"texture":"#0"},"east":{"uv":[2,14.5,2.25,15.25],"texture":"#0"},"south":{"uv":[8.5,12.5,9.75,13.25],"texture":"#0"},"west":{"uv":[5.5,14.5,5.75,15.25],"texture":"#0"},"up":{"uv":[14.75,4.75,13.5,4.5],"texture":"#0"},"down":{"uv":[14.75,5,13.5,5.25],"texture":"#0"}}},{"from":[7.25,-1.30155,16.17064],"to":[9.75,0.69845,16.57064],"rotation":{"angle":45,"axis":"x","origin":[8.5,13.29845,16.02064]},"faces":{"north":{"uv":[11,2,12.25,3],"texture":"#0"},"east":{"uv":[14,9,14.25,10],"texture":"#0"},"south":{"uv":[11,3,12.25,4],"texture":"#0"},"west":{"uv":[10,14,10.25,15],"texture":"#0"},"up":{"uv":[14.75,5.75,13.5,5.5],"texture":"#0"},"down":{"uv":[8.25,13.5,7,13.75],"texture":"#0"}}},{"from":[4,-1.30155,16.17064],"to":[6.25,0.69845,16.57064],"rotation":{"angle":45,"axis":"x","origin":[8.5,13.29845,16.02064]},"faces":{"north":{"uv":[11,4,12.25,5],"texture":"#0"},"east":{"uv":[14,10,14.25,11],"texture":"#0"},"south":{"uv":[11,5,12.25,6],"texture":"#0"},"west":{"uv":[10.5,14,10.75,15],"texture":"#0"},"up":{"uv":[9.75,13.75,8.5,13.5],"texture":"#0"},"down":{"uv":[11.25,13.5,10,13.75],"texture":"#0"}}},{"from":[10.75,-1.30155,16.17064],"to":[13,0.69845,16.57064],"rotation":{"angle":45,"axis":"x","origin":[8.5,13.29845,16.02064]},"faces":{"north":{"uv":[11,6,12.25,7],"texture":"#0"},"east":{"uv":[11,14,11.25,15],"texture":"#0"},"south":{"uv":[11,7,12.25,8],"texture":"#0"},"west":{"uv":[12.5,14,12.75,15],"texture":"#0"},"up":{"uv":[13.75,13.75,12.5,13.5],"texture":"#0"},"down":{"uv":[1.25,14,0,14.25],"texture":"#0"}}},{"from":[7.25,1.8201,5.93431],"to":[9.75,2.2201,7.93431],"rotation":{"angle":45,"axis":"x","origin":[8.5,2.0201,6.93431]},"faces":{"north":{"uv":[7,14,8.25,14.25],"texture":"#0"},"east":{"uv":[14,11,15,11.25],"texture":"#0"},"south":{"uv":[14,7,15.25,7.25],"texture":"#0"},"west":{"uv":[13,14,14,14.25],"texture":"#0"},"up":{"uv":[12.25,9,11,8],"texture":"#0"},"down":{"uv":[12.25,9,11,10],"texture":"#0"}}},{"from":[10.75,1.8201,5.93431],"to":[13,2.2201,7.93431],"rotation":{"angle":45,"axis":"x","origin":[8.5,2.0201,6.93431]},"faces":{"north":{"uv":[14,7.5,15.25,7.75],"texture":"#0"},"east":{"uv":[14,13,15,13.25],"texture":"#0"},"south":{"uv":[14,8,15.25,8.25],"texture":"#0"},"west":{"uv":[14,13.5,15,13.75],"texture":"#0"},"up":{"uv":[12.25,11,11,10],"texture":"#0"},"down":{"uv":[12.25,11,11,12],"texture":"#0"}}},{"from":[4,1.8201,5.93431],"to":[6.25,2.2201,7.93431],"rotation":{"angle":45,"axis":"x","origin":[8.5,2.0201,6.93431]},"faces":{"north":{"uv":[8.5,14,9.75,14.25],"texture":"#0"},"east":{"uv":[14,14,15,14.25],"texture":"#0"},"south":{"uv":[14,8.5,15.25,8.75],"texture":"#0"},"west":{"uv":[0,14.5,1,14.75],"texture":"#0"},"up":{"uv":[1.25,13,0,12],"texture":"#0"},"down":{"uv":[2.75,12,1.5,13],"texture":"#0"}}},{"from":[12.25,3.8,6.75],"to":[13,16,7],"faces":{"north":{"uv":[0,6,0.5,12],"texture":"#0"},"east":{"uv":[7,6,7.25,12],"texture":"#0"},"south":{"uv":[0.5,6,1,12],"texture":"#0"},"west":{"uv":[7.5,6,7.75,12],"texture":"#0"},"up":{"uv":[14.5,14.75,14,14.5],"texture":"#0"},"down":{"uv":[15,14.5,14.5,14.75],"texture":"#0"}}},{"from":[4,3.8,6.75],"to":[4.75,16,7],"rotation":{"angle":0,"axis":"y","origin":[4.375,9.9,6.875]},"faces":{"north":{"uv":[2,6,2.5,12],"texture":"#0"},"east":{"uv":[9,0,9.25,6],"texture":"#0"},"south":{"uv":[2.5,6,3,12],"texture":"#0"},"west":{"uv":[9,6,9.25,12],"texture":"#0"},"up":{"uv":[15.5,2.25,15,2],"texture":"#0"},"down":{"uv":[3,15,2.5,15.25],"texture":"#0"}}},{"from":[4,3.8,7.5],"to":[4.75,16,7.75],"rotation":{"angle":0,"axis":"y","origin":[4.375,9.9,7.625]},"faces":{"north":{"uv":[3,6,2.5,12],"texture":"#0"},"east":{"uv":[9.25,0,9,6],"texture":"#0"},"south":{"uv":[2.5,6,2,12],"texture":"#0"},"west":{"uv":[9.25,6,9,12],"texture":"#0"},"up":{"uv":[15.5,2,15,2.25],"texture":"#0"},"down":{"uv":[3,15.25,2.5,15],"texture":"#0"}}},{"from":[12.25,3.8,7.5],"to":[13,16,7.75],"rotation":{"angle":0,"axis":"y","origin":[0,0,14.5]},"faces":{"north":{"uv":[1,6,0.5,12],"texture":"#0"},"east":{"uv":[7.25,6,7,12],"texture":"#0"},"south":{"uv":[0.5,6,0,12],"texture":"#0"},"west":{"uv":[7.75,6,7.5,12],"texture":"#0"},"up":{"uv":[14.5,14.5,14,14.75],"texture":"#0"},"down":{"uv":[15,14.75,14.5,14.5],"texture":"#0"}}}]}