{"textures":{"0":"pets/discord1","1":"pets/discord2"},"elements":[{"name":"cube","from":[6.1988,10.9988,9.1538],"to":[9.8012,17.0012,11.6312],"rotation":{"angle":0.0,"axis":"x","origin":[8.0,8.0,-1.0000005]},"faces":{"down":{"uv":[7.0,3.875,6.25,4.375],"rotation":0,"texture":"#1","tintindex":0},"east":{"uv":[2.25,4.625,2.75,5.875],"rotation":0,"texture":"#1","tintindex":0},"north":{"uv":[3.0,2.75,3.75,4.0],"rotation":0,"texture":"#1","tintindex":0},"south":{"uv":[0.0,3.375,0.75,4.625],"rotation":0,"texture":"#1","tintindex":0},"up":{"uv":[5.25,5.875,4.5,5.375],"rotation":0,"texture":"#1","tintindex":0},"west":{"uv":[2.25,4.625,2.75,5.875],"rotation":0,"texture":"#1","tintindex":0}}},{"name":"cube","from":[6.1994,12.7544,7.3994],"to":[9.8006,15.2006,13.4005995],"rotation":{"angle":0.0,"axis":"x","origin":[8.0,8.0,-1.0000005]},"faces":{"down":{"uv":[2.25,3.375,1.5,4.625],"rotation":0,"texture":"#1","tintindex":0},"east":{"uv":[4.0,4.875,5.25,5.375],"rotation":0,"texture":"#1","tintindex":0},"north":{"uv":[6.25,5.625,7.0,6.125],"rotation":0,"texture":"#1","tintindex":0},"south":{"uv":[6.25,6.125,7.0,6.625],"rotation":0,"texture":"#1","tintindex":0},"up":{"uv":[1.5,4.625,0.75,3.375],"rotation":0,"texture":"#1","tintindex":0},"west":{"uv":[4.0,4.875,5.25,5.375],"rotation":0,"texture":"#1","tintindex":0}}},{"name":"cube","from":[6.2,12.77,7.4],"to":[9.8,15.23,13.400001],"rotation":{"angle":-45.0,"axis":"x","origin":[8.0,14.0,10.4]},"faces":{"down":{"uv":[4.5,2.75,3.75,4.0],"rotation":0,"texture":"#1","tintindex":0},"east":{"uv":[5.125,1.25,6.375,1.75],"rotation":0,"texture":"#1","tintindex":0},"north":{"uv":[6.375,2.25,7.125,2.75],"rotation":0,"texture":"#1","tintindex":0},"south":{"uv":[6.375,1.25,7.125,1.75],"rotation":0,"texture":"#1","tintindex":0},"up":{"uv":[3.0,4.625,2.25,3.375],"rotation":0,"texture":"#1","tintindex":0},"west":{"uv":[5.125,1.25,6.375,1.75],"rotation":0,"texture":"#1","tintindex":0}}},{"name":"cube","from":[6.2,12.755,7.4],"to":[9.8,15.245001,13.400001],"rotation":{"angle":45.0,"axis":"x","origin":[8.0,14.0,10.4]},"faces":{"down":{"uv":[4.625,1.25,3.875,2.5],"rotation":0,"texture":"#1","tintindex":0},"east":{"uv":[1.0,5.25,2.25,5.75],"rotation":0,"texture":"#1","tintindex":0},"north":{"uv":[6.375,1.75,7.125,2.25],"rotation":0,"texture":"#1","tintindex":0},"south":{"uv":[6.375,2.25,7.125,2.75],"rotation":0,"texture":"#1","tintindex":0},"up":{"uv":[4.625,1.25,3.875,0.0],"rotation":0,"texture":"#1","tintindex":0},"west":{"uv":[1.0,5.25,2.25,5.75],"rotation":0,"texture":"#1","tintindex":0}}},{"name":"cube","from":[6.0194,14.2844,9.0299],"to":[9.9806,17.9006,11.7686],"rotation":{"angle":0.0,"axis":"x","origin":[8.0,14.592355,10.396479]},"faces":{"down":{"uv":[6.3125,2.25,5.5,2.8125],"rotation":0,"texture":"#1","tintindex":0},"east":{"uv":[6.125,4.875,6.6875,5.625],"rotation":0,"texture":"#1","tintindex":0},"north":{"uv":[5.25,4.5,6.0625,5.25],"rotation":0,"texture":"#1","tintindex":0},"south":{"uv":[5.25,5.25,6.0625,6.0],"rotation":0,"texture":"#1","tintindex":0},"up":{"uv":[0.8125,6.0625,0.0,5.5],"rotation":0,"texture":"#1","tintindex":0},"west":{"uv":[6.125,4.875,6.6875,5.625],"rotation":0,"texture":"#1","tintindex":0}}},{"name":"cube","from":[5.96,12.575,8.2205],"to":[10.04,15.395,11.0405],"rotation":{"angle":45.0,"axis":"x","origin":[8.0,13.235001,10.3805]},"faces":{"down":{"uv":[5.75,2.875,6.5625,3.4375],"rotation":0,"texture":"#1","tintindex":0},"east":{"uv":[2.0,6.5,2.5625,7.0625],"rotation":0,"texture":"#1","tintindex":0},"north":{"uv":[5.75,2.875,6.5625,3.4375],"rotation":0,"texture":"#1","tintindex":0},"south":{"uv":[5.75,2.875,6.5625,3.4375],"rotation":0,"texture":"#1","tintindex":0},"up":{"uv":[5.75,2.875,6.5625,3.4375],"rotation":0,"texture":"#1","tintindex":0},"west":{"uv":[2.0,6.5,2.5625,7.0625],"rotation":0,"texture":"#1","tintindex":0}}},{"name":"cube","from":[6.0199995,13.227271,11.904375],"to":[9.98,15.963271,13.704375],"rotation":{"angle":-45.0,"axis":"x","origin":[8.0,14.592355,10.396479]},"faces":{"down":{"uv":[7.4375,2.75,6.625,3.125],"rotation":0,"texture":"#1","tintindex":0},"east":{"uv":[6.5,7.0,6.875,7.5625],"rotation":0,"texture":"#1","tintindex":0},"north":{"uv":[1.75,5.875,2.5625,6.4375],"rotation":0,"texture":"#1","tintindex":0},"south":{"uv":[3.5,6.0,4.3125,6.5625],"rotation":0,"texture":"#1","tintindex":0},"up":{"uv":[3.4375,7.0,2.625,6.625],"rotation":0,"texture":"#1","tintindex":0},"west":{"uv":[6.5,7.0,6.875,7.5625],"rotation":0,"texture":"#1","tintindex":0}}},{"name":"cube","from":[6.0188,14.2793,7.0987997],"to":[9.9812,15.966201,13.7012],"rotation":{"angle":0.0,"axis":"x","origin":[8.0,14.592355,10.396479]},"faces":{"down":{"uv":[3.8125,1.375,3.0,2.75],"rotation":0,"texture":"#1","tintindex":0},"east":{"uv":[6.125,4.5,7.5,4.8125],"rotation":0,"texture":"#1","tintindex":0},"north":{"uv":[4.375,6.625,5.1875,6.9375],"rotation":0,"texture":"#1","tintindex":0},"south":{"uv":[4.375,6.625,5.1875,6.9375],"rotation":0,"texture":"#1","tintindex":0},"up":{"uv":[3.8125,1.375,3.0,0.0],"rotation":0,"texture":"#1","tintindex":0},"west":{"uv":[6.125,4.5,7.5,4.8125],"rotation":0,"texture":"#1","tintindex":0}}},{"name":"cube","from":[6.0199995,13.23075,7.093562],"to":[9.98,15.968251,8.893562],"rotation":{"angle":45.0,"axis":"x","origin":[8.0,14.592355,10.396479]},"faces":{"down":{"uv":[4.3125,6.625,3.5,7.0],"rotation":0,"texture":"#1","tintindex":0},"east":{"uv":[7.125,1.25,7.5,1.8125],"rotation":0,"texture":"#1","tintindex":0},"north":{"uv":[3.5,6.0,4.3125,6.5625],"rotation":0,"texture":"#1","tintindex":0},"south":{"uv":[4.375,6.0,5.1875,6.5625],"rotation":0,"texture":"#1","tintindex":0},"up":{"uv":[7.4375,3.5,6.625,3.125],"rotation":0,"texture":"#1","tintindex":0},"west":{"uv":[7.125,1.25,7.5,1.8125],"rotation":0,"texture":"#1","tintindex":0}}}],"display":{"head":{"translation":[0.0,-6.4,0.0],"rotation":[0.0,0.0,0.0],"scale":[3.8095,3.8095,3.8095]}}}