{"textures":{"0":"pets/discord1","1":"pets/discord2"},"elements":[{"name":"cube","from":[6.3199997,7.1,7.37],"to":[9.68,8.06,9.29],"rotation":{"angle":0.0,"axis":"x","origin":[8.0,3.2599998,7.85]},"faces":{"down":{"uv":[9.875,0.75,8.5,1.5],"rotation":0,"texture":"#0","tintindex":0},"east":{"uv":[3.5,7.5,4.25,7.875],"rotation":0,"texture":"#0","tintindex":0},"north":{"uv":[9.0,2.5,10.375,2.875],"rotation":0,"texture":"#0","tintindex":0},"south":{"uv":[9.0,2.5,10.375,2.875],"rotation":0,"texture":"#0","tintindex":0},"up":{"uv":[9.875,0.75,8.5,0.0],"rotation":0,"texture":"#0","tintindex":0},"west":{"uv":[3.5,7.5,4.25,7.875],"rotation":0,"texture":"#0","tintindex":0}}},{"name":"cube","from":[6.08,4.22,7.13],"to":[9.92,7.1,9.530001],"rotation":{"angle":0.0,"axis":"x","origin":[8.0,3.2599998,7.85]},"faces":{"down":{"uv":[6.875,8.0,5.25,9.0],"rotation":0,"texture":"#0","tintindex":0},"east":{"uv":[7.0,8.0,8.0,9.25],"rotation":0,"texture":"#0","tintindex":0},"north":{"uv":[1.75,7.5,3.375,8.75],"rotation":0,"texture":"#0","tintindex":0},"south":{"uv":[1.75,7.5,3.375,8.75],"rotation":0,"texture":"#0","tintindex":0},"up":{"uv":[9.625,5.75,8.0,4.75],"rotation":0,"texture":"#0","tintindex":0},"west":{"uv":[7.0,8.0,8.0,9.25],"rotation":0,"texture":"#0","tintindex":0}}}],"display":{"head":{"translation":[0.0,-6.4,0.0],"rotation":[0.0,0.0,0.0],"scale":[3.8095,3.8095,3.8095]}}}