{"textures":{"0":"pets/discord1","1":"pets/discord2"},"elements":[{"name":"cube","from":[10.1,8.45,8.45],"to":[11.0,9.35,9.8],"rotation":{"angle":0.0,"axis":"x","origin":[8.0,3.7999997,4.3999996]},"faces":{"down":{"uv":[9.3125,7.0,8.875,7.1875],"rotation":90,"texture":"#1","tintindex":0},"east":{"uv":[9.3125,7.0,8.875,7.1875],"rotation":0,"texture":"#1","tintindex":0},"north":{"uv":[3.75,9.375,3.9375,9.5625],"rotation":0,"texture":"#1","tintindex":0},"south":{"uv":[4.0,9.375,4.1875,9.5625],"rotation":0,"texture":"#1","tintindex":0},"up":{"uv":[8.875,7.0,9.3125,7.1875],"rotation":90,"texture":"#1","tintindex":0},"west":{"uv":[8.875,7.0,9.3125,7.1875],"rotation":0,"texture":"#1","tintindex":0}}},{"name":"cube","from":[9.950001,8.3,9.8],"to":[11.15,9.5,10.700001],"rotation":{"angle":0.0,"axis":"x","origin":[8.0,3.7999997,4.3999996]},"faces":{"down":{"uv":[9.375,1.0,9.5625,1.25],"rotation":90,"texture":"#1","tintindex":0},"east":{"uv":[9.375,1.0,9.5625,1.25],"rotation":0,"texture":"#1","tintindex":0},"north":{"uv":[9.0,5.125,9.25,5.375],"rotation":0,"texture":"#1","tintindex":0},"south":{"uv":[9.0,3.25,9.25,3.5],"rotation":0,"texture":"#1","tintindex":0},"up":{"uv":[9.375,1.0,9.5625,1.25],"rotation":90,"texture":"#1","tintindex":0},"west":{"uv":[9.375,1.0,9.5625,1.25],"rotation":0,"texture":"#1","tintindex":0}}},{"name":"cube","from":[9.8,8.15,10.700001],"to":[11.3,9.65,13.1],"rotation":{"angle":0.0,"axis":"x","origin":[8.0,3.7999997,4.3999996]},"faces":{"down":{"uv":[8.0,3.125,8.5,3.4375],"rotation":90,"texture":"#1","tintindex":0},"east":{"uv":[8.0,3.125,8.5,3.4375],"rotation":0,"texture":"#1","tintindex":0},"north":{"uv":[0.0,8.625,0.3125,8.9375],"rotation":0,"texture":"#1","tintindex":0},"south":{"uv":[0.0,8.625,0.3125,8.9375],"rotation":0,"texture":"#1","tintindex":0},"up":{"uv":[8.0,3.125,8.5,3.4375],"rotation":90,"texture":"#1","tintindex":0},"west":{"uv":[8.0,3.125,8.5,3.4375],"rotation":0,"texture":"#1","tintindex":0}}},{"name":"cube","from":[10.55,8.285,13.1],"to":[10.55,9.485001,14.45],"rotation":{"angle":0.0,"axis":"x","origin":[8.0,3.7999997,4.3999996]},"faces":{"down":{"uv":[0.0,0.0,0.0,0.3125],"rotation":0,"texture":"#1","tintindex":0},"east":{"uv":[9.3125,1.5,9.0,1.75],"rotation":0,"texture":"#1","tintindex":0},"north":{"uv":[0.0,0.0,0.0,0.25],"rotation":0,"texture":"#1","tintindex":0},"south":{"uv":[0.0,0.0,0.0,0.25],"rotation":0,"texture":"#1","tintindex":0},"up":{"uv":[0.0,0.3125,0.0,0.0],"rotation":0,"texture":"#1","tintindex":0},"west":{"uv":[9.0,1.5,9.3125,1.75],"rotation":0,"texture":"#1","tintindex":0}}},{"name":"cube","from":[9.950001,8.885,13.1],"to":[11.15,8.885,14.45],"rotation":{"angle":0.0,"axis":"x","origin":[8.0,3.7999997,4.3999996]},"faces":{"down":{"uv":[9.3125,1.5,9.0,1.75],"rotation":90,"texture":"#1","tintindex":0},"east":{"uv":[0.0,0.0,0.3125,0.0],"rotation":0,"texture":"#1","tintindex":0},"north":{"uv":[0.0,0.0,0.25,0.0],"rotation":0,"texture":"#1","tintindex":0},"south":{"uv":[0.0,0.0,0.25,0.0],"rotation":0,"texture":"#1","tintindex":0},"up":{"uv":[9.0,1.5,9.3125,1.75],"rotation":90,"texture":"#1","tintindex":0},"west":{"uv":[0.0,0.0,0.3125,0.0],"rotation":0,"texture":"#1","tintindex":0}}}],"display":{"head":{"translation":[0.0,-6.4,0.0],"rotation":[0.0,0.0,0.0],"scale":[3.8095,3.8095,3.8095]}}}