{"textures":{"0":"pets/discord1","1":"pets/discord2"},"elements":[{"name":"cube","from":[8.0,6.6499996,7.31],"to":[8.15,8.06,8.719999],"rotation":{"angle":-45.0,"axis":"x","origin":[12.8,7.7,7.16]},"faces":{"down":{"uv":[8.8125,9.8125,8.75,9.5],"rotation":0,"texture":"#1","tintindex":0},"east":{"uv":[0.75,8.625,1.0625,8.9375],"rotation":0,"texture":"#1","tintindex":0},"north":{"uv":[8.8125,9.8125,8.75,9.5],"rotation":0,"texture":"#1","tintindex":0},"south":{"uv":[8.8125,9.8125,8.75,9.5],"rotation":0,"texture":"#1","tintindex":0},"up":{"uv":[8.8125,9.8125,8.75,9.5],"rotation":0,"texture":"#1","tintindex":0},"west":{"uv":[2.375,8.625,2.6875,8.9375],"rotation":0,"texture":"#1","tintindex":0}}},{"name":"cube","from":[8.15,6.35,7.01],"to":[8.75,8.360001,9.02],"rotation":{"angle":-45.0,"axis":"x","origin":[12.8,7.7,7.16]},"faces":{"down":{"uv":[5.25,9.6875,5.125,9.25],"rotation":0,"texture":"#1","tintindex":0},"east":{"uv":[3.5,7.125,3.9375,7.5625],"rotation":0,"texture":"#1","tintindex":0},"north":{"uv":[5.25,9.6875,5.125,9.25],"rotation":0,"texture":"#1","tintindex":0},"south":{"uv":[5.25,9.6875,5.125,9.25],"rotation":0,"texture":"#1","tintindex":0},"up":{"uv":[5.25,9.6875,5.125,9.25],"rotation":0,"texture":"#1","tintindex":0},"west":{"uv":[7.25,7.0,7.6875,7.4375],"rotation":0,"texture":"#1","tintindex":0}}},{"name":"cube","from":[8.3,7.04,8.96],"to":[8.75,7.55,10.969999],"rotation":{"angle":-45.0,"axis":"x","origin":[12.8,7.7,7.16]},"faces":{"down":{"uv":[0.625,9.25,0.5,9.6875],"rotation":0,"texture":"#1","tintindex":0},"east":{"uv":[0.625,9.6875,0.5,9.25],"rotation":90,"texture":"#1","tintindex":0},"north":{"uv":[9.625,1.625,9.75,1.75],"rotation":0,"texture":"#1","tintindex":0},"south":{"uv":[1.75,9.625,1.875,9.75],"rotation":0,"texture":"#1","tintindex":0},"up":{"uv":[0.625,9.6875,0.5,9.25],"rotation":0,"texture":"#1","tintindex":0},"west":{"uv":[0.5,9.25,0.625,9.6875],"rotation":90,"texture":"#1","tintindex":0}}},{"name":"cube","from":[16.85,6.35,7.01],"to":[17.45,8.360001,9.02],"rotation":{"angle":-45.0,"axis":"x","origin":[12.8,7.7,7.16]},"faces":{"down":{"uv":[5.25,9.6875,5.125,9.25],"rotation":0,"texture":"#1","tintindex":0},"east":{"uv":[7.25,7.0,7.6875,7.4375],"rotation":0,"texture":"#1","tintindex":0},"north":{"uv":[5.25,9.6875,5.125,9.25],"rotation":0,"texture":"#1","tintindex":0},"south":{"uv":[5.25,9.6875,5.125,9.25],"rotation":0,"texture":"#1","tintindex":0},"up":{"uv":[5.25,9.6875,5.125,9.25],"rotation":0,"texture":"#1","tintindex":0},"west":{"uv":[3.0,7.125,3.4375,7.5625],"rotation":0,"texture":"#1","tintindex":0}}},{"name":"cube","from":[17.45,6.6499996,7.31],"to":[17.6,8.06,8.719999],"rotation":{"angle":-45.0,"axis":"x","origin":[12.8,7.7,7.16]},"faces":{"down":{"uv":[8.8125,9.8125,8.75,9.5],"rotation":0,"texture":"#1","tintindex":0},"east":{"uv":[2.375,8.625,2.6875,8.9375],"rotation":0,"texture":"#1","tintindex":0},"north":{"uv":[8.8125,9.8125,8.75,9.5],"rotation":0,"texture":"#1","tintindex":0},"south":{"uv":[8.8125,9.8125,8.75,9.5],"rotation":0,"texture":"#1","tintindex":0},"up":{"uv":[8.8125,9.8125,8.75,9.5],"rotation":0,"texture":"#1","tintindex":0},"west":{"uv":[8.625,0.625,8.9375,0.9375],"rotation":0,"texture":"#1","tintindex":0}}},{"name":"cube","from":[16.85,7.04,8.96],"to":[17.3,7.55,10.969999],"rotation":{"angle":-45.0,"axis":"x","origin":[12.8,7.7,7.16]},"faces":{"down":{"uv":[0.5,9.25,0.625,9.6875],"rotation":0,"texture":"#1","tintindex":0},"east":{"uv":[0.625,9.6875,0.5,9.25],"rotation":90,"texture":"#1","tintindex":0},"north":{"uv":[1.5,9.625,1.625,9.75],"rotation":0,"texture":"#1","tintindex":0},"south":{"uv":[1.75,9.625,1.875,9.75],"rotation":0,"texture":"#1","tintindex":0},"up":{"uv":[0.625,9.6875,0.5,9.25],"rotation":0,"texture":"#1","tintindex":0},"west":{"uv":[0.625,9.6875,0.5,9.25],"rotation":90,"texture":"#1","tintindex":0}}}],"display":{"head":{"translation":[0.0,-6.4,0.0],"rotation":[0.0,0.0,0.0],"scale":[3.8095,3.8095,3.8095]}}}