{"textures":{"0":"pets/discord1","1":"pets/discord2"},"elements":[{"name":"cube","from":[10.0994005,7.9094005,7.9994],"to":[11.0006,8.000601,8.000601],"rotation":{"angle":0.0,"axis":"x","origin":[8.3,3.4999998,9.8]},"faces":{"down":{"uv":[0.5,0.0,0.0,0.0],"rotation":0,"texture":"#0","tintindex":0},"east":{"uv":[0.0,0.0,0.0,0.25],"rotation":0,"texture":"#0","tintindex":0},"north":{"uv":[2.75,0.75,3.25,1.0],"rotation":0,"texture":"#0","tintindex":0},"south":{"uv":[4.75,5.75,5.25,6.0],"rotation":0,"texture":"#0","tintindex":0},"up":{"uv":[0.5,0.0,0.0,0.0],"rotation":0,"texture":"#0","tintindex":0},"west":{"uv":[0.0,0.0,0.0,0.25],"rotation":0,"texture":"#0","tintindex":0}}},{"name":"cube","from":[10.999401,7.9094005,7.9994],"to":[11.4506,8.000601,8.000601],"rotation":{"angle":-22.5,"axis":"z","origin":[11.0,8.0,8.0]},"faces":{"down":{"uv":[0.5,0.0,0.0,0.0],"rotation":0,"texture":"#0","tintindex":0},"east":{"uv":[0.0,0.0,0.0,0.25],"rotation":0,"texture":"#0","tintindex":0},"north":{"uv":[2.75,0.75,3.25,1.0],"rotation":0,"texture":"#0","tintindex":0},"south":{"uv":[4.75,5.75,5.25,6.0],"rotation":0,"texture":"#0","tintindex":0},"up":{"uv":[0.5,0.0,0.0,0.0],"rotation":0,"texture":"#0","tintindex":0},"west":{"uv":[0.0,0.0,0.0,0.25],"rotation":0,"texture":"#0","tintindex":0}}},{"name":"cube","from":[5.5994,7.9094005,7.9994],"to":[6.5006,8.000601,8.000601],"rotation":{"angle":0.0,"axis":"x","origin":[8.3,3.4999998,9.8]},"faces":{"down":{"uv":[0.5,0.0,0.0,0.0],"rotation":0,"texture":"#0","tintindex":0},"east":{"uv":[0.0,0.0,0.0,0.25],"rotation":0,"texture":"#0","tintindex":0},"north":{"uv":[4.75,0.75,5.25,1.0],"rotation":0,"texture":"#0","tintindex":0},"south":{"uv":[4.75,5.75,5.25,6.0],"rotation":0,"texture":"#0","tintindex":0},"up":{"uv":[0.5,0.0,0.0,0.0],"rotation":0,"texture":"#0","tintindex":0},"west":{"uv":[0.0,0.0,0.0,0.25],"rotation":0,"texture":"#0","tintindex":0}}},{"name":"cube","from":[5.1493998,7.9094005,7.9994],"to":[5.6006,8.000601,8.000601],"rotation":{"angle":22.5,"axis":"z","origin":[5.6,8.0,8.0]},"faces":{"down":{"uv":[0.0,0.0,0.5,0.0],"rotation":0,"texture":"#0","tintindex":0},"east":{"uv":[0.0,0.0,0.0,0.25],"rotation":0,"texture":"#0","tintindex":0},"north":{"uv":[3.25,0.75,2.75,1.0],"rotation":0,"texture":"#0","tintindex":0},"south":{"uv":[5.25,5.75,4.75,6.0],"rotation":0,"texture":"#0","tintindex":0},"up":{"uv":[0.0,0.0,0.5,0.0],"rotation":0,"texture":"#0","tintindex":0},"west":{"uv":[0.0,0.0,0.0,0.25],"rotation":0,"texture":"#0","tintindex":0}}}],"display":{"head":{"translation":[0.0,-6.4,0.0],"rotation":[0.0,0.0,0.0],"scale":[3.8095,3.8095,3.8095]}}}