{"textures":{"0":"pets/discord1","1":"pets/discord2"},"elements":[{"name":"cube","from":[5.3,8.0,4.5499997],"to":[5.6,8.3,8.15],"rotation":{"angle":0.0,"axis":"x","origin":[8.0,3.7999997,8.75]},"faces":{"down":{"uv":[10.0,5.75,9.25,5.8125],"rotation":90,"texture":"#1","tintindex":0},"east":{"uv":[9.25,5.75,10.0,5.8125],"rotation":0,"texture":"#1","tintindex":0},"north":{"uv":[3.875,9.625,3.9375,9.6875],"rotation":0,"texture":"#1","tintindex":0},"south":{"uv":[4.0,9.625,4.0625,9.6875],"rotation":0,"texture":"#1","tintindex":0},"up":{"uv":[9.25,5.75,10.0,5.8125],"rotation":90,"texture":"#1","tintindex":0},"west":{"uv":[9.25,5.75,10.0,5.8125],"rotation":0,"texture":"#1","tintindex":0}}},{"name":"cube","from":[5.3,8.3,4.5499997],"to":[5.6,8.6,4.85],"rotation":{"angle":0.0,"axis":"x","origin":[8.0,3.7999997,8.75]},"faces":{"down":{"uv":[9.6875,4.5,9.625,4.5625],"rotation":0,"texture":"#1","tintindex":0},"east":{"uv":[9.625,4.375,9.6875,4.4375],"rotation":0,"texture":"#1","tintindex":0},"north":{"uv":[9.625,4.375,9.6875,4.4375],"rotation":0,"texture":"#1","tintindex":0},"south":{"uv":[9.625,4.375,9.6875,4.4375],"rotation":0,"texture":"#1","tintindex":0},"up":{"uv":[4.5625,9.6875,4.5,9.625],"rotation":0,"texture":"#1","tintindex":0},"west":{"uv":[9.625,4.375,9.6875,4.4375],"rotation":0,"texture":"#1","tintindex":0}}},{"name":"cube","from":[5.24,8.6,4.49],"to":[5.66,9.35,4.91],"rotation":{"angle":0.0,"axis":"x","origin":[8.0,3.7999997,8.75]},"faces":{"down":{"uv":[9.6875,4.625,9.625,4.6875],"rotation":0,"texture":"#1","tintindex":0},"east":{"uv":[9.625,2.375,9.6875,2.5625],"rotation":0,"texture":"#1","tintindex":0},"north":{"uv":[9.625,2.375,9.6875,2.5625],"rotation":0,"texture":"#1","tintindex":0},"south":{"uv":[9.625,2.375,9.6875,2.5625],"rotation":0,"texture":"#1","tintindex":0},"up":{"uv":[4.6875,9.6875,4.625,9.625],"rotation":0,"texture":"#1","tintindex":0},"west":{"uv":[9.625,2.375,9.6875,2.5625],"rotation":0,"texture":"#1","tintindex":0}}},{"name":"cube","from":[5.18,9.35,4.43],"to":[5.72,9.59,4.97],"rotation":{"angle":0.0,"axis":"x","origin":[8.0,3.7999997,8.75]},"faces":{"down":{"uv":[1.75,6.375,1.625,6.5],"rotation":0,"texture":"#1","tintindex":0},"east":{"uv":[3.375,9.625,3.5,9.6875],"rotation":0,"texture":"#1","tintindex":0},"north":{"uv":[3.375,9.625,3.5,9.6875],"rotation":0,"texture":"#1","tintindex":0},"south":{"uv":[3.375,9.625,3.5,9.6875],"rotation":0,"texture":"#1","tintindex":0},"up":{"uv":[2.75,6.0,2.625,5.875],"rotation":0,"texture":"#1","tintindex":0},"west":{"uv":[3.375,9.625,3.5,9.6875],"rotation":0,"texture":"#1","tintindex":0}}},{"name":"cube","from":[5.24,9.5,4.49],"to":[5.66,9.8,4.91],"rotation":{"angle":0.0,"axis":"x","origin":[8.0,3.7999997,8.75]},"faces":{"down":{"uv":[9.6875,5.125,9.625,5.1875],"rotation":0,"texture":"#1","tintindex":0},"east":{"uv":[9.625,4.875,9.6875,4.9375],"rotation":0,"texture":"#1","tintindex":0},"north":{"uv":[9.625,4.875,9.6875,4.9375],"rotation":0,"texture":"#1","tintindex":0},"south":{"uv":[9.625,4.875,9.6875,4.9375],"rotation":0,"texture":"#1","tintindex":0},"up":{"uv":[9.6875,5.0625,9.625,5.0],"rotation":0,"texture":"#1","tintindex":0},"west":{"uv":[9.625,4.875,9.6875,4.9375],"rotation":0,"texture":"#1","tintindex":0}}},{"name":"cube","from":[10.4,8.0,4.5499997],"to":[10.700001,8.3,8.15],"rotation":{"angle":0.0,"axis":"x","origin":[8.0,3.7999997,8.75]},"faces":{"down":{"uv":[10.0,5.75,9.25,5.8125],"rotation":90,"texture":"#1","tintindex":0},"east":{"uv":[9.25,5.75,10.0,5.8125],"rotation":0,"texture":"#1","tintindex":0},"north":{"uv":[3.875,9.625,3.9375,9.6875],"rotation":0,"texture":"#1","tintindex":0},"south":{"uv":[9.625,5.25,9.6875,5.3125],"rotation":0,"texture":"#1","tintindex":0},"up":{"uv":[9.25,5.75,10.0,5.8125],"rotation":90,"texture":"#1","tintindex":0},"west":{"uv":[9.25,5.75,10.0,5.8125],"rotation":0,"texture":"#1","tintindex":0}}},{"name":"cube","from":[10.4,8.3,4.5499997],"to":[10.700001,8.6,4.85],"rotation":{"angle":0.0,"axis":"x","origin":[8.0,3.7999997,8.75]},"faces":{"down":{"uv":[5.8125,9.625,5.75,9.6875],"rotation":0,"texture":"#1","tintindex":0},"east":{"uv":[9.625,4.375,9.6875,4.4375],"rotation":0,"texture":"#1","tintindex":0},"north":{"uv":[9.625,4.375,9.6875,4.4375],"rotation":0,"texture":"#1","tintindex":0},"south":{"uv":[9.625,4.375,9.6875,4.4375],"rotation":0,"texture":"#1","tintindex":0},"up":{"uv":[5.6875,9.6875,5.625,9.625],"rotation":0,"texture":"#1","tintindex":0},"west":{"uv":[9.625,4.375,9.6875,4.4375],"rotation":0,"texture":"#1","tintindex":0}}},{"name":"cube","from":[10.34,8.6,4.49],"to":[10.76,9.35,4.91],"rotation":{"angle":0.0,"axis":"x","origin":[8.0,3.7999997,8.75]},"faces":{"down":{"uv":[6.0625,9.625,6.0,9.6875],"rotation":0,"texture":"#1","tintindex":0},"east":{"uv":[9.625,2.375,9.6875,2.5625],"rotation":0,"texture":"#1","tintindex":0},"north":{"uv":[9.625,2.375,9.6875,2.5625],"rotation":0,"texture":"#1","tintindex":0},"south":{"uv":[9.625,2.375,9.6875,2.5625],"rotation":0,"texture":"#1","tintindex":0},"up":{"uv":[5.9375,9.6875,5.875,9.625],"rotation":0,"texture":"#1","tintindex":0},"west":{"uv":[9.625,2.375,9.6875,2.5625],"rotation":0,"texture":"#1","tintindex":0}}},{"name":"cube","from":[10.280001,9.35,4.43],"to":[10.82,9.59,4.97],"rotation":{"angle":0.0,"axis":"x","origin":[8.0,3.7999997,8.75]},"faces":{"down":{"uv":[1.75,6.375,1.625,6.5],"rotation":0,"texture":"#1","tintindex":0},"east":{"uv":[3.375,9.625,3.5,9.6875],"rotation":0,"texture":"#1","tintindex":0},"north":{"uv":[3.375,9.625,3.5,9.6875],"rotation":0,"texture":"#1","tintindex":0},"south":{"uv":[3.375,9.625,3.5,9.6875],"rotation":0,"texture":"#1","tintindex":0},"up":{"uv":[2.75,6.0,2.625,5.875],"rotation":0,"texture":"#1","tintindex":0},"west":{"uv":[3.375,9.625,3.5,9.6875],"rotation":0,"texture":"#1","tintindex":0}}},{"name":"cube","from":[10.34,9.5,4.49],"to":[10.76,9.8,4.91],"rotation":{"angle":0.0,"axis":"x","origin":[8.0,3.7999997,8.75]},"faces":{"down":{"uv":[9.6875,6.875,9.625,6.9375],"rotation":0,"texture":"#1","tintindex":0},"east":{"uv":[9.625,4.875,9.6875,4.9375],"rotation":0,"texture":"#1","tintindex":0},"north":{"uv":[9.625,4.875,9.6875,4.9375],"rotation":0,"texture":"#1","tintindex":0},"south":{"uv":[9.625,4.875,9.6875,4.9375],"rotation":0,"texture":"#1","tintindex":0},"up":{"uv":[9.6875,5.0625,9.625,5.0],"rotation":0,"texture":"#1","tintindex":0},"west":{"uv":[9.625,6.75,9.6875,6.8125],"rotation":0,"texture":"#1","tintindex":0}}}],"display":{"head":{"translation":[0.0,-6.4,0.0],"rotation":[0.0,0.0,0.0],"scale":[3.8095,3.8095,3.8095]}}}