{"textures":{"0":"pets/discord1","1":"pets/discord2"},"elements":[{"name":"cube","from":[4.3999996,8.0,5.45],"to":[11.6,8.6,10.55],"rotation":{"angle":0.0,"axis":"x","origin":[8.0,8.0,8.0]},"faces":{"down":{"uv":[1.5,2.25,0.0,3.3125],"rotation":0,"texture":"#1","tintindex":0},"east":{"uv":[7.875,6.375,8.9375,6.5],"rotation":0,"texture":"#1","tintindex":0},"north":{"uv":[7.125,3.75,8.625,3.875],"rotation":0,"texture":"#1","tintindex":0},"south":{"uv":[7.375,2.625,8.875,2.75],"rotation":0,"texture":"#1","tintindex":0},"up":{"uv":[1.5,1.0625,0.0,0.0],"rotation":0,"texture":"#1","tintindex":0},"west":{"uv":[7.875,6.375,8.9375,6.5],"rotation":0,"texture":"#1","tintindex":0}}},{"name":"cube","from":[4.3999996,8.6,10.25],"to":[11.6,13.55,10.85],"rotation":{"angle":0.0,"axis":"x","origin":[8.0,8.0,8.0]},"faces":{"down":{"uv":[9.0,1.375,7.5,1.5],"rotation":0,"texture":"#1","tintindex":0},"east":{"uv":[7.0,8.125,7.125,9.1875],"rotation":0,"texture":"#1","tintindex":0},"north":{"uv":[1.5,0.0,3.0,1.0625],"rotation":0,"texture":"#1","tintindex":0},"south":{"uv":[1.5,1.125,3.0,2.1875],"rotation":0,"texture":"#1","tintindex":0},"up":{"uv":[9.0,1.375,7.5,1.25],"rotation":0,"texture":"#1","tintindex":0},"west":{"uv":[7.0,8.125,7.125,9.1875],"rotation":0,"texture":"#1","tintindex":0}}},{"name":"cube","from":[4.3999996,13.55,5.45],"to":[11.6,14.150001,10.55],"rotation":{"angle":0.0,"axis":"x","origin":[8.0,8.0,8.0]},"faces":{"down":{"uv":[3.0,2.25,1.5,3.3125],"rotation":0,"texture":"#1","tintindex":0},"east":{"uv":[8.0,5.0,9.0625,5.125],"rotation":0,"texture":"#1","tintindex":0},"north":{"uv":[7.5,1.5,9.0,1.625],"rotation":0,"texture":"#1","tintindex":0},"south":{"uv":[7.5,1.5,9.0,1.625],"rotation":0,"texture":"#1","tintindex":0},"up":{"uv":[1.5,3.3125,0.0,2.25],"rotation":0,"texture":"#1","tintindex":0},"west":{"uv":[8.0,5.0,9.0625,5.125],"rotation":0,"texture":"#1","tintindex":0}}},{"name":"cube","from":[5.6,13.31,5.255],"to":[10.4,13.910001,5.855],"rotation":{"angle":22.5,"axis":"x","origin":[8.0,13.55,5.9449997]},"faces":{"down":{"uv":[9.375,2.125,8.375,2.25],"rotation":0,"texture":"#1","tintindex":0},"east":{"uv":[0.875,9.625,1.0,9.75],"rotation":0,"texture":"#1","tintindex":0},"north":{"uv":[8.375,1.0,9.375,1.125],"rotation":0,"texture":"#1","tintindex":0},"south":{"uv":[8.375,1.0,9.375,1.125],"rotation":0,"texture":"#1","tintindex":0},"up":{"uv":[9.375,2.125,8.375,2.0],"rotation":0,"texture":"#1","tintindex":0},"west":{"uv":[0.875,9.625,1.0,9.75],"rotation":0,"texture":"#1","tintindex":0}}},{"name":"cube","from":[6.8,12.860001,5.255],"to":[9.2,13.31,5.855],"rotation":{"angle":22.5,"axis":"x","origin":[8.0,13.55,5.9449997]},"faces":{"down":{"uv":[9.5,6.125,9.0,6.25],"rotation":0,"texture":"#1","tintindex":0},"east":{"uv":[9.625,1.0,9.75,1.125],"rotation":0,"texture":"#1","tintindex":0},"north":{"uv":[1.75,5.75,2.25,5.875],"rotation":0,"texture":"#1","tintindex":0},"south":{"uv":[1.75,5.75,2.25,5.875],"rotation":0,"texture":"#1","tintindex":0},"up":{"uv":[9.5,1.0,9.0,0.875],"rotation":0,"texture":"#1","tintindex":0},"west":{"uv":[9.625,1.0,9.75,1.125],"rotation":0,"texture":"#1","tintindex":0}}},{"name":"cube","from":[7.7,12.410001,5.255],"to":[8.3,12.860001,5.855],"rotation":{"angle":22.5,"axis":"x","origin":[8.0,13.55,5.9449997]},"faces":{"down":{"uv":[9.75,1.375,9.625,1.5],"rotation":0,"texture":"#1","tintindex":0},"east":{"uv":[9.625,1.25,9.75,1.375],"rotation":0,"texture":"#1","tintindex":0},"north":{"uv":[1.125,9.625,1.25,9.75],"rotation":0,"texture":"#1","tintindex":0},"south":{"uv":[1.125,9.625,1.25,9.75],"rotation":0,"texture":"#1","tintindex":0},"up":{"uv":[1.5,9.75,1.375,9.625],"rotation":0,"texture":"#1","tintindex":0},"west":{"uv":[9.625,1.25,9.75,1.375],"rotation":0,"texture":"#1","tintindex":0}}},{"name":"cube","from":[11.0,8.6,5.75],"to":[11.900001,9.2,10.55],"rotation":{"angle":0.0,"axis":"x","origin":[8.0,8.0,8.0]},"faces":{"down":{"uv":[8.375,4.75,9.375,4.875],"rotation":0,"texture":"#1","tintindex":0},"east":{"uv":[8.375,4.75,9.375,4.875],"rotation":0,"texture":"#1","tintindex":0},"north":{"uv":[9.5,8.125,9.6875,8.25],"rotation":0,"texture":"#1","tintindex":0},"south":{"uv":[8.25,9.5,8.4375,9.625],"rotation":0,"texture":"#1","tintindex":0},"up":{"uv":[7.4375,8.5,7.25,7.5],"rotation":0,"texture":"#1","tintindex":0},"west":{"uv":[8.375,4.75,9.375,4.875],"rotation":0,"texture":"#1","tintindex":0}}},{"name":"cube","from":[4.1,12.95,5.75],"to":[5.0,13.55,10.55],"rotation":{"angle":0.0,"axis":"x","origin":[8.0,8.0,8.0]},"faces":{"down":{"uv":[2.0625,7.375,1.875,8.375],"rotation":0,"texture":"#1","tintindex":0},"east":{"uv":[8.375,4.5,9.375,4.625],"rotation":0,"texture":"#1","tintindex":0},"north":{"uv":[8.0,9.5,8.1875,9.625],"rotation":0,"texture":"#1","tintindex":0},"south":{"uv":[9.5,8.0,9.6875,8.125],"rotation":0,"texture":"#1","tintindex":0},"up":{"uv":[1.8125,8.375,1.625,7.375],"rotation":0,"texture":"#1","tintindex":0},"west":{"uv":[8.375,4.5,9.375,4.625],"rotation":0,"texture":"#1","tintindex":0}}},{"name":"cube","from":[3.9499998,9.2,6.05],"to":[4.85,12.95,10.55],"rotation":{"angle":0.0,"axis":"x","origin":[8.0,8.0,8.0]},"faces":{"down":{"uv":[3.4375,7.625,3.25,8.5625],"rotation":0,"texture":"#1","tintindex":0},"east":{"uv":[4.0,4.0,4.9375,4.8125],"rotation":0,"texture":"#1","tintindex":0},"north":{"uv":[4.75,8.125,4.9375,8.9375],"rotation":0,"texture":"#1","tintindex":0},"south":{"uv":[5.0,8.125,5.1875,8.9375],"rotation":0,"texture":"#1","tintindex":0},"up":{"uv":[3.1875,8.5625,3.0,7.625],"rotation":0,"texture":"#1","tintindex":0},"west":{"uv":[4.0,4.0,4.9375,4.8125],"rotation":0,"texture":"#1","tintindex":0}}},{"name":"cube","from":[4.1,8.6,5.75],"to":[5.0,9.2,10.55],"rotation":{"angle":0.0,"axis":"x","origin":[8.0,8.0,8.0]},"faces":{"down":{"uv":[7.6875,7.5,7.5,8.5],"rotation":0,"texture":"#1","tintindex":0},"east":{"uv":[8.375,4.75,9.375,4.875],"rotation":0,"texture":"#1","tintindex":0},"north":{"uv":[9.5,8.125,9.6875,8.25],"rotation":0,"texture":"#1","tintindex":0},"south":{"uv":[8.25,9.5,8.4375,9.625],"rotation":0,"texture":"#1","tintindex":0},"up":{"uv":[7.4375,8.5,7.25,7.5],"rotation":0,"texture":"#1","tintindex":0},"west":{"uv":[8.375,4.75,9.375,4.875],"rotation":0,"texture":"#1","tintindex":0}}},{"name":"cube","from":[11.0,12.95,5.75],"to":[11.900001,13.55,10.55],"rotation":{"angle":0.0,"axis":"x","origin":[8.0,8.0,8.0]},"faces":{"down":{"uv":[2.0625,7.375,1.875,8.375],"rotation":0,"texture":"#1","tintindex":0},"east":{"uv":[8.375,4.5,9.375,4.625],"rotation":0,"texture":"#1","tintindex":0},"north":{"uv":[8.0,9.5,8.1875,9.625],"rotation":0,"texture":"#1","tintindex":0},"south":{"uv":[9.5,8.0,9.6875,8.125],"rotation":0,"texture":"#1","tintindex":0},"up":{"uv":[1.8125,8.375,1.625,7.375],"rotation":0,"texture":"#1","tintindex":0},"west":{"uv":[8.375,4.5,9.375,4.625],"rotation":0,"texture":"#1","tintindex":0}}},{"name":"cube","from":[11.15,9.2,6.05],"to":[12.05,12.95,10.55],"rotation":{"angle":0.0,"axis":"x","origin":[8.0,8.0,8.0]},"faces":{"down":{"uv":[3.4375,7.625,3.25,8.5625],"rotation":0,"texture":"#1","tintindex":0},"east":{"uv":[4.0,4.0,4.9375,4.8125],"rotation":0,"texture":"#1","tintindex":0},"north":{"uv":[4.75,8.125,4.9375,8.9375],"rotation":0,"texture":"#1","tintindex":0},"south":{"uv":[5.0,8.125,5.1875,8.9375],"rotation":0,"texture":"#1","tintindex":0},"up":{"uv":[3.1875,8.5625,3.0,7.625],"rotation":0,"texture":"#1","tintindex":0},"west":{"uv":[4.0,4.0,4.9375,4.8125],"rotation":0,"texture":"#1","tintindex":0}}},{"name":"cube","from":[7.31,13.58,6.2],"to":[8.51,14.78,10.1],"rotation":{"angle":45.0,"axis":"z","origin":[8.0,14.3,8.3]},"faces":{"down":{"uv":[2.5,7.125,2.25,7.9375],"rotation":0,"texture":"#1","tintindex":0},"east":{"uv":[7.125,1.875,7.375,2.6875],"rotation":90,"texture":"#1","tintindex":0},"north":{"uv":[9.0,6.25,9.25,6.5],"rotation":270,"texture":"#1","tintindex":0},"south":{"uv":[9.0,6.25,9.25,6.5],"rotation":0,"texture":"#1","tintindex":0},"up":{"uv":[7.375,2.6875,7.125,1.875],"rotation":0,"texture":"#1","tintindex":0},"west":{"uv":[1.375,7.125,2.1875,7.375],"rotation":0,"texture":"#1","tintindex":0}}}],"display":{"head":{"translation":[0.0,-6.4,0.0],"rotation":[0.0,0.0,0.0],"scale":[3.8095,3.8095,3.8095]}}}