{"textures":{"0":"pets/discord1","1":"pets/discord2"},"elements":[{"name":"cube","from":[4.7455997,14.7506,7.2506],"to":[5.5994,15.3494005,7.9994],"rotation":{"angle":45.0,"axis":"z","origin":[5.6,15.35,7.625]},"faces":{"down":{"uv":[9.5625,1.75,9.375,1.9375],"rotation":0,"texture":"#1","tintindex":0},"east":{"uv":[6.375,2.75,6.5625,2.875],"rotation":0,"texture":"#1","tintindex":0},"north":{"uv":[1.375,6.375,1.5625,6.5],"rotation":0,"texture":"#1","tintindex":0},"south":{"uv":[9.25,8.625,9.4375,8.75],"rotation":0,"texture":"#1","tintindex":0},"up":{"uv":[9.5625,1.6875,9.375,1.5],"rotation":0,"texture":"#1","tintindex":0},"west":{"uv":[9.375,2.5,9.5625,2.625],"rotation":0,"texture":"#1","tintindex":0}}},{"name":"cube","from":[10.4,14.75,7.25],"to":[11.255,15.35,8.0],"rotation":{"angle":-45.0,"axis":"z","origin":[10.4,15.35,7.625]},"faces":{"down":{"uv":[9.5625,2.0,9.375,2.1875],"rotation":0,"texture":"#1","tintindex":0},"east":{"uv":[9.375,3.75,9.5625,3.875],"rotation":0,"texture":"#1","tintindex":0},"north":{"uv":[9.375,2.75,9.5625,2.875],"rotation":0,"texture":"#1","tintindex":0},"south":{"uv":[9.375,4.875,9.5625,5.0],"rotation":0,"texture":"#1","tintindex":0},"up":{"uv":[9.5625,1.6875,9.375,1.5],"rotation":0,"texture":"#1","tintindex":0},"west":{"uv":[9.375,5.375,9.5625,5.5],"rotation":0,"texture":"#1","tintindex":0}}},{"name":"cube","from":[5.6,14.75,7.25],"to":[10.4,15.35,8.0],"rotation":{"angle":0.0,"axis":"x","origin":[8.0,7.55,8.3]},"faces":{"down":{"uv":[8.375,1.875,7.375,2.0625],"rotation":0,"texture":"#1","tintindex":0},"east":{"uv":[5.5,9.375,5.6875,9.5],"rotation":0,"texture":"#1","tintindex":0},"north":{"uv":[8.0,5.125,9.0,5.25],"rotation":0,"texture":"#1","tintindex":0},"south":{"uv":[8.0,5.25,9.0,5.375],"rotation":0,"texture":"#1","tintindex":0},"up":{"uv":[8.125,3.6875,7.125,3.5],"rotation":0,"texture":"#1","tintindex":0},"west":{"uv":[9.375,5.5,9.5625,5.625],"rotation":0,"texture":"#1","tintindex":0}}},{"name":"cube","from":[5.0,12.05,7.25],"to":[11.0,14.75,8.0],"rotation":{"angle":0.0,"axis":"x","origin":[8.0,8.0,8.3]},"faces":{"down":{"uv":[8.0,0.875,6.75,1.0625],"rotation":0,"texture":"#1","tintindex":0},"east":{"uv":[2.125,8.5,2.3125,9.0625],"rotation":0,"texture":"#1","tintindex":0},"north":{"uv":[4.5,3.375,5.75,3.9375],"rotation":0,"texture":"#1","tintindex":0},"south":{"uv":[4.625,0.0,5.875,0.5625],"rotation":0,"texture":"#1","tintindex":0},"up":{"uv":[8.0,0.8125,6.75,0.625],"rotation":0,"texture":"#1","tintindex":0},"west":{"uv":[2.125,8.5,2.3125,9.0625],"rotation":0,"texture":"#1","tintindex":0}}},{"name":"cube","from":[10.4006,14.7506,8.000601],"to":[11.2544,15.3494005,8.749399],"rotation":{"angle":-45.0,"axis":"z","origin":[10.4,15.35,8.375]},"faces":{"down":{"uv":[2.5625,9.375,2.375,9.5625],"rotation":0,"texture":"#1","tintindex":0},"east":{"uv":[6.0,9.375,6.1875,9.5],"rotation":0,"texture":"#1","tintindex":0},"north":{"uv":[5.75,9.375,5.9375,9.5],"rotation":0,"texture":"#1","tintindex":0},"south":{"uv":[9.375,7.125,9.5625,7.25],"rotation":0,"texture":"#1","tintindex":0},"up":{"uv":[2.9375,9.5625,2.75,9.375],"rotation":0,"texture":"#1","tintindex":0},"west":{"uv":[6.75,9.375,6.9375,9.5],"rotation":0,"texture":"#1","tintindex":0}}},{"name":"cube","from":[5.6,14.75,8.0],"to":[10.4,15.35,8.75],"rotation":{"angle":0.0,"axis":"x","origin":[8.0,7.55,9.05]},"faces":{"down":{"uv":[8.375,2.375,7.375,2.5625],"rotation":0,"texture":"#1","tintindex":0},"east":{"uv":[9.375,6.75,9.5625,6.875],"rotation":0,"texture":"#1","tintindex":0},"north":{"uv":[8.125,3.5,9.125,3.625],"rotation":0,"texture":"#1","tintindex":0},"south":{"uv":[8.125,3.625,9.125,3.75],"rotation":0,"texture":"#1","tintindex":0},"up":{"uv":[8.375,2.3125,7.375,2.125],"rotation":0,"texture":"#1","tintindex":0},"west":{"uv":[9.375,6.875,9.5625,7.0],"rotation":0,"texture":"#1","tintindex":0}}},{"name":"cube","from":[4.7455997,14.7506,8.000601],"to":[5.5994,15.3494005,8.749399],"rotation":{"angle":45.0,"axis":"z","origin":[5.6,15.35,8.375]},"faces":{"down":{"uv":[3.1875,9.375,3.0,9.5625],"rotation":0,"texture":"#1","tintindex":0},"east":{"uv":[9.375,7.0,9.5625,7.125],"rotation":0,"texture":"#1","tintindex":0},"north":{"uv":[7.0,9.375,7.1875,9.5],"rotation":0,"texture":"#1","tintindex":0},"south":{"uv":[9.375,7.125,9.5625,7.25],"rotation":0,"texture":"#1","tintindex":0},"up":{"uv":[2.9375,9.5625,2.75,9.375],"rotation":0,"texture":"#1","tintindex":0},"west":{"uv":[7.25,9.375,7.4375,9.5],"rotation":0,"texture":"#1","tintindex":0}}},{"name":"cube","from":[3.8599997,14.21,8.75],"to":[4.79,15.14,8.99],"rotation":{"angle":0.0,"axis":"x","origin":[8.0,8.0,8.3]},"faces":{"down":{"uv":[1.875,9.625,1.9375,9.8125],"rotation":90,"texture":"#1","tintindex":0},"east":{"uv":[1.875,9.625,1.9375,9.8125],"rotation":0,"texture":"#1","tintindex":0},"north":{"uv":[3.25,9.375,3.4375,9.5625],"rotation":0,"texture":"#1","tintindex":0},"south":{"uv":[3.5,9.375,3.6875,9.5625],"rotation":0,"texture":"#1","tintindex":0},"up":{"uv":[1.875,9.625,1.9375,9.8125],"rotation":90,"texture":"#1","tintindex":0},"west":{"uv":[1.875,9.625,1.9375,9.8125],"rotation":0,"texture":"#1","tintindex":0}}},{"name":"cube","from":[3.7999997,14.150001,7.85],"to":[4.85,15.2,8.0],"rotation":{"angle":0.0,"axis":"x","origin":[8.0,8.0,8.3]},"faces":{"down":{"uv":[9.75,8.5625,9.5,8.5],"rotation":0,"texture":"#1","tintindex":0},"east":{"uv":[9.75,8.5625,9.5,8.5],"rotation":90,"texture":"#1","tintindex":0},"north":{"uv":[2.75,4.625,3.0,4.875],"rotation":0,"texture":"#1","tintindex":0},"south":{"uv":[0.625,6.125,0.875,6.375],"rotation":0,"texture":"#1","tintindex":0},"up":{"uv":[9.75,8.5625,9.5,8.5],"rotation":0,"texture":"#1","tintindex":0},"west":{"uv":[9.75,8.5625,9.5,8.5],"rotation":90,"texture":"#1","tintindex":0}}},{"name":"cube","from":[11.21,14.21,8.75],"to":[12.14,15.14,8.99],"rotation":{"angle":0.0,"axis":"x","origin":[8.0,8.0,8.3]},"faces":{"down":{"uv":[1.875,9.625,1.9375,9.8125],"rotation":90,"texture":"#1","tintindex":0},"east":{"uv":[1.875,9.625,1.9375,9.8125],"rotation":0,"texture":"#1","tintindex":0},"north":{"uv":[3.25,9.375,3.4375,9.5625],"rotation":0,"texture":"#1","tintindex":0},"south":{"uv":[3.5,9.375,3.6875,9.5625],"rotation":0,"texture":"#1","tintindex":0},"up":{"uv":[1.875,9.625,1.9375,9.8125],"rotation":90,"texture":"#1","tintindex":0},"west":{"uv":[1.875,9.625,1.9375,9.8125],"rotation":0,"texture":"#1","tintindex":0}}},{"name":"cube","from":[11.0,14.0,8.0],"to":[12.35,15.35,8.75],"rotation":{"angle":0.0,"axis":"x","origin":[8.0,8.0,8.3]},"faces":{"down":{"uv":[8.1875,9.1875,7.875,9.0],"rotation":0,"texture":"#1","tintindex":0},"east":{"uv":[8.1875,9.1875,7.875,9.0],"rotation":90,"texture":"#1","tintindex":0},"north":{"uv":[5.5,8.5,5.8125,8.8125],"rotation":0,"texture":"#1","tintindex":0},"south":{"uv":[5.5,8.5,5.8125,8.8125],"rotation":0,"texture":"#1","tintindex":0},"up":{"uv":[8.1875,9.1875,7.875,9.0],"rotation":0,"texture":"#1","tintindex":0},"west":{"uv":[8.1875,9.1875,7.875,9.0],"rotation":90,"texture":"#1","tintindex":0}}},{"name":"cube","from":[11.15,14.150001,7.85],"to":[12.2,15.2,8.0],"rotation":{"angle":0.0,"axis":"x","origin":[8.0,8.0,8.3]},"faces":{"down":{"uv":[9.75,8.5625,9.5,8.5],"rotation":0,"texture":"#1","tintindex":0},"east":{"uv":[9.75,8.5625,9.5,8.5],"rotation":90,"texture":"#1","tintindex":0},"north":{"uv":[2.75,4.625,3.0,4.875],"rotation":0,"texture":"#1","tintindex":0},"south":{"uv":[0.625,6.125,0.875,6.375],"rotation":0,"texture":"#1","tintindex":0},"up":{"uv":[9.75,8.5625,9.5,8.5],"rotation":0,"texture":"#1","tintindex":0},"west":{"uv":[9.75,8.5625,9.5,8.5],"rotation":90,"texture":"#1","tintindex":0}}},{"name":"cube","from":[3.6499999,14.0,8.0],"to":[5.0,15.35,8.75],"rotation":{"angle":0.0,"axis":"x","origin":[8.0,8.0,8.3]},"faces":{"down":{"uv":[8.1875,9.1875,7.875,9.0],"rotation":0,"texture":"#1","tintindex":0},"east":{"uv":[8.1875,9.1875,7.875,9.0],"rotation":90,"texture":"#1","tintindex":0},"north":{"uv":[5.5,8.5,5.8125,8.8125],"rotation":0,"texture":"#1","tintindex":0},"south":{"uv":[5.5,8.5,5.8125,8.8125],"rotation":0,"texture":"#1","tintindex":0},"up":{"uv":[8.1875,9.1875,7.875,9.0],"rotation":0,"texture":"#1","tintindex":0},"west":{"uv":[8.1875,9.1875,7.875,9.0],"rotation":90,"texture":"#1","tintindex":0}}},{"name":"cube","from":[5.0,12.05,8.0],"to":[11.0,14.75,8.75],"rotation":{"angle":0.0,"axis":"x","origin":[8.0,8.0,8.3]},"faces":{"down":{"uv":[8.0,5.125,6.75,5.3125],"rotation":0,"texture":"#1","tintindex":0},"east":{"uv":[5.25,8.5,5.4375,9.0625],"rotation":0,"texture":"#1","tintindex":0},"north":{"uv":[4.625,0.625,5.875,1.1875],"rotation":0,"texture":"#1","tintindex":0},"south":{"uv":[1.0,4.625,2.25,5.1875],"rotation":0,"texture":"#1","tintindex":0},"up":{"uv":[8.0,5.0625,6.75,4.875],"rotation":0,"texture":"#1","tintindex":0},"west":{"uv":[5.25,8.5,5.4375,9.0625],"rotation":0,"texture":"#1","tintindex":0}}},{"name":"cube","from":[5.8999996,12.2,4.7],"to":[10.07,12.8,7.25],"rotation":{"angle":0.0,"axis":"x","origin":[8.0,8.0,8.0]},"faces":{"down":{"uv":[2.75,5.375,3.625,5.9375],"rotation":0,"texture":"#1","tintindex":0},"east":{"uv":[8.875,8.5,9.4375,8.625],"rotation":0,"texture":"#1","tintindex":0},"north":{"uv":[8.5,1.125,9.375,1.25],"rotation":0,"texture":"#1","tintindex":0},"south":{"uv":[8.5,2.75,9.375,2.875],"rotation":0,"texture":"#1","tintindex":0},"up":{"uv":[3.625,5.9375,2.75,5.375],"rotation":0,"texture":"#1","tintindex":0},"west":{"uv":[8.875,8.5,9.4375,8.625],"rotation":0,"texture":"#1","tintindex":0}}}],"display":{"head":{"translation":[0.0,-6.4,0.0],"rotation":[0.0,0.0,0.0],"scale":[3.8095,3.8095,3.8095]}}}