{"textures":{"0":"pets/discord1","1":"pets/discord2"},"elements":[{"name":"cube","from":[7.3346,6.2906,7.0705996],"to":[8.6774,6.7694,8.3894005],"rotation":{"angle":0.0,"axis":"x","origin":[8.75,11.75,7.55]},"faces":{"down":{"uv":[10.5,1.5,10.0,2.0],"rotation":0,"texture":"#0","tintindex":0},"east":{"uv":[9.5,3.5,10.0,3.75],"rotation":0,"texture":"#0","tintindex":0},"north":{"uv":[9.0,3.5,9.5,3.75],"rotation":0,"texture":"#0","tintindex":0},"south":{"uv":[9.0,3.5,9.5,3.75],"rotation":0,"texture":"#0","tintindex":0},"up":{"uv":[10.5,2.5,10.0,2.0],"rotation":0,"texture":"#0","tintindex":0},"west":{"uv":[9.5,3.5,10.0,3.75],"rotation":0,"texture":"#0","tintindex":0}}},{"name":"cube","from":[7.4300003,6.29,7.37],"to":[8.6779995,8.06,8.63],"rotation":{"angle":0.0,"axis":"x","origin":[8.75,6.95,7.55]},"faces":{"down":{"uv":[10.25,9.75,9.75,10.25],"rotation":0,"texture":"#0","tintindex":0},"east":{"uv":[9.5,6.5,10.0,7.125],"rotation":0,"texture":"#0","tintindex":0},"north":{"uv":[9.5,5.75,10.0,6.375],"rotation":0,"texture":"#0","tintindex":0},"south":{"uv":[9.5,5.75,10.0,6.375],"rotation":0,"texture":"#0","tintindex":0},"up":{"uv":[10.5,0.5,10.0,0.0],"rotation":0,"texture":"#0","tintindex":0},"west":{"uv":[9.5,6.5,10.0,7.125],"rotation":0,"texture":"#0","tintindex":0}}}],"display":{"head":{"translation":[0.0,-6.4,0.0],"rotation":[0.0,0.0,0.0],"scale":[3.8095,3.8095,3.8095]}}}