{"textures":{"0":"pets/discord1","1":"pets/discord2"},"elements":[{"name":"cube","from":[7.04,4.6399994,7.28],"to":[8.24,8.0,8.48],"rotation":{"angle":22.5,"axis":"z","origin":[7.7599998,8.0,7.4]},"faces":{"down":{"uv":[9.25,9.75,8.75,10.25],"rotation":0,"texture":"#0","tintindex":0},"east":{"uv":[3.25,9.25,3.75,10.625],"rotation":0,"texture":"#0","tintindex":0},"north":{"uv":[9.0,7.75,9.5,9.125],"rotation":0,"texture":"#0","tintindex":0},"south":{"uv":[9.0,7.75,9.5,9.125],"rotation":0,"texture":"#0","tintindex":0},"up":{"uv":[7.75,10.25,7.25,9.75],"rotation":0,"texture":"#0","tintindex":0},"west":{"uv":[3.25,9.25,3.75,10.625],"rotation":0,"texture":"#0","tintindex":0}}}],"display":{"head":{"translation":[0.0,-6.4,0.0],"rotation":[0.0,0.0,0.0],"scale":[3.8095,3.8095,3.8095]}}}