{"textures":{"0":"pets/discord1","1":"pets/discord2"},"elements":[{"name":"cube","from":[8.0,7.55,7.28],"to":[8.9,8.45,9.23],"rotation":{"angle":0.0,"axis":"x","origin":[11.0,2.8999999,3.83]},"faces":{"down":{"uv":[9.3125,7.0,8.875,7.1875],"rotation":90,"texture":"#1","tintindex":0},"east":{"uv":[9.3125,7.0,8.875,7.1875],"rotation":0,"texture":"#1","tintindex":0},"north":{"uv":[4.75,9.375,4.9375,9.5625],"rotation":0,"texture":"#1","tintindex":0},"south":{"uv":[9.375,5.125,9.5625,5.3125],"rotation":0,"texture":"#1","tintindex":0},"up":{"uv":[8.875,7.0,9.3125,7.1875],"rotation":90,"texture":"#1","tintindex":0},"west":{"uv":[8.875,7.0,9.3125,7.1875],"rotation":0,"texture":"#1","tintindex":0}}},{"name":"cube","from":[7.85,7.4,9.23],"to":[9.05,8.6,10.13],"rotation":{"angle":0.0,"axis":"x","origin":[11.0,2.8999999,3.83]},"faces":{"down":{"uv":[9.375,1.0,9.5625,1.25],"rotation":90,"texture":"#1","tintindex":0},"east":{"uv":[9.375,1.0,9.5625,1.25],"rotation":0,"texture":"#1","tintindex":0},"north":{"uv":[9.0,5.125,9.25,5.375],"rotation":0,"texture":"#1","tintindex":0},"south":{"uv":[9.0,5.875,9.25,6.125],"rotation":0,"texture":"#1","tintindex":0},"up":{"uv":[9.375,1.0,9.5625,1.25],"rotation":90,"texture":"#1","tintindex":0},"west":{"uv":[9.375,1.0,9.5625,1.25],"rotation":0,"texture":"#1","tintindex":0}}},{"name":"cube","from":[7.7,7.25,10.13],"to":[9.2,8.75,12.530001],"rotation":{"angle":0.0,"axis":"x","origin":[11.0,2.8999999,3.83]},"faces":{"down":{"uv":[8.0,3.125,8.5,3.4375],"rotation":90,"texture":"#1","tintindex":0},"east":{"uv":[8.0,3.125,8.5,3.4375],"rotation":0,"texture":"#1","tintindex":0},"north":{"uv":[0.0,8.625,0.3125,8.9375],"rotation":0,"texture":"#1","tintindex":0},"south":{"uv":[0.0,8.625,0.3125,8.9375],"rotation":0,"texture":"#1","tintindex":0},"up":{"uv":[8.0,3.125,8.5,3.4375],"rotation":90,"texture":"#1","tintindex":0},"west":{"uv":[8.0,3.125,8.5,3.4375],"rotation":0,"texture":"#1","tintindex":0}}},{"name":"cube","from":[8.45,7.3849998,12.530001],"to":[8.45,8.585,13.88],"rotation":{"angle":0.0,"axis":"x","origin":[11.0,2.8999999,3.83]},"faces":{"down":{"uv":[0.0,0.0,0.0,0.3125],"rotation":0,"texture":"#1","tintindex":0},"east":{"uv":[9.3125,1.5,9.0,1.75],"rotation":0,"texture":"#1","tintindex":0},"north":{"uv":[0.0,0.0,0.0,0.25],"rotation":0,"texture":"#1","tintindex":0},"south":{"uv":[0.0,0.0,0.0,0.25],"rotation":0,"texture":"#1","tintindex":0},"up":{"uv":[0.0,0.3125,0.0,0.0],"rotation":0,"texture":"#1","tintindex":0},"west":{"uv":[9.0,1.5,9.3125,1.75],"rotation":0,"texture":"#1","tintindex":0}}},{"name":"cube","from":[7.85,7.985,12.530001],"to":[9.05,7.985,13.88],"rotation":{"angle":0.0,"axis":"x","origin":[11.0,2.8999999,3.83]},"faces":{"down":{"uv":[9.3125,1.5,9.0,1.75],"rotation":90,"texture":"#1","tintindex":0},"east":{"uv":[0.0,0.0,0.3125,0.0],"rotation":0,"texture":"#1","tintindex":0},"north":{"uv":[0.0,0.0,0.25,0.0],"rotation":0,"texture":"#1","tintindex":0},"south":{"uv":[0.0,0.0,0.25,0.0],"rotation":0,"texture":"#1","tintindex":0},"up":{"uv":[9.0,1.5,9.3125,1.75],"rotation":90,"texture":"#1","tintindex":0},"west":{"uv":[0.0,0.0,0.3125,0.0],"rotation":0,"texture":"#1","tintindex":0}}}],"display":{"head":{"translation":[0.0,-6.4,0.0],"rotation":[0.0,0.0,0.0],"scale":[3.8095,3.8095,3.8095]}}}