{"textures":{"0":"pets/discord1","1":"pets/discord2"},"elements":[{"name":"cube","from":[7.1456003,7.4006,7.3406],"to":[7.9244,7.9994,10.0994005],"rotation":{"angle":0.0,"axis":"x","origin":[8.0,8.0,7.7]},"faces":{"down":{"uv":[8.9375,8.75,8.75,9.1875],"rotation":0,"texture":"#1","tintindex":0},"east":{"uv":[9.6875,3.0,9.25,3.125],"rotation":0,"texture":"#1","tintindex":0},"north":{"uv":[7.5,9.375,7.6875,9.5],"rotation":0,"texture":"#1","tintindex":0},"south":{"uv":[8.125,9.375,8.3125,9.5],"rotation":0,"texture":"#1","tintindex":0},"up":{"uv":[5.6875,3.3125,5.5,2.875],"rotation":0,"texture":"#1","tintindex":0},"west":{"uv":[9.25,3.0,9.6875,3.125],"rotation":0,"texture":"#1","tintindex":0}}},{"name":"cube","from":[7.1449995,5.8786793,8.972793],"to":[7.925,6.4786797,12.362792],"rotation":{"angle":-45.0,"axis":"x","origin":[8.0,8.0,7.7]},"faces":{"down":{"uv":[8.5625,0.25,8.375,0.9375],"rotation":0,"texture":"#1","tintindex":0},"east":{"uv":[8.5,8.625,9.1875,8.75],"rotation":0,"texture":"#1","tintindex":0},"north":{"uv":[9.375,8.75,9.5625,8.875],"rotation":0,"texture":"#1","tintindex":0},"south":{"uv":[9.375,8.875,9.5625,9.0],"rotation":0,"texture":"#1","tintindex":0},"up":{"uv":[8.4375,7.4375,8.25,6.75],"rotation":0,"texture":"#1","tintindex":0},"west":{"uv":[8.5,8.625,9.1875,8.75],"rotation":0,"texture":"#1","tintindex":0}}},{"name":"cube","from":[7.1449995,7.612132,7.7878675],"to":[7.925,8.212132,11.177868],"rotation":{"angle":-45.0,"axis":"x","origin":[8.0,8.0,8.0]},"faces":{"down":{"uv":[8.1875,8.25,8.0,8.9375],"rotation":0,"texture":"#1","tintindex":0},"east":{"uv":[8.75,2.875,9.4375,3.0],"rotation":0,"texture":"#1","tintindex":0},"north":{"uv":[9.375,9.0,9.5625,9.125],"rotation":0,"texture":"#1","tintindex":0},"south":{"uv":[9.375,9.125,9.5625,9.25],"rotation":0,"texture":"#1","tintindex":0},"up":{"uv":[1.5625,9.0625,1.375,8.375],"rotation":0,"texture":"#1","tintindex":0},"west":{"uv":[8.75,2.875,9.4375,3.0],"rotation":0,"texture":"#1","tintindex":0}}},{"name":"cube","from":[7.1456003,8.000601,8.5406],"to":[7.9244,8.5994,10.6994],"rotation":{"angle":0.0,"axis":"x","origin":[8.0,8.0,7.7]},"faces":{"down":{"uv":[3.6875,8.75,3.5,9.1875],"rotation":0,"texture":"#1","tintindex":0},"east":{"uv":[9.25,3.25,9.6875,3.375],"rotation":0,"texture":"#1","tintindex":0},"north":{"uv":[9.5,0.0,9.6875,0.125],"rotation":0,"texture":"#1","tintindex":0},"south":{"uv":[9.5,0.125,9.6875,0.25],"rotation":0,"texture":"#1","tintindex":0},"up":{"uv":[8.9375,3.4375,8.75,3.0],"rotation":0,"texture":"#1","tintindex":0},"west":{"uv":[9.25,3.25,9.6875,3.375],"rotation":0,"texture":"#1","tintindex":0}}},{"name":"cube","from":[7.1456003,8.6006,9.1406],"to":[7.9244,9.1994,11.2994],"rotation":{"angle":0.0,"axis":"x","origin":[8.0,8.0,7.7]},"faces":{"down":{"uv":[8.9375,3.875,8.75,4.3125],"rotation":0,"texture":"#1","tintindex":0},"east":{"uv":[3.5,9.25,3.9375,9.375],"rotation":0,"texture":"#1","tintindex":0},"north":{"uv":[9.5,0.875,9.6875,1.0],"rotation":0,"texture":"#1","tintindex":0},"south":{"uv":[1.125,9.5,1.3125,9.625],"rotation":0,"texture":"#1","tintindex":0},"up":{"uv":[3.9375,9.1875,3.75,8.75],"rotation":0,"texture":"#1","tintindex":0},"west":{"uv":[3.5,9.25,3.9375,9.375],"rotation":0,"texture":"#1","tintindex":0}}},{"name":"cube","from":[7.1456003,9.2006,9.740601],"to":[7.9244,9.7994,11.899401],"rotation":{"angle":0.0,"axis":"x","origin":[8.0,8.0,7.7]},"faces":{"down":{"uv":[4.4375,8.75,4.25,9.1875],"rotation":0,"texture":"#1","tintindex":0},"east":{"uv":[4.0,9.25,4.4375,9.375],"rotation":0,"texture":"#1","tintindex":0},"north":{"uv":[2.125,9.5,2.3125,9.625],"rotation":0,"texture":"#1","tintindex":0},"south":{"uv":[9.5,2.625,9.6875,2.75],"rotation":0,"texture":"#1","tintindex":0},"up":{"uv":[4.1875,9.1875,4.0,8.75],"rotation":0,"texture":"#1","tintindex":0},"west":{"uv":[4.0,9.25,4.4375,9.375],"rotation":0,"texture":"#1","tintindex":0}}},{"name":"cube","from":[7.1443996,9.7994,10.0994005],"to":[7.9256,10.4006,21.500599],"rotation":{"angle":0.0,"axis":"x","origin":[8.0,8.0,8.0]},"faces":{"down":{"uv":[6.75,0.125,9.125,0.25],"rotation":90,"texture":"#1","tintindex":0},"east":{"uv":[9.125,0.125,6.75,0.25],"rotation":0,"texture":"#1","tintindex":0},"north":{"uv":[9.5,2.875,9.6875,3.0],"rotation":0,"texture":"#1","tintindex":0},"south":{"uv":[7.75,9.5,7.9375,9.625],"rotation":0,"texture":"#1","tintindex":0},"up":{"uv":[6.75,0.125,9.125,0.25],"rotation":90,"texture":"#1","tintindex":0},"west":{"uv":[6.75,0.125,9.125,0.25],"rotation":0,"texture":"#1","tintindex":0}}},{"name":"cube","from":[7.295,7.4,10.1],"to":[7.775,8.0,18.5],"rotation":{"angle":0.0,"axis":"x","origin":[8.0,8.0,6.8]},"faces":{"down":{"uv":[1.0,6.875,0.875,8.625],"rotation":0,"texture":"#1","tintindex":0},"east":{"uv":[8.75,4.25,7.0,4.375],"rotation":0,"texture":"#1","tintindex":0},"north":{"uv":[4.25,8.0,4.375,8.125],"rotation":0,"texture":"#1","tintindex":0},"south":{"uv":[2.375,8.5,2.5,8.625],"rotation":0,"texture":"#1","tintindex":0},"up":{"uv":[6.375,8.5,6.25,6.75],"rotation":0,"texture":"#1","tintindex":0},"west":{"uv":[7.0,4.25,8.75,4.375],"rotation":0,"texture":"#1","tintindex":0}}},{"name":"cube","from":[7.2943997,-0.69801426,14.648285],"to":[7.7756,-0.09681368,18.099483],"rotation":{"angle":-45.0,"axis":"x","origin":[8.0,8.0,6.8]},"faces":{"down":{"uv":[7.625,8.5,7.5,9.25],"rotation":0,"texture":"#1","tintindex":0},"east":{"uv":[9.375,1.75,8.625,1.875],"rotation":0,"texture":"#1","tintindex":0},"north":{"uv":[4.25,8.625,4.375,8.75],"rotation":0,"texture":"#1","tintindex":0},"south":{"uv":[7.0,9.25,7.125,9.375],"rotation":0,"texture":"#1","tintindex":0},"up":{"uv":[4.375,7.875,4.25,7.125],"rotation":0,"texture":"#1","tintindex":0},"west":{"uv":[8.625,1.75,9.375,1.875],"rotation":0,"texture":"#1","tintindex":0}}},{"name":"cube","from":[7.295,8.0,10.700001],"to":[7.775,8.6,19.1],"rotation":{"angle":0.0,"axis":"x","origin":[8.0,8.0,6.8]},"faces":{"down":{"uv":[0.25,6.875,0.125,8.625],"rotation":0,"texture":"#1","tintindex":0},"east":{"uv":[8.75,5.75,7.0,5.875],"rotation":0,"texture":"#1","tintindex":0},"north":{"uv":[7.5,9.25,7.625,9.375],"rotation":0,"texture":"#1","tintindex":0},"south":{"uv":[8.125,9.25,8.25,9.375],"rotation":0,"texture":"#1","tintindex":0},"up":{"uv":[0.125,8.625,0.0,6.875],"rotation":0,"texture":"#1","tintindex":0},"west":{"uv":[7.0,5.75,8.75,5.875],"rotation":0,"texture":"#1","tintindex":0}}},{"name":"cube","from":[7.295,8.6,11.3],"to":[7.775,9.2,19.7],"rotation":{"angle":0.0,"axis":"x","origin":[8.0,8.0,6.8]},"faces":{"down":{"uv":[0.5,6.875,0.375,8.625],"rotation":0,"texture":"#1","tintindex":0},"east":{"uv":[8.75,6.0,7.0,6.125],"rotation":0,"texture":"#1","tintindex":0},"north":{"uv":[7.75,9.375,7.875,9.5],"rotation":0,"texture":"#1","tintindex":0},"south":{"uv":[8.375,9.375,8.5,9.5],"rotation":0,"texture":"#1","tintindex":0},"up":{"uv":[0.375,8.625,0.25,6.875],"rotation":0,"texture":"#1","tintindex":0},"west":{"uv":[7.0,6.0,8.75,6.125],"rotation":0,"texture":"#1","tintindex":0}}},{"name":"cube","from":[7.295,9.2,11.900001],"to":[7.775,9.8,20.3],"rotation":{"angle":0.0,"axis":"x","origin":[8.0,8.0,6.8]},"faces":{"down":{"uv":[0.75,6.875,0.625,8.625],"rotation":0,"texture":"#1","tintindex":0},"east":{"uv":[8.75,6.25,7.0,6.375],"rotation":0,"texture":"#1","tintindex":0},"north":{"uv":[9.0,9.5,9.125,9.625],"rotation":0,"texture":"#1","tintindex":0},"south":{"uv":[9.125,9.5,9.25,9.625],"rotation":0,"texture":"#1","tintindex":0},"up":{"uv":[0.625,8.625,0.5,6.875],"rotation":0,"texture":"#1","tintindex":0},"west":{"uv":[7.0,6.25,8.75,6.375],"rotation":0,"texture":"#1","tintindex":0}}}],"display":{"head":{"translation":[0.0,-6.4,0.0],"rotation":[0.0,0.0,0.0],"scale":[3.8095,3.8095,3.8095]}}}