{"textures":{"0":"pets/pet_ghastling_portal"},"elements":[{"name":"cube","from":[0.7999997,8.964112,0.75307894],"to":[15.2,8.964112,15.153079],"rotation":{"angle":22.5,"axis":"x","origin":[8.0,8.364112,5.5530787]},"faces":{"down":{"uv":[0.0,0.0,16.0,16.0],"rotation":0,"texture":"#0","tintindex":0},"east":{"uv":[0.0,0.0,12.0,0.0],"rotation":0,"texture":"#0","tintindex":0},"north":{"uv":[0.0,0.0,12.0,0.0],"rotation":0,"texture":"#0","tintindex":0},"south":{"uv":[0.0,0.0,12.0,0.0],"rotation":0,"texture":"#0","tintindex":0},"up":{"uv":[0.0,16.0,16.0,0.0],"rotation":0,"texture":"#0","tintindex":0},"west":{"uv":[0.0,0.0,12.0,0.0],"rotation":0,"texture":"#0","tintindex":0}}}],"display":{"head":{"translation":[0.0,-6.4,0.0],"rotation":[0.0,0.0,0.0],"scale":[3.8095,3.8095,3.8095]}}}