{"textures":{"0":"pets/pet_ghastling"},"elements":[{"name":"cube","from":[10.4,6.8,5.6],"to":[10.4,9.8,10.4],"rotation":{"angle":0.0,"axis":"x","origin":[8.0,6.8,8.0]},"faces":{"down":{"uv":[8.0,4.0,4.0,8.0],"rotation":0,"texture":"#0","tintindex":0},"east":{"uv":[8.0,4.0,12.0,6.5],"rotation":0,"texture":"#0","tintindex":0},"north":{"uv":[8.0,6.5,12.0,9.0],"rotation":0,"texture":"#0","tintindex":0},"south":{"uv":[8.0,6.5,12.0,9.0],"rotation":0,"texture":"#0","tintindex":0},"up":{"uv":[8.0,4.0,4.0,0.0],"rotation":0,"texture":"#0","tintindex":0},"west":{"uv":[4.0,1.5,8.0,4.0],"rotation":0,"texture":"#0","tintindex":0}}},{"name":"cube","from":[5.6,6.8,5.6],"to":[10.4,9.8,5.6],"rotation":{"angle":0.0,"axis":"x","origin":[8.0,6.8,8.0]},"faces":{"down":{"uv":[8.0,4.0,4.0,8.0],"rotation":0,"texture":"#0","tintindex":0},"east":{"uv":[8.0,4.0,12.0,6.5],"rotation":0,"texture":"#0","tintindex":0},"north":{"uv":[4.0,8.0,8.0,10.5],"rotation":0,"texture":"#0","tintindex":0},"south":{"uv":[8.0,0.0,12.0,2.5],"rotation":0,"texture":"#0","tintindex":0},"up":{"uv":[8.0,4.0,4.0,0.0],"rotation":0,"texture":"#0","tintindex":0},"west":{"uv":[8.0,9.0,12.0,11.5],"rotation":0,"texture":"#0","tintindex":0}}},{"name":"cube","from":[5.6,6.8,5.6],"to":[5.6,9.8,10.4],"rotation":{"angle":0.0,"axis":"x","origin":[8.0,6.8,8.0]},"faces":{"down":{"uv":[4.0,4.0,8.0,8.0],"rotation":0,"texture":"#0","tintindex":0},"east":{"uv":[8.0,1.5,4.0,4.0],"rotation":0,"texture":"#0","tintindex":0},"north":{"uv":[12.0,6.5,8.0,9.0],"rotation":0,"texture":"#0","tintindex":0},"south":{"uv":[12.0,6.5,8.0,9.0],"rotation":0,"texture":"#0","tintindex":0},"up":{"uv":[4.0,4.0,8.0,0.0],"rotation":0,"texture":"#0","tintindex":0},"west":{"uv":[12.0,4.0,8.0,6.5],"rotation":0,"texture":"#0","tintindex":0}}},{"name":"cube","from":[5.6,6.8,10.4],"to":[10.4,9.8,10.4],"rotation":{"angle":0.0,"axis":"x","origin":[8.0,6.8,8.0]},"faces":{"down":{"uv":[8.0,4.0,4.0,8.0],"rotation":0,"texture":"#0","tintindex":0},"east":{"uv":[8.0,4.0,12.0,6.5],"rotation":0,"texture":"#0","tintindex":0},"north":{"uv":[8.0,6.5,12.0,9.0],"rotation":0,"texture":"#0","tintindex":0},"south":{"uv":[4.0,5.5,8.0,8.0],"rotation":0,"texture":"#0","tintindex":0},"up":{"uv":[8.0,4.0,4.0,0.0],"rotation":0,"texture":"#0","tintindex":0},"west":{"uv":[8.0,9.0,12.0,11.5],"rotation":0,"texture":"#0","tintindex":0}}},{"name":"cube","from":[5.6,6.8,5.6],"to":[10.4,8.0,10.4],"rotation":{"angle":0.0,"axis":"x","origin":[8.0,6.8,8.0]},"faces":{"down":{"uv":[4.0,4.0,0.0,8.0],"rotation":0,"texture":"#0","tintindex":0},"east":{"uv":[4.0,0.0,8.0,1.0],"rotation":0,"texture":"#0","tintindex":0},"north":{"uv":[4.0,0.0,8.0,1.0],"rotation":0,"texture":"#0","tintindex":0},"south":{"uv":[4.0,0.0,8.0,1.0],"rotation":0,"texture":"#0","tintindex":0},"up":{"uv":[4.0,4.0,0.0,0.0],"rotation":0,"texture":"#0","tintindex":0},"west":{"uv":[4.0,0.0,8.0,1.0],"rotation":0,"texture":"#0","tintindex":0}}}],"display":{"head":{"translation":[0.0,-6.4,0.0],"rotation":[0.0,0.0,0.0],"scale":[3.8095,3.8095,3.8095]}}}