{"textures":{"0":"pets/pet_ghastling"},"elements":[{"name":"cube","from":[6.2,6.2,7.4],"to":[7.4,8.6,8.6],"rotation":{"angle":-22.5,"axis":"x","origin":[8.0,8.0,8.6]},"faces":{"down":{"uv":[14.0,7.0,13.0,8.0],"rotation":0,"texture":"#0","tintindex":0},"east":{"uv":[12.0,4.0,13.0,6.0],"rotation":0,"texture":"#0","tintindex":0},"north":{"uv":[12.0,2.0,13.0,4.0],"rotation":0,"texture":"#0","tintindex":0},"south":{"uv":[12.0,6.0,13.0,8.0],"rotation":0,"texture":"#0","tintindex":0},"up":{"uv":[14.0,7.0,13.0,6.0],"rotation":0,"texture":"#0","tintindex":0},"west":{"uv":[12.0,8.0,13.0,10.0],"rotation":0,"texture":"#0","tintindex":0}}},{"name":"cube","from":[7.4,6.2,9.2],"to":[8.6,8.6,10.4],"rotation":{"angle":-22.5,"axis":"x","origin":[9.2,8.0,10.4]},"faces":{"down":{"uv":[14.0,11.0,13.0,12.0],"rotation":0,"texture":"#0","tintindex":0},"east":{"uv":[7.0,12.5,8.0,14.5],"rotation":0,"texture":"#0","tintindex":0},"north":{"uv":[6.0,12.5,7.0,14.5],"rotation":0,"texture":"#0","tintindex":0},"south":{"uv":[13.0,2.0,14.0,4.0],"rotation":0,"texture":"#0","tintindex":0},"up":{"uv":[14.0,11.0,13.0,10.0],"rotation":0,"texture":"#0","tintindex":0},"west":{"uv":[13.0,4.0,14.0,6.0],"rotation":0,"texture":"#0","tintindex":0}}},{"name":"cube","from":[8.6,6.2,6.8],"to":[9.8,8.6,8.0],"rotation":{"angle":-22.5,"axis":"x","origin":[8.0,8.0,8.0]},"faces":{"down":{"uv":[14.0,9.0,13.0,10.0],"rotation":0,"texture":"#0","tintindex":0},"east":{"uv":[12.0,12.0,13.0,14.0],"rotation":0,"texture":"#0","tintindex":0},"north":{"uv":[12.0,10.0,13.0,12.0],"rotation":0,"texture":"#0","tintindex":0},"south":{"uv":[4.0,12.5,5.0,14.5],"rotation":0,"texture":"#0","tintindex":0},"up":{"uv":[14.0,9.0,13.0,8.0],"rotation":0,"texture":"#0","tintindex":0},"west":{"uv":[5.0,12.5,6.0,14.5],"rotation":0,"texture":"#0","tintindex":0}}}],"display":{"head":{"translation":[0.0,-6.4,0.0],"rotation":[0.0,0.0,0.0],"scale":[3.8095,3.8095,3.8095]}}}