{"textures":{"0":"pets/pet_ghastling"},"elements":[{"name":"cube","from":[5.6,8.0,3.1999998],"to":[5.6,10.4,8.0],"rotation":{"angle":0.0,"axis":"x","origin":[8.0,5.6,5.6]},"faces":{"down":{"uv":[16.0,14.0,14.0,16.0],"rotation":0,"texture":"#0","tintindex":0},"east":{"uv":[16.0,0.0,12.0,2.0],"rotation":0,"texture":"#0","tintindex":0},"north":{"uv":[0.0,12.0,4.0,14.0],"rotation":0,"texture":"#0","tintindex":0},"south":{"uv":[0.0,12.0,4.0,14.0],"rotation":0,"texture":"#0","tintindex":0},"up":{"uv":[4.0,12.0,0.0,8.0],"rotation":0,"texture":"#0","tintindex":0},"west":{"uv":[12.0,11.5,8.0,13.5],"rotation":0,"texture":"#0","tintindex":0}}},{"name":"cube","from":[5.6,8.0,3.1999998],"to":[10.4,10.4,3.1999998],"rotation":{"angle":0.0,"axis":"x","origin":[8.0,5.6,5.6]},"faces":{"down":{"uv":[16.0,14.0,14.0,16.0],"rotation":0,"texture":"#0","tintindex":0},"east":{"uv":[8.0,11.5,12.0,13.5],"rotation":0,"texture":"#0","tintindex":0},"north":{"uv":[4.0,10.5,8.0,12.5],"rotation":0,"texture":"#0","tintindex":0},"south":{"uv":[8.0,14.0,12.0,16.0],"rotation":0,"texture":"#0","tintindex":0},"up":{"uv":[4.0,12.0,0.0,8.0],"rotation":0,"texture":"#0","tintindex":0},"west":{"uv":[12.0,0.0,16.0,2.0],"rotation":0,"texture":"#0","tintindex":0}}},{"name":"cube","from":[10.4,8.0,3.1999998],"to":[10.4,10.4,8.0],"rotation":{"angle":0.0,"axis":"x","origin":[8.0,5.6,5.6]},"faces":{"down":{"uv":[16.0,14.0,14.0,16.0],"rotation":0,"texture":"#0","tintindex":0},"east":{"uv":[8.0,11.5,12.0,13.5],"rotation":0,"texture":"#0","tintindex":0},"north":{"uv":[0.0,12.0,4.0,14.0],"rotation":0,"texture":"#0","tintindex":0},"south":{"uv":[0.0,12.0,4.0,14.0],"rotation":0,"texture":"#0","tintindex":0},"up":{"uv":[4.0,12.0,0.0,8.0],"rotation":0,"texture":"#0","tintindex":0},"west":{"uv":[12.0,0.0,16.0,2.0],"rotation":0,"texture":"#0","tintindex":0}}},{"name":"cube","from":[5.6,9.2,3.1999998],"to":[10.4,10.4,8.0],"rotation":{"angle":0.0,"axis":"x","origin":[8.0,10.4,5.6]},"faces":{"down":{"uv":[4.0,0.0,0.0,4.0],"rotation":0,"texture":"#0","tintindex":0},"east":{"uv":[4.0,1.0,8.0,0.0],"rotation":0,"texture":"#0","tintindex":0},"north":{"uv":[4.0,1.0,8.0,0.0],"rotation":0,"texture":"#0","tintindex":0},"south":{"uv":[4.0,1.0,8.0,0.0],"rotation":0,"texture":"#0","tintindex":0},"up":{"uv":[4.0,12.0,0.0,8.0],"rotation":0,"texture":"#0","tintindex":0},"west":{"uv":[4.0,1.0,8.0,0.0],"rotation":0,"texture":"#0","tintindex":0}}},{"name":"cube","from":[5.6,8.0,8.0],"to":[10.4,10.4,8.0],"rotation":{"angle":0.0,"axis":"x","origin":[8.0,5.6,5.6]},"faces":{"down":{"uv":[16.0,14.0,14.0,16.0],"rotation":0,"texture":"#0","tintindex":0},"east":{"uv":[8.0,11.5,12.0,13.5],"rotation":0,"texture":"#0","tintindex":0},"north":{"uv":[0.0,12.0,4.0,14.0],"rotation":0,"texture":"#0","tintindex":0},"south":{"uv":[4.0,3.0,8.0,5.0],"rotation":0,"texture":"#0","tintindex":0},"up":{"uv":[4.0,12.0,0.0,8.0],"rotation":0,"texture":"#0","tintindex":0},"west":{"uv":[12.0,0.0,16.0,2.0],"rotation":0,"texture":"#0","tintindex":0}}}],"display":{"head":{"translation":[0.0,-6.4,0.0],"rotation":[0.0,0.0,0.0],"scale":[3.8095,3.8095,3.8095]}}}