{"textures":{"0":"pets/bulbsunflower"},"elements":[{"name":"cube","from":[4.3999996,6.8,4.3999996],"to":[11.6,11.6,10.4],"rotation":{"angle":0.0,"axis":"x","origin":[8.0,11.0,7.4]},"faces":{"down":{"uv":[8.975,2.525,6.025,4.975],"rotation":0,"texture":"#0","tintindex":0},"east":{"uv":[8.525,9.025,10.975,10.975],"rotation":0,"texture":"#0","tintindex":0},"north":{"uv":[8.525,5.025,11.475,6.975],"rotation":0,"texture":"#0","tintindex":0},"south":{"uv":[8.525,7.025,11.475,8.975],"rotation":0,"texture":"#0","tintindex":0},"up":{"uv":[8.975,2.475,6.025,0.025],"rotation":0,"texture":"#0","tintindex":0},"west":{"uv":[6.025,10.025,8.475,11.975],"rotation":0,"texture":"#0","tintindex":0}}},{"name":"cube","from":[5.0,9.2,3.7999997],"to":[6.8,11.0,4.3999996],"rotation":{"angle":0.0,"axis":"x","origin":[8.0,11.0,7.4]},"faces":{"down":{"uv":[11.475,4.775,10.775,4.975],"rotation":0,"texture":"#0","tintindex":0},"east":{"uv":[12.275,12.025,12.475,12.725],"rotation":0,"texture":"#0","tintindex":0},"north":{"uv":[12.025,3.275,12.725,3.975],"rotation":0,"texture":"#0","tintindex":0},"south":{"uv":[12.025,4.025,12.725,4.725],"rotation":0,"texture":"#0","tintindex":0},"up":{"uv":[11.475,4.725,10.775,4.525],"rotation":0,"texture":"#0","tintindex":0},"west":{"uv":[0.025,12.525,0.225,13.225],"rotation":0,"texture":"#0","tintindex":0}}},{"name":"cube","from":[9.2,9.2,3.7999997],"to":[11.0,11.0,4.3999996],"rotation":{"angle":0.0,"axis":"x","origin":[8.0,11.0,7.4]},"faces":{"down":{"uv":[10.725,4.775,10.025,4.975],"rotation":0,"texture":"#0","tintindex":0},"east":{"uv":[5.775,11.025,5.975,11.725],"rotation":0,"texture":"#0","tintindex":0},"north":{"uv":[11.775,11.275,12.475,11.975],"rotation":0,"texture":"#0","tintindex":0},"south":{"uv":[12.025,2.525,12.725,3.225],"rotation":0,"texture":"#0","tintindex":0},"up":{"uv":[10.725,4.725,10.025,4.525],"rotation":0,"texture":"#0","tintindex":0},"west":{"uv":[5.525,12.275,5.725,12.975],"rotation":0,"texture":"#0","tintindex":0}}}],"display":{"head":{"translation":[0.0,-6.4,0.0],"rotation":[0.0,0.0,0.0],"scale":[3.8095,3.8095,3.8095]}}}