{"textures":{"0":"pets/bulbsunflower"},"elements":[{"name":"cube","from":[7.4,5.0,7.1],"to":[8.6,8.0,8.9],"rotation":{"angle":0.0,"axis":"x","origin":[12.2,9.2,7.7]},"faces":{"down":{"uv":[5.475,12.275,5.025,12.975],"rotation":0,"texture":"#0","tintindex":0},"east":{"uv":[11.525,0.025,12.225,1.225],"rotation":0,"texture":"#0","tintindex":0},"north":{"uv":[9.525,11.775,9.975,12.975],"rotation":0,"texture":"#0","tintindex":0},"south":{"uv":[10.025,11.775,10.475,12.975],"rotation":0,"texture":"#0","tintindex":0},"up":{"uv":[12.725,2.225,12.275,1.525],"rotation":0,"texture":"#0","tintindex":0},"west":{"uv":[11.525,1.275,12.225,2.475],"rotation":0,"texture":"#0","tintindex":0}}}],"display":{"head":{"translation":[0.0,-6.4,0.0],"rotation":[0.0,0.0,0.0],"scale":[3.8095,3.8095,3.8095]}}}