{"textures":{"0":"pets/bulbsunflower"},"elements":[{"name":"cube","from":[7.4,6.2,7.4],"to":[8.6,8.0,9.2],"rotation":{"angle":0.0,"axis":"x","origin":[6.2,11.6,8.0]},"faces":{"down":{"uv":[12.475,7.775,12.025,8.475],"rotation":0,"texture":"#0","tintindex":0},"east":{"uv":[12.025,4.775,12.725,5.475],"rotation":0,"texture":"#0","tintindex":0},"north":{"uv":[7.025,12.025,7.475,12.725],"rotation":0,"texture":"#0","tintindex":0},"south":{"uv":[12.025,7.025,12.475,7.725],"rotation":0,"texture":"#0","tintindex":0},"up":{"uv":[7.975,12.725,7.525,12.025],"rotation":0,"texture":"#0","tintindex":0},"west":{"uv":[12.025,5.525,12.725,6.225],"rotation":0,"texture":"#0","tintindex":0}}}],"display":{"head":{"translation":[0.0,-6.4,0.0],"rotation":[0.0,0.0,0.0],"scale":[3.8095,3.8095,3.8095]}}}