{"textures":{"0":"pets/bulbsunflower"},"elements":[{"name":"cube","from":[7.4,7.4,7.4],"to":[8.6,11.6,8.6],"rotation":{"angle":0.0,"axis":"x","origin":[8.0,1.9999998,8.0]},"faces":{"down":{"uv":[9.975,4.525,9.525,4.975],"rotation":0,"texture":"#0","tintindex":0},"east":{"uv":[11.525,4.275,11.975,5.975],"rotation":0,"texture":"#0","tintindex":0},"north":{"uv":[11.525,2.525,11.975,4.225],"rotation":0,"texture":"#0","tintindex":0},"south":{"uv":[11.525,6.025,11.975,7.725],"rotation":0,"texture":"#0","tintindex":0},"up":{"uv":[9.475,4.975,9.025,4.525],"rotation":0,"texture":"#0","tintindex":0},"west":{"uv":[8.525,11.775,8.975,13.475],"rotation":0,"texture":"#0","tintindex":0}}},{"name":"cube","from":[5.0,10.4,5.0],"to":[11.0,12.2,11.0],"rotation":{"angle":0.0,"axis":"x","origin":[8.0,1.9999998,8.0]},"faces":{"down":{"uv":[8.475,7.525,6.025,9.975],"rotation":0,"texture":"#0","tintindex":0},"east":{"uv":[11.025,9.025,13.475,9.725],"rotation":0,"texture":"#0","tintindex":0},"north":{"uv":[8.525,11.025,10.975,11.725],"rotation":0,"texture":"#0","tintindex":0},"south":{"uv":[11.025,9.775,13.475,10.475],"rotation":0,"texture":"#0","tintindex":0},"up":{"uv":[8.475,7.475,6.025,5.025],"rotation":0,"texture":"#0","tintindex":0},"west":{"uv":[11.025,10.525,13.475,11.225],"rotation":0,"texture":"#0","tintindex":0}}},{"name":"cube","from":[0.7999997,10.4,1.3999997],"to":[15.2,10.4,14.6],"rotation":{"angle":0.0,"axis":"x","origin":[11.0,10.4,8.0]},"faces":{"down":{"uv":[5.975,5.525,0.025,10.975],"rotation":0,"texture":"#0","tintindex":0},"east":{"uv":[0.025,0.025,5.475,0.025],"rotation":0,"texture":"#0","tintindex":0},"north":{"uv":[0.025,0.025,5.975,0.025],"rotation":0,"texture":"#0","tintindex":0},"south":{"uv":[0.025,0.025,5.975,0.025],"rotation":0,"texture":"#0","tintindex":0},"up":{"uv":[5.975,5.475,0.025,0.025],"rotation":0,"texture":"#0","tintindex":0},"west":{"uv":[0.025,0.025,5.475,0.025],"rotation":0,"texture":"#0","tintindex":0}}},{"name":"cube","from":[5.0,9.8,3.7999997],"to":[11.0,9.8,7.4],"rotation":{"angle":0.0,"axis":"x","origin":[11.0,11.0,8.0]},"faces":{"down":{"uv":[4.975,11.025,2.525,12.475],"rotation":0,"texture":"#0","tintindex":0},"east":{"uv":[0.025,0.025,1.475,0.025],"rotation":0,"texture":"#0","tintindex":0},"north":{"uv":[0.025,0.025,2.475,0.025],"rotation":0,"texture":"#0","tintindex":0},"south":{"uv":[0.025,0.025,2.475,0.025],"rotation":0,"texture":"#0","tintindex":0},"up":{"uv":[2.475,12.475,0.025,11.025],"rotation":0,"texture":"#0","tintindex":0},"west":{"uv":[0.025,0.025,1.475,0.025],"rotation":0,"texture":"#0","tintindex":0}}},{"name":"cube","from":[5.0,9.8,-1.6000004],"to":[11.0,9.8,3.7999997],"rotation":{"angle":-22.5,"axis":"x","origin":[8.0,9.8,3.7999997]},"faces":{"down":{"uv":[11.475,2.275,9.025,4.475],"rotation":0,"texture":"#0","tintindex":0},"east":{"uv":[0.025,0.025,2.225,0.025],"rotation":0,"texture":"#0","tintindex":0},"north":{"uv":[0.025,0.025,2.475,0.025],"rotation":0,"texture":"#0","tintindex":0},"south":{"uv":[0.025,0.025,2.475,0.025],"rotation":0,"texture":"#0","tintindex":0},"up":{"uv":[11.475,2.225,9.025,0.025],"rotation":0,"texture":"#0","tintindex":0},"west":{"uv":[0.025,0.025,2.225,0.025],"rotation":0,"texture":"#0","tintindex":0}}}],"display":{"head":{"translation":[0.0,-6.4,0.0],"rotation":[0.0,0.0,0.0],"scale":[3.8095,3.8095,3.8095]}}}