{"display":{"thirdperson_righthand":{"translation":[0,4,3],"scale":[0.5,0.5,0.5]},"thirdperson_lefthand":{"translation":[0,4,3],"scale":[0.5,0.5,0.5]},"firstperson_righthand":{"translation":[0,-0.5,0]},"firstperson_lefthand":{"translation":[0,-0.5,0]},"ground":{"translation":[0,1.25,0],"scale":[0.7,0.7,0.7]},"gui":{"rotation":[26,-150,0],"translation":[0,2.25,0],"scale":[0.8,0.8,0.8]},"head":{"rotation":[2,-1,0],"translation":[0,13.25,0.5],"scale":[1.5,1.5,1.5]},"fixed":{"translation":[0,2.75,0]}},"texture_size":[64,64],"textures":{"0":"items/brown_bear_hat","particle":"items/brown_bear_hat"},"elements":[{"from":[2,0,2],"to":[14,2,14],"faces":{"north":{"uv":[5.5,5.25,8.5,5.75],"texture":"#0"},"east":{"uv":[5.5,5.75,8.5,6.25],"texture":"#0"},"south":{"uv":[0,6,3,6.5],"texture":"#0"},"west":{"uv":[5.5,6.25,8.5,6.75],"texture":"#0"},"up":{"uv":[3,3,0,0],"texture":"#0"},"down":{"uv":[3,3,0,6],"texture":"#0"}}},{"from":[3,2,3],"to":[13,9,13],"faces":{"north":{"uv":[3,5,5.5,6.75],"texture":"#0"},"east":{"uv":[5.5,0,8,1.75],"texture":"#0"},"south":{"uv":[5.5,1.75,8,3.5],"texture":"#0"},"west":{"uv":[5.5,3.5,8,5.25],"texture":"#0"},"up":{"uv":[5.5,2.5,3,0],"texture":"#0"},"down":{"uv":[5.5,2.5,3,5],"texture":"#0"}}},{"from":[5,2,0],"to":[11,5,3],"faces":{"north":{"uv":[0,6.5,1.5,7.25],"texture":"#0"},"east":{"uv":[2,7.25,2.75,8],"texture":"#0"},"south":{"uv":[1.5,6.5,3,7.25],"texture":"#0"},"west":{"uv":[2.75,7.5,3.5,8.25],"texture":"#0"},"up":{"uv":[4.5,7.5,3,6.75],"texture":"#0"},"down":{"uv":[6,6.75,4.5,7.5],"texture":"#0"}}},{"from":[9,6,2.25],"to":[13,8,2.25],"faces":{"north":{"uv":[3.5,7.5,4.5,8],"texture":"#0"},"east":{"uv":[0,0,0,0.5],"texture":"#0"},"south":{"uv":[4.5,7.5,5.5,8],"texture":"#0"},"west":{"uv":[0,0,0,0.5],"texture":"#0"},"up":{"uv":[1,0,0,0],"texture":"#0"},"down":{"uv":[1,0,0,0],"texture":"#0"}}},{"from":[3,6,2.25],"to":[7,8,2.25],"faces":{"north":{"uv":[5.5,7.5,6.5,8],"texture":"#0"},"east":{"uv":[0,0,0,0.5],"texture":"#0"},"south":{"uv":[6.5,7.5,7.5,8],"texture":"#0"},"west":{"uv":[0,0,0,0.5],"texture":"#0"},"up":{"uv":[1,0,0,0],"texture":"#0"},"down":{"uv":[1,0,0,0],"texture":"#0"}}},{"from":[2,8,5],"to":[6,11,6],"faces":{"north":{"uv":[6,6.75,7,7.5],"texture":"#0"},"east":{"uv":[8,0.25,8.25,1],"texture":"#0"},"south":{"uv":[7,6.75,8,7.5],"texture":"#0"},"west":{"uv":[1,8,1.25,8.75],"texture":"#0"},"up":{"uv":[8.5,7.75,7.5,7.5],"texture":"#0"},"down":{"uv":[8.5,7.75,7.5,8],"texture":"#0"}}},{"from":[10,8,5],"to":[14,11,6],"faces":{"north":{"uv":[0,7.25,1,8],"texture":"#0"},"east":{"uv":[8,1,8.25,1.75],"texture":"#0"},"south":{"uv":[1,7.25,2,8],"texture":"#0"},"west":{"uv":[1.25,8,1.5,8.75],"texture":"#0"},"up":{"uv":[1,8.25,0,8],"texture":"#0"},"down":{"uv":[9,0,8,0.25],"texture":"#0"}}}]}