{"display":{"thirdperson_righthand":{"rotation":[45,30,0],"translation":[-2.25,1.75,-1.75],"scale":[0.5,0.5,0.5]},"thirdperson_lefthand":{"rotation":[45,30,0],"translation":[-2.25,1.75,-1.75],"scale":[0.5,0.5,0.5]},"firstperson_righthand":{"rotation":[15,120,0],"scale":[0.75,0.75,0.75]},"firstperson_lefthand":{"rotation":[15,120,0],"translation":[0,0,-3.5],"scale":[0.75,0.75,0.75]},"ground":{"translation":[-1.75,0,-2.5],"scale":[0.75,0.75,0.75]},"gui":{"rotation":[30,-145,0],"translation":[3.75,-4.25,0],"scale":[1.06,1.05,1.05]},"head":{"translation":[-4.5,-6.5,-6.5],"scale":[2.2,2.1,2.2]},"fixed":{"translation":[-3,-6,-1.75],"scale":[1.5,1.5,1.5]}},"texture_size":[128,128],"textures":{"0":"items/darth_vader_helmet","particle":"items/darth_vader_helmet"},"elements":[{"from":[13,13,8],"to":[13.5,16,14],"faces":{"north":{"uv":[4.375,7.25,4.4375,7.625],"texture":"#0"},"east":{"uv":[1.75,3.125,2.5,3.5],"texture":"#0"},"south":{"uv":[5.625,7.25,5.6875,7.625],"texture":"#0"},"west":{"uv":[3.25,0.75,4,1.125],"texture":"#0"},"up":{"uv":[5.1875,7.125,5.125,6.375],"texture":"#0"},"down":{"uv":[5.8125,6.75,5.75,7.5],"texture":"#0"}}},{"from":[7,15,8],"to":[13,17.5,14],"faces":{"north":{"uv":[4.25,0.375,5,0.6875],"texture":"#0"},"east":{"uv":[0.875,4.25,1.625,4.5625],"texture":"#0"},"south":{"uv":[4.25,3.125,5,3.4375],"texture":"#0"},"west":{"uv":[4.375,2.25,5.125,2.5625],"texture":"#0"},"up":{"uv":[2.25,0.75,1.5,0],"texture":"#0"},"down":{"uv":[2.25,0.75,1.5,1.5],"texture":"#0"}}},{"from":[6.5,13,8],"to":[7,16,14],"faces":{"north":{"uv":[0.25,7.5,0.3125,7.875],"texture":"#0"},"east":{"uv":[3.25,1.125,4,1.5],"texture":"#0"},"south":{"uv":[0.5,7.5,0.5625,7.875],"texture":"#0"},"west":{"uv":[0.75,3.375,1.5,3.75],"texture":"#0"},"up":{"uv":[5.9375,7.5,5.875,6.75],"texture":"#0"},"down":{"uv":[0.4375,6.875,0.375,7.625],"texture":"#0"}}},{"from":[6.5,13,14],"to":[13.5,16,14.5],"rotation":{"angle":0,"axis":"y","origin":[10.5,14.5,11]},"faces":{"north":{"uv":[2.625,2.625,3.5,3],"texture":"#0"},"east":{"uv":[0.625,7.5,0.6875,7.875],"texture":"#0"},"south":{"uv":[0,2.75,0.875,3.125],"texture":"#0"},"west":{"uv":[0.75,7.5,0.8125,7.875],"texture":"#0"},"up":{"uv":[7.125,0.8125,6.25,0.75],"texture":"#0"},"down":{"uv":[7.125,0.875,6.25,0.9375],"texture":"#0"}}},{"from":[6.5,13,7.5],"to":[13.5,16,8],"rotation":{"angle":0,"axis":"y","origin":[10.5,14.5,11]},"faces":{"north":{"uv":[2.75,2,3.625,2.375],"texture":"#0"},"east":{"uv":[0.875,7.5,0.9375,7.875],"texture":"#0"},"south":{"uv":[0.875,3,1.75,3.375],"texture":"#0"},"west":{"uv":[1,7.5,1.0625,7.875],"texture":"#0"},"up":{"uv":[7.125,1.0625,6.25,1],"texture":"#0"},"down":{"uv":[7.125,1.125,6.25,1.1875],"texture":"#0"}}},{"from":[14.49463,10.72482,7.025],"to":[15.74463,11.22482,14.475],"rotation":{"angle":-45,"axis":"z","origin":[14.99463,10.97482,7.25]},"faces":{"north":{"uv":[1.375,7.875,1.53125,7.9375],"texture":"#0"},"east":{"uv":[6,1.375,6.9375,1.4375],"texture":"#0"},"south":{"uv":[7.875,1.375,8.03125,1.4375],"texture":"#0"},"west":{"uv":[6,2.625,6.9375,2.6875],"texture":"#0"},"up":{"uv":[0.65625,6.0625,0.5,5.125],"texture":"#0"},"down":{"uv":[1.53125,5.125,1.375,6.0625],"texture":"#0"}}},{"from":[13.42169,11.14312,6.975],"to":[14.42169,13.39312,14.525],"rotation":{"angle":22.5,"axis":"z","origin":[13.92169,13.76812,7.25]},"faces":{"north":{"uv":[3.25,7.125,3.375,7.40625],"texture":"#0"},"east":{"uv":[0.75,3.875,1.6875,4.15625],"texture":"#0"},"south":{"uv":[4.5,7.125,4.625,7.40625],"texture":"#0"},"west":{"uv":[4,0.75,4.9375,1.03125],"texture":"#0"},"up":{"uv":[3.25,6.4375,3.125,5.5],"texture":"#0"},"down":{"uv":[3.375,5.5,3.25,6.4375],"texture":"#0"}}},{"from":[13.78796,8.81543,7],"to":[14.28796,11.31543,14.5],"rotation":{"angle":22.5,"axis":"z","origin":[14.28796,14.19043,7.25]},"faces":{"north":{"uv":[2.875,7.5,2.9375,7.8125],"texture":"#0"},"east":{"uv":[2.625,3,3.5625,3.3125],"texture":"#0"},"south":{"uv":[3.25,7.5,3.3125,7.8125],"texture":"#0"},"west":{"uv":[3.125,1.5,4.0625,1.8125],"texture":"#0"},"up":{"uv":[6.0625,6.9375,6,6],"texture":"#0"},"down":{"uv":[0.5625,6.125,0.5,7.0625],"texture":"#0"}}},{"from":[13.62169,11.14312,14.5],"to":[14.12169,11.49312,14.9],"rotation":{"angle":22.5,"axis":"z","origin":[13.62169,13.76812,14.75]},"faces":{"north":{"uv":[8,8,8.0625,8.03125],"texture":"#0"},"east":{"uv":[8.125,0.125,8.1875,0.15625],"texture":"#0"},"south":{"uv":[8.125,0.25,8.1875,0.28125],"texture":"#0"},"west":{"uv":[8.125,0.375,8.1875,0.40625],"texture":"#0"},"up":{"uv":[3.0625,8.0625,3,8],"texture":"#0"},"down":{"uv":[3.1875,8,3.125,8.0625],"texture":"#0"}}},{"from":[14.19463,10.72482,14.525],"to":[15.44463,11.22482,14.875],"rotation":{"angle":-45,"axis":"z","origin":[14.69463,10.97482,14.75]},"faces":{"north":{"uv":[7.875,1.5,8.03125,1.5625],"texture":"#0"},"east":{"uv":[0.5,8.125,0.53125,8.1875],"texture":"#0"},"south":{"uv":[7.875,1.625,8.03125,1.6875],"texture":"#0"},"west":{"uv":[8.125,0.5,8.15625,0.5625],"texture":"#0"},"up":{"uv":[2.65625,8.03125,2.5,8],"texture":"#0"},"down":{"uv":[2.90625,8,2.75,8.03125],"texture":"#0"}}},{"from":[13.48796,8.76543,14.5],"to":[13.98796,11.34043,14.9],"rotation":{"angle":22.5,"axis":"z","origin":[13.98796,14.19043,14.75]},"faces":{"north":{"uv":[7.5,4.625,7.5625,4.9375],"texture":"#0"},"east":{"uv":[7.5,5,7.5625,5.3125],"texture":"#0"},"south":{"uv":[5.25,7.5,5.3125,7.8125],"texture":"#0"},"west":{"uv":[5.375,7.5,5.4375,7.8125],"texture":"#0"},"up":{"uv":[3.3125,8.0625,3.25,8],"texture":"#0"},"down":{"uv":[8.0625,4,8,4.0625],"texture":"#0"}}},{"from":[13.08796,8.96543,14.9],"to":[13.58796,10.51543,15.3],"rotation":{"angle":22.5,"axis":"z","origin":[13.98796,14.19043,14.75]},"faces":{"north":{"uv":[1.25,7.75,1.3125,7.9375],"texture":"#0"},"east":{"uv":[7.75,1.5,7.8125,1.6875],"texture":"#0"},"south":{"uv":[1.625,7.75,1.6875,7.9375],"texture":"#0"},"west":{"uv":[1.75,7.75,1.8125,7.9375],"texture":"#0"},"up":{"uv":[8.0625,4.1875,8,4.125],"texture":"#0"},"down":{"uv":[8.0625,4.25,8,4.3125],"texture":"#0"}}},{"from":[12.78796,9.06543,15.15],"to":[13.28796,10.11543,15.55],"rotation":{"angle":22.5,"axis":"z","origin":[13.98796,14.19043,14.75]},"faces":{"north":{"uv":[7.875,4.25,7.9375,4.375],"texture":"#0"},"east":{"uv":[7.875,4.375,7.9375,4.5],"texture":"#0"},"south":{"uv":[7.875,4.5,7.9375,4.625],"texture":"#0"},"west":{"uv":[7.875,4.625,7.9375,4.75],"texture":"#0"},"up":{"uv":[4.4375,8.0625,4.375,8],"texture":"#0"},"down":{"uv":[8.0625,4.375,8,4.4375],"texture":"#0"}}},{"from":[6.24502,10.7842,14.5375],"to":[6.74502,11.1342,14.9375],"rotation":{"angle":-22.5,"axis":"z","origin":[6.74502,13.6592,7.7875]},"faces":{"north":{"uv":[0.625,8.125,0.6875,8.15625],"texture":"#0"},"east":{"uv":[8.125,0.625,8.1875,0.65625],"texture":"#0"},"south":{"uv":[0.75,8.125,0.8125,8.15625],"texture":"#0"},"west":{"uv":[8.125,0.75,8.1875,0.78125],"texture":"#0"},"up":{"uv":[4.5625,8.0625,4.5,8],"texture":"#0"},"down":{"uv":[8.0625,4.5,8,4.5625],"texture":"#0"}}},{"from":[6.06507,8.51543,14.4375],"to":[6.56507,11.09043,14.8375],"rotation":{"angle":-22.5,"axis":"z","origin":[6.96507,14.19043,7.7875]},"faces":{"north":{"uv":[5.5,7.5,5.5625,7.8125],"texture":"#0"},"east":{"uv":[5.75,7.5,5.8125,7.8125],"texture":"#0"},"south":{"uv":[5.875,7.5,5.9375,7.8125],"texture":"#0"},"west":{"uv":[6.5,7.5,6.5625,7.8125],"texture":"#0"},"up":{"uv":[4.6875,8.0625,4.625,8],"texture":"#0"},"down":{"uv":[8.0625,4.625,8,4.6875],"texture":"#0"}}},{"from":[6.41507,8.71543,14.7375],"to":[6.91507,10.26543,15.1375],"rotation":{"angle":-22.5,"axis":"z","origin":[6.96507,14.19043,7.7875]},"faces":{"north":{"uv":[7.75,1.75,7.8125,1.9375],"texture":"#0"},"east":{"uv":[7.75,2,7.8125,2.1875],"texture":"#0"},"south":{"uv":[2.625,7.75,2.6875,7.9375],"texture":"#0"},"west":{"uv":[7.75,2.625,7.8125,2.8125],"texture":"#0"},"up":{"uv":[4.8125,8.0625,4.75,8],"texture":"#0"},"down":{"uv":[8.0625,4.75,8,4.8125],"texture":"#0"}}},{"from":[6.71507,8.81543,14.9875],"to":[7.21507,9.86543,15.3875],"rotation":{"angle":-22.5,"axis":"z","origin":[6.96507,14.19043,7.7875]},"faces":{"north":{"uv":[7.875,4.75,7.9375,4.875],"texture":"#0"},"east":{"uv":[7.875,4.875,7.9375,5],"texture":"#0"},"south":{"uv":[7.875,5,7.9375,5.125],"texture":"#0"},"west":{"uv":[7.875,5.125,7.9375,5.25],"texture":"#0"},"up":{"uv":[4.9375,8.0625,4.875,8],"texture":"#0"},"down":{"uv":[8.0625,4.875,8,4.9375],"texture":"#0"}}},{"from":[6.62229,10.82228,14.90882],"to":[13.37229,14.07228,15.90882],"rotation":{"angle":-22.5,"axis":"x","origin":[9.99729,10.69599,14.60235]},"faces":{"north":{"uv":[2.25,1.5,3.09375,1.90625],"texture":"#0"},"east":{"uv":[5.125,4,5.25,4.40625],"texture":"#0"},"south":{"uv":[1.75,2.625,2.59375,3.03125],"texture":"#0"},"west":{"uv":[5.75,6.25,5.875,6.65625],"texture":"#0"},"up":{"uv":[5.34375,2.25,4.5,2.125],"texture":"#0"},"down":{"uv":[5.96875,0.25,5.125,0.375],"texture":"#0"}}},{"from":[6.62229,10.67174,14.88525],"to":[13.32229,11.17174,15.63525],"rotation":{"angle":22.5,"axis":"x","origin":[9.97229,10.92174,15.51025]},"faces":{"north":{"uv":[6.375,4.5,7.21875,4.5625],"texture":"#0"},"east":{"uv":[0.5,8,0.59375,8.0625],"texture":"#0"},"south":{"uv":[6.875,0.25,7.71875,0.3125],"texture":"#0"},"west":{"uv":[8,0.5,8.09375,0.5625],"texture":"#0"},"up":{"uv":[6.71875,3.34375,5.875,3.25],"texture":"#0"},"down":{"uv":[6.84375,0.25,6,0.34375],"texture":"#0"}}},{"from":[6.62229,8.57228,15.40882],"to":[13.37229,10.82228,15.90882],"rotation":{"angle":-22.5,"axis":"x","origin":[9.99729,10.69599,14.60235]},"faces":{"north":{"uv":[0,4.25,0.84375,4.53125],"texture":"#0"},"east":{"uv":[2.125,7.625,2.1875,7.90625],"texture":"#0"},"south":{"uv":[4.25,0,5.09375,0.28125],"texture":"#0"},"west":{"uv":[2.25,7.625,2.3125,7.90625],"texture":"#0"},"up":{"uv":[7.71875,2.8125,6.875,2.75],"texture":"#0"},"down":{"uv":[6.96875,6.875,6.125,6.9375],"texture":"#0"}}},{"from":[13.37229,10.82228,14.55882],"to":[14.37229,13.32228,15.55882],"rotation":{"angle":-22.5,"axis":"x","origin":[16.74729,10.69599,14.25235]},"faces":{"north":{"uv":[0.75,5.125,0.875,5.4375],"texture":"#0"},"east":{"uv":[0.25,7.125,0.375,7.4375],"texture":"#0"},"south":{"uv":[1.75,7.125,1.875,7.4375],"texture":"#0"},"west":{"uv":[1.875,7.125,2,7.4375],"texture":"#0"},"up":{"uv":[4.5,2.75,4.375,2.625],"texture":"#0"},"down":{"uv":[5.125,4,5,4.125],"texture":"#0"}}},{"from":[13.37229,8.57228,15.05882],"to":[14.37229,10.82228,15.55882],"rotation":{"angle":-22.5,"axis":"x","origin":[16.74729,10.69599,14.25235]},"faces":{"north":{"uv":[4.625,7.125,4.75,7.40625],"texture":"#0"},"east":{"uv":[2.375,7.625,2.4375,7.90625],"texture":"#0"},"south":{"uv":[7.125,4.625,7.25,4.90625],"texture":"#0"},"west":{"uv":[2.5,7.625,2.5625,7.90625],"texture":"#0"},"up":{"uv":[5.375,7.9375,5.25,7.875],"texture":"#0"},"down":{"uv":[8,5.25,7.875,5.3125],"texture":"#0"}}},{"from":[13.37229,10.67174,14.53525],"to":[14.32229,11.17174,15.28525],"rotation":{"angle":22.5,"axis":"x","origin":[16.72229,10.92174,15.16025]},"faces":{"north":{"uv":[5.375,7.875,5.5,7.9375],"texture":"#0"},"east":{"uv":[0.625,8,0.71875,8.0625],"texture":"#0"},"south":{"uv":[7.875,5.375,8,5.4375],"texture":"#0"},"west":{"uv":[8,0.625,8.09375,0.6875],"texture":"#0"},"up":{"uv":[7.875,0.71875,7.75,0.625],"texture":"#0"},"down":{"uv":[7.875,1.25,7.75,1.34375],"texture":"#0"}}},{"from":[14.37229,10.07228,14.55882],"to":[14.84729,12.57228,15.55882],"rotation":{"angle":-22.5,"axis":"x","origin":[17.74729,9.94599,14.25235]},"faces":{"north":{"uv":[6.625,7.5,6.6875,7.8125],"texture":"#0"},"east":{"uv":[2,7.125,2.125,7.4375],"texture":"#0"},"south":{"uv":[6.75,7.5,6.8125,7.8125],"texture":"#0"},"west":{"uv":[2.125,7.125,2.25,7.4375],"texture":"#0"},"up":{"uv":[5.5625,8,5.5,7.875],"texture":"#0"},"down":{"uv":[7.9375,5.5,7.875,5.625],"texture":"#0"}}},{"from":[14.37229,9.92174,14.53525],"to":[14.79729,10.42174,15.28525],"rotation":{"angle":22.5,"axis":"x","origin":[17.72229,10.17174,15.16025]},"faces":{"north":{"uv":[5,8,5.0625,8.0625],"texture":"#0"},"east":{"uv":[0.875,8,0.96875,8.0625],"texture":"#0"},"south":{"uv":[8,5,8.0625,5.0625],"texture":"#0"},"west":{"uv":[1,8,1.09375,8.0625],"texture":"#0"},"up":{"uv":[1.3125,8.09375,1.25,8],"texture":"#0"},"down":{"uv":[1.4375,8,1.375,8.09375],"texture":"#0"}}},{"from":[14.37229,8.52228,15.05882],"to":[14.84729,10.07228,15.55882],"rotation":{"angle":-22.5,"axis":"x","origin":[17.74729,9.94599,14.25235]},"faces":{"north":{"uv":[2.75,7.75,2.8125,7.9375],"texture":"#0"},"east":{"uv":[3,7.75,3.0625,7.9375],"texture":"#0"},"south":{"uv":[3.125,7.75,3.1875,7.9375],"texture":"#0"},"west":{"uv":[7.75,3.625,7.8125,3.8125],"texture":"#0"},"up":{"uv":[5.1875,8.0625,5.125,8],"texture":"#0"},"down":{"uv":[8.0625,5.125,8,5.1875],"texture":"#0"}}},{"from":[5.14729,8.52228,15.05882],"to":[5.62229,10.07228,15.55882],"rotation":{"angle":-22.5,"axis":"x","origin":[8.52229,9.94599,14.25235]},"faces":{"north":{"uv":[7.75,3.875,7.8125,4.0625],"texture":"#0"},"east":{"uv":[7.75,4.125,7.8125,4.3125],"texture":"#0"},"south":{"uv":[7.75,4.375,7.8125,4.5625],"texture":"#0"},"west":{"uv":[7.75,4.625,7.8125,4.8125],"texture":"#0"},"up":{"uv":[5.3125,8.0625,5.25,8],"texture":"#0"},"down":{"uv":[8.0625,5.25,8,5.3125],"texture":"#0"}}},{"from":[5.14729,9.92174,14.53525],"to":[5.57229,10.42174,15.28525],"rotation":{"angle":22.5,"axis":"x","origin":[8.49729,10.17174,15.16025]},"faces":{"north":{"uv":[5.375,8,5.4375,8.0625],"texture":"#0"},"east":{"uv":[1.5,8,1.59375,8.0625],"texture":"#0"},"south":{"uv":[8,5.375,8.0625,5.4375],"texture":"#0"},"west":{"uv":[1.625,8,1.71875,8.0625],"texture":"#0"},"up":{"uv":[1.8125,8.09375,1.75,8],"texture":"#0"},"down":{"uv":[1.9375,8,1.875,8.09375],"texture":"#0"}}},{"from":[5.14729,10.07228,14.55882],"to":[5.62229,12.57228,15.55882],"rotation":{"angle":-22.5,"axis":"x","origin":[8.52229,9.94599,14.25235]},"faces":{"north":{"uv":[6.875,7.5,6.9375,7.8125],"texture":"#0"},"east":{"uv":[2.25,7.125,2.375,7.4375],"texture":"#0"},"south":{"uv":[7,7.5,7.0625,7.8125],"texture":"#0"},"west":{"uv":[2.375,7.125,2.5,7.4375],"texture":"#0"},"up":{"uv":[7.9375,5.75,7.875,5.625],"texture":"#0"},"down":{"uv":[5.8125,7.875,5.75,8],"texture":"#0"}}},{"from":[5.62229,10.82228,14.55882],"to":[6.62229,13.32228,15.55882],"rotation":{"angle":-22.5,"axis":"x","origin":[8.99729,10.69599,14.25235]},"faces":{"north":{"uv":[2.5,7.125,2.625,7.4375],"texture":"#0"},"east":{"uv":[2.625,7.125,2.75,7.4375],"texture":"#0"},"south":{"uv":[2.75,7.125,2.875,7.4375],"texture":"#0"},"west":{"uv":[2.875,7.125,3,7.4375],"texture":"#0"},"up":{"uv":[1.25,6.625,1.125,6.5],"texture":"#0"},"down":{"uv":[6.875,3.25,6.75,3.375],"texture":"#0"}}},{"from":[5.62229,10.67174,14.53525],"to":[6.57229,11.17174,15.28525],"rotation":{"angle":22.5,"axis":"x","origin":[8.97229,10.92174,15.16025]},"faces":{"north":{"uv":[5.875,7.875,6,7.9375],"texture":"#0"},"east":{"uv":[2,8,2.09375,8.0625],"texture":"#0"},"south":{"uv":[7.875,6,8,6.0625],"texture":"#0"},"west":{"uv":[2.125,8,2.21875,8.0625],"texture":"#0"},"up":{"uv":[7.875,3.46875,7.75,3.375],"texture":"#0"},"down":{"uv":[7.875,4.875,7.75,4.96875],"texture":"#0"}}},{"from":[5.62229,8.57228,15.05882],"to":[6.62229,10.82228,15.55882],"rotation":{"angle":-22.5,"axis":"x","origin":[8.99729,10.69599,14.25235]},"faces":{"north":{"uv":[4.75,7.125,4.875,7.40625],"texture":"#0"},"east":{"uv":[4.375,7.625,4.4375,7.90625],"texture":"#0"},"south":{"uv":[4.875,7.125,5,7.40625],"texture":"#0"},"west":{"uv":[4.5,7.625,4.5625,7.90625],"texture":"#0"},"up":{"uv":[8,6.1875,7.875,6.125],"texture":"#0"},"down":{"uv":[8,6.25,7.875,6.3125],"texture":"#0"}}},{"from":[13.05725,12.50756,7],"to":[14.30725,13.50756,14.5],"rotation":{"angle":-22.5,"axis":"z","origin":[14.68225,13.00756,7.25]},"faces":{"north":{"uv":[1.5,3.375,1.65625,3.5],"texture":"#0"},"east":{"uv":[5,1.375,5.9375,1.5],"texture":"#0"},"south":{"uv":[0.5,4.125,0.65625,4.25],"texture":"#0"},"west":{"uv":[5,3.375,5.9375,3.5],"texture":"#0"},"up":{"uv":[1.78125,6.0625,1.625,5.125],"texture":"#0"},"down":{"uv":[2.03125,5.125,1.875,6.0625],"texture":"#0"}}},{"from":[9.975,12.525,7],"to":[13.475,13.525,7.5],"rotation":{"angle":22.5,"axis":"z","origin":[12,13.55,7.25]},"faces":{"north":{"uv":[0,4.125,0.4375,4.25],"texture":"#0"},"east":{"uv":[7.875,6.375,7.9375,6.5],"texture":"#0"},"south":{"uv":[5.125,1.75,5.5625,1.875],"texture":"#0"},"west":{"uv":[6.5,7.875,6.5625,8],"texture":"#0"},"up":{"uv":[7.6875,0.1875,7.25,0.125],"texture":"#0"},"down":{"uv":[7.6875,0.625,7.25,0.6875],"texture":"#0"}}},{"from":[10.43733,12.75756,6.75],"to":[13.68733,13.25756,7.25],"rotation":{"angle":22.5,"axis":"z","origin":[12.06233,13.00756,6.75]},"faces":{"north":{"uv":[7.25,1.75,7.65625,1.8125],"texture":"#0"},"east":{"uv":[5.5,8,5.5625,8.0625],"texture":"#0"},"south":{"uv":[7.25,1.875,7.65625,1.9375],"texture":"#0"},"west":{"uv":[8,5.5,8.0625,5.5625],"texture":"#0"},"up":{"uv":[7.65625,2.0625,7.25,2],"texture":"#0"},"down":{"uv":[7.65625,2.125,7.25,2.1875],"texture":"#0"}}},{"from":[5.57831,11.14312,6.975],"to":[6.57831,13.39312,14.525],"rotation":{"angle":-22.5,"axis":"z","origin":[6.07831,13.76812,7.25]},"faces":{"north":{"uv":[5,7.125,5.125,7.40625],"texture":"#0"},"east":{"uv":[4,1.125,4.9375,1.40625],"texture":"#0"},"south":{"uv":[7.125,5,7.25,5.28125],"texture":"#0"},"west":{"uv":[4.125,1.5,5.0625,1.78125],"texture":"#0"},"up":{"uv":[3.5,6.4375,3.375,5.5],"texture":"#0"},"down":{"uv":[3.625,5.5,3.5,6.4375],"texture":"#0"}}},{"from":[5.71204,8.81543,7],"to":[6.21204,11.31543,14.5],"rotation":{"angle":-22.5,"axis":"z","origin":[5.71204,14.19043,7.25]},"faces":{"north":{"uv":[7.5,7,7.5625,7.3125],"texture":"#0"},"east":{"uv":[3.25,0,4.1875,0.3125],"texture":"#0"},"south":{"uv":[7.125,7.5,7.1875,7.8125],"texture":"#0"},"west":{"uv":[3.25,0.375,4.1875,0.6875],"texture":"#0"},"up":{"uv":[0.6875,7.0625,0.625,6.125],"texture":"#0"},"down":{"uv":[1.4375,6.125,1.375,7.0625],"texture":"#0"}}},{"from":[12.98042,10.47257,7.525],"to":[13.55542,12.97257,14.525],"rotation":{"angle":0,"axis":"y","origin":[12.80542,11.84757,11]},"faces":{"north":{"uv":[7.25,7.5,7.3125,7.8125],"texture":"#0"},"east":{"uv":[2.5,3.375,3.375,3.6875],"texture":"#0"},"south":{"uv":[7.375,7.5,7.4375,7.8125],"texture":"#0"},"west":{"uv":[3.375,3.375,4.25,3.6875],"texture":"#0"},"up":{"uv":[1.9375,7,1.875,6.125],"texture":"#0"},"down":{"uv":[2.0625,6.125,2,7],"texture":"#0"}}},{"from":[10.23042,10.32257,8.025],"to":[13.05542,12.32257,10.025],"rotation":{"angle":0,"axis":"y","origin":[12.80542,11.84757,11]},"faces":{"north":{"uv":[0.875,2.75,1.21875,3],"texture":"#0"},"east":{"uv":[1.25,1.875,1.5,2.125],"texture":"#0"},"south":{"uv":[5.125,1.5,5.46875,1.75],"texture":"#0"},"west":{"uv":[1.375,4.625,1.625,4.875],"texture":"#0"},"up":{"uv":[5.96875,3.125,5.625,2.875],"texture":"#0"},"down":{"uv":[5.84375,5.75,5.5,6],"texture":"#0"}}},{"from":[13.48042,11.72257,7.5],"to":[14.05542,13.22257,14.5],"rotation":{"angle":0,"axis":"y","origin":[12.80542,11.84757,11]},"faces":{"north":{"uv":[5,7.75,5.0625,7.9375],"texture":"#0"},"east":{"uv":[0,4.875,0.875,5.0625],"texture":"#0"},"south":{"uv":[5.125,7.75,5.1875,7.9375],"texture":"#0"},"west":{"uv":[5,0.375,5.875,0.5625],"texture":"#0"},"up":{"uv":[2.1875,7,2.125,6.125],"texture":"#0"},"down":{"uv":[2.3125,6.125,2.25,7],"texture":"#0"}}},{"from":[12.73042,12.12257,7.55],"to":[13.55542,13.87257,14.55],"rotation":{"angle":45,"axis":"z","origin":[13.76792,12.47257,11.025]},"faces":{"north":{"uv":[1.625,7.5,1.71875,7.71875],"texture":"#0"},"east":{"uv":[4.5,2.625,5.375,2.84375],"texture":"#0"},"south":{"uv":[1.75,7.5,1.84375,7.71875],"texture":"#0"},"west":{"uv":[4.5,2.875,5.375,3.09375],"texture":"#0"},"up":{"uv":[0.09375,6.875,0,6],"texture":"#0"},"down":{"uv":[0.21875,6,0.125,6.875],"texture":"#0"}}},{"from":[13.65582,10.6167,7.475],"to":[14.18082,13.1167,14.475],"rotation":{"angle":-22.5,"axis":"z","origin":[13.50582,12.1167,11.025]},"faces":{"north":{"uv":[7.5,7.375,7.5625,7.6875],"texture":"#0"},"east":{"uv":[1.5,3.5,2.375,3.8125],"texture":"#0"},"south":{"uv":[0,7.625,0.0625,7.9375],"texture":"#0"},"west":{"uv":[3.5,2.375,4.375,2.6875],"texture":"#0"},"up":{"uv":[6.3125,2.625,6.25,1.75],"texture":"#0"},"down":{"uv":[6.3125,3.75,6.25,4.625],"texture":"#0"}}},{"from":[13.02875,9.22788,7.5],"to":[13.55375,10.72788,14.5],"rotation":{"angle":0,"axis":"y","origin":[13.79125,11.72788,11]},"faces":{"north":{"uv":[7.75,6.25,7.8125,6.4375],"texture":"#0"},"east":{"uv":[5,0.625,5.875,0.8125],"texture":"#0"},"south":{"uv":[7.75,7.375,7.8125,7.5625],"texture":"#0"},"west":{"uv":[5,0.875,5.875,1.0625],"texture":"#0"},"up":{"uv":[3.9375,7.125,3.875,6.25],"texture":"#0"},"down":{"uv":[4.0625,6.25,4,7.125],"texture":"#0"}}},{"from":[12.67875,9.22788,4.875],"to":[12.92875,9.47788,11.375],"rotation":{"angle":-22.5,"axis":"x","origin":[13.40375,9.35288,9.75]},"faces":{"north":{"uv":[0.875,8.125,0.90625,8.15625],"texture":"#0"},"east":{"uv":[7.25,2.25,8.0625,2.28125],"texture":"#0"},"south":{"uv":[1,8.125,1.03125,8.15625],"texture":"#0"},"west":{"uv":[7.25,2.375,8.0625,2.40625],"texture":"#0"},"up":{"uv":[3.40625,8.0625,3.375,7.25],"texture":"#0"},"down":{"uv":[3.53125,7.25,3.5,8.0625],"texture":"#0"}}},{"from":[12.67875,7.73102,5.9987],"to":[12.92875,7.98102,12.4987],"rotation":{"angle":0,"axis":"y","origin":[12.85375,8.73102,8.2487]},"faces":{"north":{"uv":[1.25,8.125,1.28125,8.15625],"texture":"#0"},"east":{"uv":[7.25,2.5,8.0625,2.53125],"texture":"#0"},"south":{"uv":[1.375,8.125,1.40625,8.15625],"texture":"#0"},"west":{"uv":[7.25,2.875,8.0625,2.90625],"texture":"#0"},"up":{"uv":[3.65625,8.0625,3.625,7.25],"texture":"#0"},"down":{"uv":[3.78125,7.25,3.75,8.0625],"texture":"#0"}}},{"from":[12.62875,9.17788,4.775],"to":[12.97875,9.52788,5.775],"rotation":{"angle":-22.5,"axis":"x","origin":[13.40375,9.35288,9.75]},"faces":{"north":{"uv":[8.125,1.375,8.15625,1.40625],"texture":"#0"},"east":{"uv":[8,5.625,8.125,5.65625],"texture":"#0"},"south":{"uv":[1.5,8.125,1.53125,8.15625],"texture":"#0"},"west":{"uv":[5.75,8,5.875,8.03125],"texture":"#0"},"up":{"uv":[5.90625,8.125,5.875,8],"texture":"#0"},"down":{"uv":[8.03125,6,8,6.125],"texture":"#0"}}},{"from":[7.10375,9.22788,4.875],"to":[7.35375,9.47788,11.375],"rotation":{"angle":-22.5,"axis":"x","origin":[7.82875,9.35288,9.75]},"faces":{"north":{"uv":[8.125,1.5,8.15625,1.53125],"texture":"#0"},"east":{"uv":[7.25,3,8.0625,3.03125],"texture":"#0"},"south":{"uv":[1.625,8.125,1.65625,8.15625],"texture":"#0"},"west":{"uv":[7.25,3.125,8.0625,3.15625],"texture":"#0"},"up":{"uv":[3.90625,8.0625,3.875,7.25],"texture":"#0"},"down":{"uv":[4.03125,7.25,4,8.0625],"texture":"#0"}}},{"from":[7.05375,9.17788,4.775],"to":[7.40375,9.52788,5.775],"rotation":{"angle":-22.5,"axis":"x","origin":[7.82875,9.35288,9.75]},"faces":{"north":{"uv":[8.125,1.625,8.15625,1.65625],"texture":"#0"},"east":{"uv":[8,6.125,8.125,6.15625],"texture":"#0"},"south":{"uv":[1.75,8.125,1.78125,8.15625],"texture":"#0"},"west":{"uv":[8,6.25,8.125,6.28125],"texture":"#0"},"up":{"uv":[8.03125,6.5,8,6.375],"texture":"#0"},"down":{"uv":[6.53125,8,6.5,8.125],"texture":"#0"}}},{"from":[7.10375,7.73102,5.9987],"to":[7.35375,7.98102,12.4987],"rotation":{"angle":0,"axis":"y","origin":[7.27875,8.73102,8.2487]},"faces":{"north":{"uv":[8.125,1.75,8.15625,1.78125],"texture":"#0"},"east":{"uv":[7.25,3.25,8.0625,3.28125],"texture":"#0"},"south":{"uv":[1.875,8.125,1.90625,8.15625],"texture":"#0"},"west":{"uv":[7.25,3.5,8.0625,3.53125],"texture":"#0"},"up":{"uv":[4.15625,8.0625,4.125,7.25],"texture":"#0"},"down":{"uv":[4.28125,7.25,4.25,8.0625],"texture":"#0"}}},{"from":[6.92875,8.47788,14.225],"to":[13.02875,13.47788,14.75],"rotation":{"angle":0,"axis":"y","origin":[9.52875,11.72788,13.7375]},"faces":{"north":{"uv":[1.5,1.5,2.25,2.125],"texture":"#0"},"east":{"uv":[3,7.125,3.0625,7.75],"texture":"#0"},"south":{"uv":[0,1.875,0.75,2.5],"texture":"#0"},"west":{"uv":[3.125,7.125,3.1875,7.75],"texture":"#0"},"up":{"uv":[2.625,7.0625,1.875,7],"texture":"#0"},"down":{"uv":[3.375,7,2.625,7.0625],"texture":"#0"}}},{"from":[6.95375,9.71538,13.7375],"to":[13.05375,12.19038,15.7375],"rotation":{"angle":-22.5,"axis":"x","origin":[9.97875,10.47788,15.4875]},"faces":{"north":{"uv":[4.375,4.125,5.125,4.4375],"texture":"#0"},"east":{"uv":[5.125,2.25,5.375,2.5625],"texture":"#0"},"south":{"uv":[1.625,4.5,2.375,4.8125],"texture":"#0"},"west":{"uv":[6,1.75,6.25,2.0625],"texture":"#0"},"up":{"uv":[0.75,2.75,0,2.5],"texture":"#0"},"down":{"uv":[3.5,2.375,2.75,2.625],"texture":"#0"}}},{"from":[6.92875,8.00288,14.225],"to":[13.02875,8.50288,14.75],"rotation":{"angle":0,"axis":"y","origin":[9.52875,11.72788,13.7375]},"faces":{"north":{"uv":[7,2.625,7.75,2.6875],"texture":"#0"},"east":{"uv":[8,6.5,8.0625,6.5625],"texture":"#0"},"south":{"uv":[7,3.375,7.75,3.4375],"texture":"#0"},"west":{"uv":[6.625,8,6.6875,8.0625],"texture":"#0"},"up":{"uv":[6.75,7.0625,6,7],"texture":"#0"},"down":{"uv":[7.75,6.25,7,6.3125],"texture":"#0"}}},{"from":[7.17875,7.50288,14.225],"to":[12.77875,8.00288,14.75],"rotation":{"angle":0,"axis":"y","origin":[9.52875,11.72788,13.7375]},"faces":{"north":{"uv":[7.125,0.875,7.8125,0.9375],"texture":"#0"},"east":{"uv":[8,6.625,8.0625,6.6875],"texture":"#0"},"south":{"uv":[1,7.125,1.6875,7.1875],"texture":"#0"},"west":{"uv":[6.75,8,6.8125,8.0625],"texture":"#0"},"up":{"uv":[7.8125,1.0625,7.125,1],"texture":"#0"},"down":{"uv":[7.8125,1.125,7.125,1.1875],"texture":"#0"}}},{"from":[7.42875,7.00288,14.225],"to":[12.52875,7.50288,14.75],"rotation":{"angle":0,"axis":"y","origin":[9.52875,11.72788,13.7375]},"faces":{"north":{"uv":[7.125,1.25,7.75,1.3125],"texture":"#0"},"east":{"uv":[8,6.75,8.0625,6.8125],"texture":"#0"},"south":{"uv":[3.875,7.125,4.5,7.1875],"texture":"#0"},"west":{"uv":[6.875,8,6.9375,8.0625],"texture":"#0"},"up":{"uv":[7.75,4.3125,7.125,4.25],"texture":"#0"},"down":{"uv":[7.75,4.375,7.125,4.4375],"texture":"#0"}}},{"from":[12.57038,7.17348,7.5],"to":[13.09538,9.42348,14.5],"rotation":{"angle":-22.5,"axis":"z","origin":[12.83288,8.17348,11]},"faces":{"north":{"uv":[4.625,7.625,4.6875,7.90625],"texture":"#0"},"east":{"uv":[1.75,4.125,2.625,4.40625],"texture":"#0"},"south":{"uv":[7.625,4.625,7.6875,4.90625],"texture":"#0"},"west":{"uv":[2.625,4.125,3.5,4.40625],"texture":"#0"},"up":{"uv":[4.1875,7.125,4.125,6.25],"texture":"#0"},"down":{"uv":[4.3125,6.25,4.25,7.125],"texture":"#0"}}},{"from":[11.13441,7.15445,6],"to":[11.40941,10.40445,14],"rotation":{"angle":45,"axis":"z","origin":[11.27191,9.15445,10.025]},"faces":{"north":{"uv":[5.625,7.625,5.65625,8.03125],"texture":"#0"},"east":{"uv":[1.75,2.125,2.75,2.53125],"texture":"#0"},"south":{"uv":[7.625,7.375,7.65625,7.78125],"texture":"#0"},"west":{"uv":[2.25,0,3.25,0.40625],"texture":"#0"},"up":{"uv":[6.03125,8.125,6,7.125],"texture":"#0"},"down":{"uv":[6.15625,7.125,6.125,8.125],"texture":"#0"}}},{"from":[7.35661,7.64301,6.025],"to":[12.58889,7.90398,13.775],"rotation":{"angle":0,"axis":"y","origin":[10.99411,9.39301,8.775]},"faces":{"north":{"uv":[1.875,7.5,2.53125,7.53125],"texture":"#0"},"east":{"uv":[7.125,5.75,8.09375,5.78125],"texture":"#0"},"south":{"uv":[4.5,7.5,5.15625,7.53125],"texture":"#0"},"west":{"uv":[7.125,5.875,8.09375,5.90625],"texture":"#0"},"up":{"uv":[0.65625,1.84375,0,0.875],"texture":"#0"},"down":{"uv":[1.40625,0.875,0.75,1.84375],"texture":"#0"}}},{"from":[8.06182,7.55954,6.15355],"to":[11.88437,8.10954,7.92855],"rotation":{"angle":45,"axis":"x","origin":[9.97309,7.50954,6.35355]},"faces":{"north":{"uv":[7.125,6,7.59375,6.0625],"texture":"#0"},"east":{"uv":[7.625,5.25,7.84375,5.3125],"texture":"#0"},"south":{"uv":[7.125,6.125,7.59375,6.1875],"texture":"#0"},"west":{"uv":[7.625,5.5,7.84375,5.5625],"texture":"#0"},"up":{"uv":[4.09375,3.34375,3.625,3.125],"texture":"#0"},"down":{"uv":[2.21875,3.875,1.75,4.09375],"texture":"#0"}}},{"from":[8.08682,6.93454,7.05355],"to":[11.85932,7.70954,7.95355],"rotation":{"angle":0,"axis":"y","origin":[9.97309,6.82204,7.05355]},"faces":{"north":{"uv":[0.5,7.125,0.96875,7.21875],"texture":"#0"},"east":{"uv":[7.75,5.375,7.875,5.46875],"texture":"#0"},"south":{"uv":[7.125,0.75,7.59375,0.84375],"texture":"#0"},"west":{"uv":[7.75,6.5,7.875,6.59375],"texture":"#0"},"up":{"uv":[2.71875,2.125,2.25,2],"texture":"#0"},"down":{"uv":[3.59375,1.875,3.125,2],"texture":"#0"}}},{"from":[8.58682,7.43454,6.90355],"to":[11.35937,7.70954,7.05355],"rotation":{"angle":0,"axis":"y","origin":[9.97309,6.82204,7.05355]},"faces":{"north":{"uv":[7.875,0.875,8.21875,0.90625],"texture":"#0"},"east":{"uv":[8.125,1.875,8.15625,1.90625],"texture":"#0"},"south":{"uv":[7.875,1,8.21875,1.03125],"texture":"#0"},"west":{"uv":[2,8.125,2.03125,8.15625],"texture":"#0"},"up":{"uv":[8.21875,1.15625,7.875,1.125],"texture":"#0"},"down":{"uv":[8.21875,1.25,7.875,1.28125],"texture":"#0"}}},{"from":[8.5361,7.15445,6],"to":[8.8111,10.40445,14],"rotation":{"angle":-45,"axis":"z","origin":[8.6736,9.15445,10.025]},"faces":{"north":{"uv":[7.75,0.125,7.78125,0.53125],"texture":"#0"},"east":{"uv":[2.25,0.5,3.25,0.90625],"texture":"#0"},"south":{"uv":[1.125,7.75,1.15625,8.15625],"texture":"#0"},"west":{"uv":[2.25,1,3.25,1.40625],"texture":"#0"},"up":{"uv":[6.28125,8.125,6.25,7.125],"texture":"#0"},"down":{"uv":[6.40625,7.125,6.375,8.125],"texture":"#0"}}},{"from":[9.49353,9.99602,6],"to":[10.45266,10.24602,7.75],"rotation":{"angle":0,"axis":"y","origin":[11.21761,9.99602,8.8]},"faces":{"north":{"uv":[8,6.875,8.125,6.90625],"texture":"#0"},"east":{"uv":[7.875,7.25,8.09375,7.28125],"texture":"#0"},"south":{"uv":[7,8,7.125,8.03125],"texture":"#0"},"west":{"uv":[7.875,7.375,8.09375,7.40625],"texture":"#0"},"up":{"uv":[2.375,4.09375,2.25,3.875],"texture":"#0"},"down":{"uv":[4.25,3.125,4.125,3.34375],"texture":"#0"}}},{"from":[11.07636,10.48641,7.5],"to":[12.82636,11.01141,14.5],"rotation":{"angle":22.5,"axis":"z","origin":[13.37636,12.21141,11.025]},"faces":{"north":{"uv":[7.625,5.625,7.84375,5.6875],"texture":"#0"},"east":{"uv":[6.25,1.25,7.125,1.3125],"texture":"#0"},"south":{"uv":[7.625,6,7.84375,6.0625],"texture":"#0"},"west":{"uv":[6.25,4.625,7.125,4.6875],"texture":"#0"},"up":{"uv":[4.09375,5.375,3.875,4.5],"texture":"#0"},"down":{"uv":[4.34375,4.5,4.125,5.375],"texture":"#0"}}},{"from":[10.68863,9.80288,7.5],"to":[11.93863,10.32788,14.5],"rotation":{"angle":0,"axis":"y","origin":[13.68863,11.47788,11.025]},"faces":{"north":{"uv":[7.875,1.75,8.03125,1.8125],"texture":"#0"},"east":{"uv":[6.25,4.75,7.125,4.8125],"texture":"#0"},"south":{"uv":[7.875,1.875,8.03125,1.9375],"texture":"#0"},"west":{"uv":[6.25,4.875,7.125,4.9375],"texture":"#0"},"up":{"uv":[5.53125,3,5.375,2.125],"texture":"#0"},"down":{"uv":[4.03125,5.375,3.875,6.25],"texture":"#0"}}},{"from":[9.84638,9.87095,7.5],"to":[10.84638,10.39595,14.5],"rotation":{"angle":-22.5,"axis":"z","origin":[10.59638,10.23345,11]},"faces":{"north":{"uv":[7.875,6.5,8,6.5625],"texture":"#0"},"east":{"uv":[6.25,5.5,7.125,5.5625],"texture":"#0"},"south":{"uv":[6.625,7.875,6.75,7.9375],"texture":"#0"},"west":{"uv":[6.25,5.625,7.125,5.6875],"texture":"#0"},"up":{"uv":[5.625,4.875,5.5,4],"texture":"#0"},"down":{"uv":[5.625,4.875,5.5,5.75],"texture":"#0"}}},{"from":[6.77636,12.28641,7.5],"to":[12.77636,12.81141,14.5],"rotation":{"angle":0,"axis":"y","origin":[13.37636,12.21141,11.025]},"faces":{"north":{"uv":[6.75,7,7.5,7.0625],"texture":"#0"},"east":{"uv":[6.25,5.75,7.125,5.8125],"texture":"#0"},"south":{"uv":[7,6.875,7.75,6.9375],"texture":"#0"},"west":{"uv":[6.25,5.875,7.125,5.9375],"texture":"#0"},"up":{"uv":[0.75,0.875,0,0],"texture":"#0"},"down":{"uv":[1.5,0,0.75,0.875],"texture":"#0"}}},{"from":[9.0234,11.4005,7.5],"to":[10.3734,11.9255,14.5],"rotation":{"angle":45,"axis":"z","origin":[9.7734,12.663,11]},"faces":{"north":{"uv":[7.875,2,8.03125,2.0625],"texture":"#0"},"east":{"uv":[6.125,6.25,7,6.3125],"texture":"#0"},"south":{"uv":[7.875,2.125,8.03125,2.1875],"texture":"#0"},"west":{"uv":[6.375,1.75,7.25,1.8125],"texture":"#0"},"up":{"uv":[4.28125,6.25,4.125,5.375],"texture":"#0"},"down":{"uv":[0.90625,5.5,0.75,6.375],"texture":"#0"}}},{"from":[6.44458,10.47257,7.525],"to":[7.01958,12.97257,14.525],"rotation":{"angle":0,"axis":"y","origin":[7.19458,11.84757,11]},"faces":{"north":{"uv":[0.125,7.625,0.1875,7.9375],"texture":"#0"},"east":{"uv":[3.625,1.875,4.5,2.1875],"texture":"#0"},"south":{"uv":[0.375,7.625,0.4375,7.9375],"texture":"#0"},"west":{"uv":[3.625,2.75,4.5,3.0625],"texture":"#0"},"up":{"uv":[4.4375,7.125,4.375,6.25],"texture":"#0"},"down":{"uv":[4.5625,6.25,4.5,7.125],"texture":"#0"}}},{"from":[5.81918,10.6167,7.475],"to":[6.34418,13.1167,14.475],"rotation":{"angle":22.5,"axis":"z","origin":[6.49418,12.1167,11.025]},"faces":{"north":{"uv":[1.875,7.625,1.9375,7.9375],"texture":"#0"},"east":{"uv":[2.375,3.75,3.25,4.0625],"texture":"#0"},"south":{"uv":[2,7.625,2.0625,7.9375],"texture":"#0"},"west":{"uv":[3.25,3.75,4.125,4.0625],"texture":"#0"},"up":{"uv":[4.6875,7.125,4.625,6.25],"texture":"#0"},"down":{"uv":[4.8125,6.25,4.75,7.125],"texture":"#0"}}},{"from":[5.94458,11.72257,7.5],"to":[6.51958,13.22257,14.5],"rotation":{"angle":0,"axis":"y","origin":[7.19458,11.84757,11]},"faces":{"north":{"uv":[7.5,7.75,7.5625,7.9375],"texture":"#0"},"east":{"uv":[5,1.125,5.875,1.3125],"texture":"#0"},"south":{"uv":[7.75,7.625,7.8125,7.8125],"texture":"#0"},"west":{"uv":[5,3.125,5.875,3.3125],"texture":"#0"},"up":{"uv":[4.9375,7.125,4.875,6.25],"texture":"#0"},"down":{"uv":[5.0625,6.25,5,7.125],"texture":"#0"}}},{"from":[6.44458,12.12257,7.55],"to":[7.26958,13.87257,14.55],"rotation":{"angle":-45,"axis":"z","origin":[6.23208,12.47257,11.025]},"faces":{"north":{"uv":[2.625,7.5,2.71875,7.71875],"texture":"#0"},"east":{"uv":[4.375,4.5,5.25,4.71875],"texture":"#0"},"south":{"uv":[2.75,7.5,2.84375,7.71875],"texture":"#0"},"west":{"uv":[0,4.625,0.875,4.84375],"texture":"#0"},"up":{"uv":[0.34375,6.875,0.25,6],"texture":"#0"},"down":{"uv":[0.46875,6,0.375,6.875],"texture":"#0"}}},{"from":[7.17364,10.48641,7.5],"to":[8.92364,11.01141,14.5],"rotation":{"angle":-22.5,"axis":"z","origin":[6.62364,12.21141,11.025]},"faces":{"north":{"uv":[7.625,6.125,7.84375,6.1875],"texture":"#0"},"east":{"uv":[6.375,1.875,7.25,1.9375],"texture":"#0"},"south":{"uv":[7.625,6.625,7.84375,6.6875],"texture":"#0"},"west":{"uv":[6.375,2,7.25,2.0625],"texture":"#0"},"up":{"uv":[1.09375,5.5,0.875,4.625],"texture":"#0"},"down":{"uv":[1.34375,4.625,1.125,5.5],"texture":"#0"}}},{"from":[9.6266,11.4005,7.5],"to":[10.9766,11.9255,14.5],"rotation":{"angle":-45,"axis":"z","origin":[10.2266,12.663,11]},"faces":{"north":{"uv":[7.875,2.625,8.03125,2.6875],"texture":"#0"},"east":{"uv":[6.375,2.125,7.25,2.1875],"texture":"#0"},"south":{"uv":[7.875,2.75,8.03125,2.8125],"texture":"#0"},"west":{"uv":[6.375,2.25,7.25,2.3125],"texture":"#0"},"up":{"uv":[1.15625,6.375,1,5.5],"texture":"#0"},"down":{"uv":[2.53125,5.5,2.375,6.375],"texture":"#0"}}},{"from":[9.46025,10.18556,7],"to":[10.48525,12.13556,14.25],"rotation":{"angle":0,"axis":"y","origin":[9.47275,11.06056,11]},"faces":{"north":{"uv":[0.75,3.125,0.875,3.375],"texture":"#0"},"east":{"uv":[4.25,3.5,5.15625,3.75],"texture":"#0"},"south":{"uv":[2.5,3.125,2.625,3.375],"texture":"#0"},"west":{"uv":[4.5,1.875,5.40625,2.125],"texture":"#0"},"up":{"uv":[3.75,6.40625,3.625,5.5],"texture":"#0"},"down":{"uv":[3.875,5.5,3.75,6.40625],"texture":"#0"}}},{"from":[9.51025,10.24872,6.80651],"to":[10.42766,12.16056,7.625],"rotation":{"angle":45,"axis":"x","origin":[9.97275,11.16056,6.425]},"faces":{"north":{"uv":[2.375,3.5,2.5,3.75],"texture":"#0"},"east":{"uv":[1.625,4.25,1.71875,4.5],"texture":"#0"},"south":{"uv":[3.5,2.75,3.625,3],"texture":"#0"},"west":{"uv":[5.375,4.75,5.46875,5],"texture":"#0"},"up":{"uv":[7.875,6.96875,7.75,6.875],"texture":"#0"},"down":{"uv":[8,0.125,7.875,0.21875],"texture":"#0"}}},{"from":[9.46025,9.43556,6.025],"to":[10.48525,10.13556,14.275],"rotation":{"angle":0,"axis":"y","origin":[9.47275,11.06056,10.75]},"faces":{"north":{"uv":[0.25,7.875,0.375,7.96875],"texture":"#0"},"east":{"uv":[5.25,3.5,6.28125,3.59375],"texture":"#0"},"south":{"uv":[7.875,0.25,8,0.34375],"texture":"#0"},"west":{"uv":[5.25,3.625,6.28125,3.71875],"texture":"#0"},"up":{"uv":[5.25,6.28125,5.125,5.25],"texture":"#0"},"down":{"uv":[1.375,5.5,1.25,6.53125],"texture":"#0"}}},{"from":[9.13525,9.43556,6.05],"to":[10.83525,9.76056,13.55],"rotation":{"angle":0,"axis":"y","origin":[9.47275,11.06056,10.75]},"faces":{"north":{"uv":[7.875,7.5,8.09375,7.53125],"texture":"#0"},"east":{"uv":[6.5,7.125,7.4375,7.15625],"texture":"#0"},"south":{"uv":[7.625,7.875,7.84375,7.90625],"texture":"#0"},"west":{"uv":[7.25,0,8.1875,0.03125],"texture":"#0"},"up":{"uv":[2.59375,5.4375,2.375,4.5],"texture":"#0"},"down":{"uv":[2.84375,4.5,2.625,5.4375],"texture":"#0"}}},{"from":[8.76025,7.83556,6.5],"to":[11.13525,9.41056,13.75],"rotation":{"angle":0,"axis":"y","origin":[9.47275,11.06056,11]},"faces":{"north":{"uv":[6.125,0,6.4375,0.1875],"texture":"#0"},"east":{"uv":[4.375,4.75,5.28125,4.9375],"texture":"#0"},"south":{"uv":[1.5,6.125,1.8125,6.3125],"texture":"#0"},"west":{"uv":[1.375,4.875,2.28125,5.0625],"texture":"#0"},"up":{"uv":[0.3125,4.03125,0,3.125],"texture":"#0"},"down":{"uv":[0.6875,3.125,0.375,4.03125],"texture":"#0"}}},{"from":[9.26025,7.96056,6.4],"to":[9.48525,9.66056,6.5],"rotation":{"angle":0,"axis":"y","origin":[9.47275,11.06056,11]},"faces":{"north":{"uv":[7.375,7.875,7.40625,8.09375],"texture":"#0"},"east":{"uv":[7.875,7.625,7.90625,7.84375],"texture":"#0"},"south":{"uv":[7.875,7.875,7.90625,8.09375],"texture":"#0"},"west":{"uv":[0,8,0.03125,8.21875],"texture":"#0"},"up":{"uv":[8.15625,2.03125,8.125,2],"texture":"#0"},"down":{"uv":[2.15625,8.125,2.125,8.15625],"texture":"#0"}}},{"from":[10.26025,7.96056,6.4],"to":[10.48525,9.66056,6.5],"rotation":{"angle":0,"axis":"y","origin":[9.47275,11.06056,11]},"faces":{"north":{"uv":[0.125,8,0.15625,8.21875],"texture":"#0"},"east":{"uv":[8,0.125,8.03125,0.34375],"texture":"#0"},"south":{"uv":[0.25,8,0.28125,8.21875],"texture":"#0"},"west":{"uv":[0.375,8,0.40625,8.21875],"texture":"#0"},"up":{"uv":[8.15625,2.15625,8.125,2.125],"texture":"#0"},"down":{"uv":[2.28125,8.125,2.25,8.15625],"texture":"#0"}}},{"from":[11.26025,7.96056,6.4],"to":[11.48525,9.01056,6.5],"rotation":{"angle":0,"axis":"y","origin":[9.47275,11.06056,11]},"faces":{"north":{"uv":[8,7,8.03125,7.125],"texture":"#0"},"east":{"uv":[7.125,8,7.15625,8.125],"texture":"#0"},"south":{"uv":[8,7.125,8.03125,7.25],"texture":"#0"},"west":{"uv":[7.25,8,7.28125,8.125],"texture":"#0"},"up":{"uv":[8.15625,2.28125,8.125,2.25],"texture":"#0"},"down":{"uv":[2.40625,8.125,2.375,8.15625],"texture":"#0"}}},{"from":[8.26025,7.96056,6.4],"to":[8.48525,8.76056,6.5],"rotation":{"angle":0,"axis":"y","origin":[9.47275,11.06056,11]},"faces":{"north":{"uv":[8,7.625,8.03125,7.71875],"texture":"#0"},"east":{"uv":[7.75,8,7.78125,8.09375],"texture":"#0"},"south":{"uv":[8,7.75,8.03125,7.84375],"texture":"#0"},"west":{"uv":[8,7.875,8.03125,7.96875],"texture":"#0"},"up":{"uv":[8.15625,2.40625,8.125,2.375],"texture":"#0"},"down":{"uv":[2.53125,8.125,2.5,8.15625],"texture":"#0"}}},{"from":[11.13525,7.83556,6.5],"to":[11.93525,8.66056,13.75],"rotation":{"angle":0,"axis":"y","origin":[9.47275,11.06056,11]},"faces":{"north":{"uv":[2.875,7.875,2.96875,7.96875],"texture":"#0"},"east":{"uv":[5.875,1.5,6.78125,1.59375],"texture":"#0"},"south":{"uv":[3.25,7.875,3.34375,7.96875],"texture":"#0"},"west":{"uv":[5.875,1.625,6.78125,1.71875],"texture":"#0"},"up":{"uv":[5.96875,2.65625,5.875,1.75],"texture":"#0"},"down":{"uv":[5.96875,3.75,5.875,4.65625],"texture":"#0"}}},{"from":[10.68525,7.71056,6.525],"to":[12.38525,8.11056,13.775],"rotation":{"angle":-45,"axis":"z","origin":[12.16025,8.11056,10.125]},"faces":{"north":{"uv":[7.625,6.75,7.84375,6.8125],"texture":"#0"},"east":{"uv":[6.125,6.125,7.03125,6.1875],"texture":"#0"},"south":{"uv":[7.625,7,7.84375,7.0625],"texture":"#0"},"west":{"uv":[6.25,0.375,7.15625,0.4375],"texture":"#0"},"up":{"uv":[3.09375,5.40625,2.875,4.5],"texture":"#0"},"down":{"uv":[3.34375,4.5,3.125,5.40625],"texture":"#0"}}},{"from":[6.36475,4.96056,6.525],"to":[8.06475,5.36056,13.775],"rotation":{"angle":45,"axis":"z","origin":[3.83975,8.11056,10.125]},"faces":{"north":{"uv":[7.625,7.125,7.84375,7.1875],"texture":"#0"},"east":{"uv":[6.25,0.5,7.15625,0.5625],"texture":"#0"},"south":{"uv":[7.625,7.25,7.84375,7.3125],"texture":"#0"},"west":{"uv":[6.25,0.625,7.15625,0.6875],"texture":"#0"},"up":{"uv":[3.59375,5.40625,3.375,4.5],"texture":"#0"},"down":{"uv":[3.84375,4.5,3.625,5.40625],"texture":"#0"}}},{"from":[7.98525,7.83556,6.5],"to":[8.76025,8.66056,13.75],"rotation":{"angle":0,"axis":"y","origin":[9.47275,11.06056,11]},"faces":{"north":{"uv":[7.875,4,7.96875,4.09375],"texture":"#0"},"east":{"uv":[5.875,2.75,6.78125,2.84375],"texture":"#0"},"south":{"uv":[7.875,4.125,7.96875,4.21875],"texture":"#0"},"west":{"uv":[5.875,3.125,6.78125,3.21875],"texture":"#0"},"up":{"uv":[5.96875,5.65625,5.875,4.75],"texture":"#0"},"down":{"uv":[5.96875,5.75,5.875,6.65625],"texture":"#0"}}},{"from":[9.18525,9.41056,6.5],"to":[10.76025,9.86056,13],"rotation":{"angle":0,"axis":"y","origin":[9.47275,11.06056,11]},"faces":{"north":{"uv":[7.875,0.375,8.0625,0.4375],"texture":"#0"},"east":{"uv":[6.875,6.375,7.6875,6.4375],"texture":"#0"},"south":{"uv":[0.5,7.875,0.6875,7.9375],"texture":"#0"},"west":{"uv":[6.875,6.5,7.6875,6.5625],"texture":"#0"},"up":{"uv":[0.1875,5.9375,0,5.125],"texture":"#0"},"down":{"uv":[0.4375,5.125,0.25,5.9375],"texture":"#0"}}},{"from":[10.48525,8.9261,7.17257],"to":[13.11025,10.0761,8.42257],"rotation":{"angle":45,"axis":"x","origin":[11.84775,9.7011,7.57257]},"faces":{"north":{"uv":[1.5,6.375,1.84375,6.53125],"texture":"#0"},"east":{"uv":[7.25,4.625,7.40625,4.78125],"texture":"#0"},"south":{"uv":[6.375,4.25,6.71875,4.40625],"texture":"#0"},"west":{"uv":[7.25,4.875,7.40625,5.03125],"texture":"#0"},"up":{"uv":[6.71875,5.15625,6.375,5],"texture":"#0"},"down":{"uv":[6.71875,5.25,6.375,5.40625],"texture":"#0"}}},{"from":[10.11025,7.2761,7.52257],"to":[12.73525,8.6761,8.77257],"rotation":{"angle":0,"axis":"y","origin":[11.84775,9.7011,7.57257]},"faces":{"north":{"uv":[6,2.875,6.34375,3.0625],"texture":"#0"},"east":{"uv":[7.25,0.375,7.40625,0.5625],"texture":"#0"},"south":{"uv":[6,5,6.34375,5.1875],"texture":"#0"},"west":{"uv":[0.5,7.25,0.65625,7.4375],"texture":"#0"},"up":{"uv":[6.46875,6.53125,6.125,6.375],"texture":"#0"},"down":{"uv":[6.84375,0,6.5,0.15625],"texture":"#0"}}},{"from":[6.88975,8.9261,7.17257],"to":[9.51475,10.0761,8.42257],"rotation":{"angle":45,"axis":"x","origin":[8.15225,9.7011,7.57257]},"faces":{"north":{"uv":[0.75,6.5,1.09375,6.65625],"texture":"#0"},"east":{"uv":[5.125,7.25,5.28125,7.40625],"texture":"#0"},"south":{"uv":[2.375,6.5,2.71875,6.65625],"texture":"#0"},"west":{"uv":[7.25,5.125,7.40625,5.28125],"texture":"#0"},"up":{"uv":[3.09375,6.65625,2.75,6.5],"texture":"#0"},"down":{"uv":[3.46875,6.5,3.125,6.65625],"texture":"#0"}}},{"from":[6.86475,8.28593,6.74172],"to":[9.48975,9.43593,7.99172],"rotation":{"angle":0,"axis":"y","origin":[8.17725,8.86093,7.36672]},"faces":{"north":{"uv":[3.5,6.5,3.84375,6.65625],"texture":"#0"},"east":{"uv":[5.375,7.25,5.53125,7.40625],"texture":"#0"},"south":{"uv":[6.5,6.375,6.84375,6.53125],"texture":"#0"},"west":{"uv":[6.5,7.25,6.65625,7.40625],"texture":"#0"},"up":{"uv":[1.84375,6.78125,1.5,6.625],"texture":"#0"},"down":{"uv":[6.46875,6.625,6.125,6.78125],"texture":"#0"}}},{"from":[7.23975,7.74629,6.96525],"to":[9.86475,8.89629,8.21525],"rotation":{"angle":-45,"axis":"x","origin":[8.17725,8.32129,7.59025]},"faces":{"north":{"uv":[6.5,6.625,6.84375,6.78125],"texture":"#0"},"east":{"uv":[6.75,7.25,6.90625,7.40625],"texture":"#0"},"south":{"uv":[0.75,6.75,1.09375,6.90625],"texture":"#0"},"west":{"uv":[7,7.25,7.15625,7.40625],"texture":"#0"},"up":{"uv":[2.71875,6.90625,2.375,6.75],"texture":"#0"},"down":{"uv":[3.09375,6.75,2.75,6.90625],"texture":"#0"}}},{"from":[10.18975,7.74629,6.96525],"to":[12.81475,8.89629,8.21525],"rotation":{"angle":-45,"axis":"x","origin":[8.17725,8.32129,7.59025]},"faces":{"north":{"uv":[3.125,6.75,3.46875,6.90625],"texture":"#0"},"east":{"uv":[7.25,7.25,7.40625,7.40625],"texture":"#0"},"south":{"uv":[3.5,6.75,3.84375,6.90625],"texture":"#0"},"west":{"uv":[0,7.375,0.15625,7.53125],"texture":"#0"},"up":{"uv":[7.09375,4.40625,6.75,4.25],"texture":"#0"},"down":{"uv":[7.09375,5,6.75,5.15625],"texture":"#0"}}},{"from":[10.51025,8.28593,6.74172],"to":[13.13525,9.43593,7.99172],"rotation":{"angle":0,"axis":"y","origin":[8.07275,8.86093,7.36672]},"faces":{"north":{"uv":[6.75,5.25,7.09375,5.40625],"texture":"#0"},"east":{"uv":[7.375,6.625,7.53125,6.78125],"texture":"#0"},"south":{"uv":[0,6.875,0.34375,7.03125],"texture":"#0"},"west":{"uv":[7.5,0.375,7.65625,0.53125],"texture":"#0"},"up":{"uv":[7.21875,0.15625,6.875,0],"texture":"#0"},"down":{"uv":[1.84375,6.875,1.5,7.03125],"texture":"#0"}}},{"from":[7.26475,7.2761,7.52257],"to":[9.88975,8.6761,8.77257],"rotation":{"angle":0,"axis":"y","origin":[8.15225,9.7011,7.57257]},"faces":{"north":{"uv":[6,5.25,6.34375,5.4375],"texture":"#0"},"east":{"uv":[0.75,7.25,0.90625,7.4375],"texture":"#0"},"south":{"uv":[5.5,6,5.84375,6.1875],"texture":"#0"},"west":{"uv":[1,7.25,1.15625,7.4375],"texture":"#0"},"up":{"uv":[7.21875,1.65625,6.875,1.5],"texture":"#0"},"down":{"uv":[7.21875,3.125,6.875,3.28125],"texture":"#0"}}},{"from":[7.91475,6.7761,7.52257],"to":[12.06475,7.2761,8.27257],"rotation":{"angle":0,"axis":"y","origin":[8.15225,9.7011,7.57257]},"faces":{"north":{"uv":[5.125,7.125,5.65625,7.1875],"texture":"#0"},"east":{"uv":[2.25,8,2.34375,8.0625],"texture":"#0"},"south":{"uv":[7.125,5.375,7.65625,5.4375],"texture":"#0"},"west":{"uv":[2.375,8,2.46875,8.0625],"texture":"#0"},"up":{"uv":[1.28125,7.09375,0.75,7],"texture":"#0"},"down":{"uv":[7.53125,1.375,7,1.46875],"texture":"#0"}}},{"from":[9.15362,9.87095,7.5],"to":[10.15362,10.39595,14.5],"rotation":{"angle":22.5,"axis":"z","origin":[9.40362,10.23345,11]},"faces":{"north":{"uv":[7.875,6.625,8,6.6875],"texture":"#0"},"east":{"uv":[6.375,2.375,7.25,2.4375],"texture":"#0"},"south":{"uv":[6.75,7.875,6.875,7.9375],"texture":"#0"},"west":{"uv":[6.375,2.5,7.25,2.5625],"texture":"#0"},"up":{"uv":[5.75,2.375,5.625,1.5],"texture":"#0"},"down":{"uv":[5.75,4,5.625,4.875],"texture":"#0"}}},{"from":[8.06137,9.80288,7.5],"to":[9.31137,10.32788,14.5],"rotation":{"angle":0,"axis":"y","origin":[6.31137,11.47788,11.025]},"faces":{"north":{"uv":[7.875,3.375,8.03125,3.4375],"texture":"#0"},"east":{"uv":[6.375,2.875,7.25,2.9375],"texture":"#0"},"south":{"uv":[7.875,3.625,8.03125,3.6875],"texture":"#0"},"west":{"uv":[6.375,3,7.25,3.0625],"texture":"#0"},"up":{"uv":[2.78125,6.375,2.625,5.5],"texture":"#0"},"down":{"uv":[3.03125,5.5,2.875,6.375],"texture":"#0"}}},{"from":[6.44625,9.22788,7.5],"to":[6.97125,10.72788,14.5],"rotation":{"angle":0,"axis":"y","origin":[6.20875,11.72788,11]},"faces":{"north":{"uv":[7.875,0.5,7.9375,0.6875],"texture":"#0"},"east":{"uv":[5,3.75,5.875,3.9375],"texture":"#0"},"south":{"uv":[0.75,7.875,0.8125,8.0625],"texture":"#0"},"west":{"uv":[4.375,5,5.25,5.1875],"texture":"#0"},"up":{"uv":[5.3125,7.125,5.25,6.25],"texture":"#0"},"down":{"uv":[5.4375,6.25,5.375,7.125],"texture":"#0"}}},{"from":[6.90462,7.17348,7.5],"to":[7.42962,9.42348,14.5],"rotation":{"angle":22.5,"axis":"z","origin":[7.16712,8.17348,11]},"faces":{"north":{"uv":[4.75,7.625,4.8125,7.90625],"texture":"#0"},"east":{"uv":[3.5,4.125,4.375,4.40625],"texture":"#0"},"south":{"uv":[4.875,7.625,4.9375,7.90625],"texture":"#0"},"west":{"uv":[4.125,3.75,5,4.03125],"texture":"#0"},"up":{"uv":[5.5625,7.125,5.5,6.25],"texture":"#0"},"down":{"uv":[5.6875,6.25,5.625,7.125],"texture":"#0"}}},{"from":[8.73034,6.5597,7.5],"to":[9.73034,7.0847,14.5],"rotation":{"angle":-45,"axis":"z","origin":[8.73034,8.5722,11]},"faces":{"north":{"uv":[7.875,6.75,8,6.8125],"texture":"#0"},"east":{"uv":[6.375,3.5,7.25,3.5625],"texture":"#0"},"south":{"uv":[6.875,7.875,7,7.9375],"texture":"#0"},"west":{"uv":[6.375,3.625,7.25,3.6875],"texture":"#0"},"up":{"uv":[5.75,5.75,5.625,4.875],"texture":"#0"},"down":{"uv":[5.875,1.5,5.75,2.375],"texture":"#0"}}},{"from":[11.65355,6.71871,7.5],"to":[12.65355,7.24371,14.5],"rotation":{"angle":45,"axis":"z","origin":[12.15355,6.98121,11]},"faces":{"north":{"uv":[7.875,6.875,8,6.9375],"texture":"#0"},"east":{"uv":[6.375,3.75,7.25,3.8125],"texture":"#0"},"south":{"uv":[7,7.875,7.125,7.9375],"texture":"#0"},"west":{"uv":[6.375,3.875,7.25,3.9375],"texture":"#0"},"up":{"uv":[5.875,4.875,5.75,4],"texture":"#0"},"down":{"uv":[5.875,4.875,5.75,5.75],"texture":"#0"}}},{"from":[8.01439,6.44204,7.5],"to":[11.98561,6.96704,14.5],"rotation":{"angle":0,"axis":"y","origin":[8.94794,6.95454,11]},"faces":{"north":{"uv":[7.125,5.5,7.625,5.5625],"texture":"#0"},"east":{"uv":[6.375,4,7.25,4.0625],"texture":"#0"},"south":{"uv":[7.125,5.625,7.625,5.6875],"texture":"#0"},"west":{"uv":[6.375,4.125,7.25,4.1875],"texture":"#0"},"up":{"uv":[1.25,2.75,0.75,1.875],"texture":"#0"},"down":{"uv":[1.75,2.125,1.25,3],"texture":"#0"}}},{"from":[6.94458,10.32257,8.025],"to":[9.76958,12.32257,10.025],"rotation":{"angle":0,"axis":"y","origin":[7.19458,11.84757,11]},"faces":{"north":{"uv":[5.875,0.375,6.21875,0.625],"texture":"#0"},"east":{"uv":[6,5.5,6.25,5.75],"texture":"#0"},"south":{"uv":[5.875,0.625,6.21875,0.875],"texture":"#0"},"west":{"uv":[6,5.75,6.25,6],"texture":"#0"},"up":{"uv":[6.21875,1.125,5.875,0.875],"texture":"#0"},"down":{"uv":[6.21875,1.125,5.875,1.375],"texture":"#0"}}},{"from":[5.69275,12.50756,7],"to":[6.94275,13.50756,14.5],"rotation":{"angle":22.5,"axis":"z","origin":[5.31775,13.00756,7.25]},"faces":{"north":{"uv":[5.375,3,5.53125,3.125],"texture":"#0"},"east":{"uv":[5.125,0,6.0625,0.125],"texture":"#0"},"south":{"uv":[2.875,6.375,3.03125,6.5],"texture":"#0"},"west":{"uv":[5.125,0.125,6.0625,0.25],"texture":"#0"},"up":{"uv":[2.28125,6.0625,2.125,5.125],"texture":"#0"},"down":{"uv":[4.53125,5.25,4.375,6.1875],"texture":"#0"}}},{"from":[6.525,12.525,7],"to":[10.025,13.525,7.5],"rotation":{"angle":-22.5,"axis":"z","origin":[8,13.55,7.25]},"faces":{"north":{"uv":[0.75,6.375,1.1875,6.5],"texture":"#0"},"east":{"uv":[7.875,7,7.9375,7.125],"texture":"#0"},"south":{"uv":[2.375,6.375,2.8125,6.5],"texture":"#0"},"west":{"uv":[7.125,7.875,7.1875,8],"texture":"#0"},"up":{"uv":[7.6875,1.5625,7.25,1.5],"texture":"#0"},"down":{"uv":[7.6875,1.625,7.25,1.6875],"texture":"#0"}}},{"from":[6.525,12.775,6.75],"to":[9.775,13.275,7.25],"rotation":{"angle":-22.5,"axis":"z","origin":[8,13.55,7.25]},"faces":{"north":{"uv":[7.25,3.625,7.65625,3.6875],"texture":"#0"},"east":{"uv":[7.5,8,7.5625,8.0625],"texture":"#0"},"south":{"uv":[7.25,3.75,7.65625,3.8125],"texture":"#0"},"west":{"uv":[7.625,8,7.6875,8.0625],"texture":"#0"},"up":{"uv":[7.65625,3.9375,7.25,3.875],"texture":"#0"},"down":{"uv":[7.65625,4,7.25,4.0625],"texture":"#0"}}},{"from":[3.75465,11.59264,7.025],"to":[5.00465,12.09264,14.475],"rotation":{"angle":45,"axis":"z","origin":[5.80257,12.01316,10.25]},"faces":{"north":{"uv":[7.875,3.75,8.03125,3.8125],"texture":"#0"},"east":{"uv":[6,3.375,6.9375,3.4375],"texture":"#0"},"south":{"uv":[7.875,3.875,8.03125,3.9375],"texture":"#0"},"west":{"uv":[6.125,6,7.0625,6.0625],"texture":"#0"},"up":{"uv":[4.78125,6.1875,4.625,5.25],"texture":"#0"},"down":{"uv":[5.03125,5.25,4.875,6.1875],"texture":"#0"}}},{"from":[5.76961,13.24894,7],"to":[9.01961,14.24894,7.5],"rotation":{"angle":-22.5,"axis":"z","origin":[5.80257,12.01316,10.25]},"faces":{"north":{"uv":[6.875,6.625,7.28125,6.75],"texture":"#0"},"east":{"uv":[7.875,7.125,7.9375,7.25],"texture":"#0"},"south":{"uv":[6.875,6.75,7.28125,6.875],"texture":"#0"},"west":{"uv":[7.25,7.875,7.3125,8],"texture":"#0"},"up":{"uv":[7.65625,4.1875,7.25,4.125],"texture":"#0"},"down":{"uv":[7.65625,4.5,7.25,4.5625],"texture":"#0"}}},{"from":[9.25,11.95,6.6],"to":[10.75,16.05,7.85],"rotation":{"angle":22.5,"axis":"x","origin":[10,14,7.5]},"faces":{"north":{"uv":[5.625,2.375,5.8125,2.875],"texture":"#0"},"east":{"uv":[6,2.125,6.15625,2.625],"texture":"#0"},"south":{"uv":[5.25,5.75,5.4375,6.25],"texture":"#0"},"west":{"uv":[6,3.75,6.15625,4.25],"texture":"#0"},"up":{"uv":[1.4375,7.40625,1.25,7.25],"texture":"#0"},"down":{"uv":[1.6875,7.25,1.5,7.40625],"texture":"#0"}}},{"from":[9.25,15.78037,7.60414],"to":[10.75,17.78037,8.35414],"rotation":{"angle":22.5,"axis":"x","origin":[10,16.78037,7.97914]},"faces":{"north":{"uv":[1.125,6.625,1.3125,6.875],"texture":"#0"},"east":{"uv":[5.5,1.5,5.59375,1.75],"texture":"#0"},"south":{"uv":[3.375,7,3.5625,7.25],"texture":"#0"},"west":{"uv":[5.5,1.875,5.59375,2.125],"texture":"#0"},"up":{"uv":[1.3125,6.96875,1.125,6.875],"texture":"#0"},"down":{"uv":[7.8125,0.75,7.625,0.84375],"texture":"#0"}}},{"from":[9.25,15.78526,14.10043],"to":[10.75,17.78526,14.85043],"rotation":{"angle":-22.5,"axis":"x","origin":[10,15.64019,14.26043]},"faces":{"north":{"uv":[3.625,7,3.8125,7.25],"texture":"#0"},"east":{"uv":[1.125,7.5,1.21875,7.75],"texture":"#0"},"south":{"uv":[0,7.125,0.1875,7.375],"texture":"#0"},"west":{"uv":[1.25,7.5,1.34375,7.75],"texture":"#0"},"up":{"uv":[7.8125,1.46875,7.625,1.375],"texture":"#0"},"down":{"uv":[5.1875,7.625,5,7.71875],"texture":"#0"}}},{"from":[9.25,17.09776,8.01537],"to":[10.75,17.84776,13.98463],"rotation":{"angle":0,"axis":"y","origin":[10,15.25776,16.37971]},"faces":{"north":{"uv":[7.625,5,7.8125,5.09375],"texture":"#0"},"east":{"uv":[3.625,2.25,4.375,2.34375],"texture":"#0"},"south":{"uv":[7.625,5.125,7.8125,5.21875],"texture":"#0"},"west":{"uv":[0.75,3.75,1.5,3.84375],"texture":"#0"},"up":{"uv":[5.4375,4.75,5.25,4],"texture":"#0"},"down":{"uv":[5.4375,5,5.25,5.75],"texture":"#0"}}},{"from":[9.25,13,14.25],"to":[10.75,16,14.75],"rotation":{"angle":0,"axis":"y","origin":[10,15.64019,14.26043]},"faces":{"north":{"uv":[6,4.25,6.1875,4.625],"texture":"#0"},"east":{"uv":[1.375,7.5,1.4375,7.875],"texture":"#0"},"south":{"uv":[6,4.625,6.1875,5],"texture":"#0"},"west":{"uv":[1.5,7.5,1.5625,7.875],"texture":"#0"},"up":{"uv":[8.0625,0.8125,7.875,0.75],"texture":"#0"},"down":{"uv":[1.0625,7.875,0.875,7.9375],"texture":"#0"}}}]}