{"display":{"thirdperson_righthand":{"translation":[0,1.5,2],"scale":[0.28,0.28,0.28]},"thirdperson_lefthand":{"translation":[0,1.5,2],"scale":[0.28,0.28,0.28]},"firstperson_righthand":{"rotation":[18,0,0],"translation":[3,1,0],"scale":[0.34,0.34,0.34]},"firstperson_lefthand":{"rotation":[18,0,0],"translation":[3,1,0],"scale":[0.34,0.34,0.34]},"ground":{"scale":[0.42,0.42,0.42]},"gui":{"rotation":[11,-145,0],"scale":[0.5,0.5,0.5]},"head":{"translation":[0,3,0],"scale":[1.21,1.21,1.21]},"fixed":{"translation":[0,0,-1.75],"scale":[0.7,0.7,0.7]}},"texture_size":[128,128],"textures":{"0":"items/hat_tiki_red","particle":"items/hat_tiki_red"},"elements":[{"from":[2,-1,2],"to":[14,13,14],"rotation":{"angle":0,"axis":"y","origin":[0.5,1.5,0.5]},"faces":{"north":{"uv":[1.5,1.5,3,3.25],"texture":"#0"},"east":{"uv":[0,1.5,1.5,3.25],"texture":"#0"},"south":{"uv":[4.5,1.5,6,3.25],"texture":"#0"},"west":{"uv":[1.5,1.5,0,3.25],"texture":"#0"},"up":{"uv":[3,1.5,1.5,0],"texture":"#0"},"down":{"uv":[4.5,0,3,1.5],"texture":"#0"}}},{"from":[2,-4,2],"to":[5,-1,4],"rotation":{"angle":0,"axis":"y","origin":[-8.5,1.5,0.5]},"faces":{"north":{"uv":[1.75,9.25,2.125,9.625],"texture":"#0"},"east":{"uv":[2.125,9.25,2.375,9.625],"texture":"#0"},"south":{"uv":[1.75,9.25,2.125,9.625],"texture":"#0"},"west":{"uv":[2.125,9.25,2.375,9.625],"texture":"#0"},"up":{"uv":[2.125,9.25,1.75,9],"texture":"#0"},"down":{"uv":[2.5,9,2.125,9.25],"texture":"#0"}}},{"from":[11,-4,2],"to":[14,-1,4],"rotation":{"angle":0,"axis":"y","origin":[24.5,1.5,0.5]},"faces":{"north":{"uv":[2.125,9.25,1.75,9.625],"texture":"#0"},"east":{"uv":[2.375,9.25,2.125,9.625],"texture":"#0"},"south":{"uv":[2.125,9.25,1.75,9.625],"texture":"#0"},"west":{"uv":[2.375,9.25,2.125,9.625],"texture":"#0"},"up":{"uv":[1.75,9.25,2.125,9],"texture":"#0"},"down":{"uv":[2.125,9,2.5,9.25],"texture":"#0"}}},{"from":[6,-6,2],"to":[10,-1,4],"rotation":{"angle":0,"axis":"y","origin":[-3.5,1.5,0.5]},"faces":{"north":{"uv":[8.75,2.25,9.25,2.875],"texture":"#0"},"east":{"uv":[8.5,2.25,8.75,2.875],"texture":"#0"},"south":{"uv":[8.75,2.25,9.25,2.875],"texture":"#0"},"west":{"uv":[9.25,2.25,9.5,2.875],"texture":"#0"},"up":{"uv":[9.25,2.25,8.75,2],"texture":"#0"},"down":{"uv":[9.75,2,9.25,2.25],"texture":"#0"}}},{"from":[2,14,2],"to":[14,17,14],"rotation":{"angle":0,"axis":"y","origin":[8,21,8]},"faces":{"north":{"uv":[7.25,7.125,8.75,7.5],"texture":"#0"},"east":{"uv":[5.75,7.125,7.25,7.5],"texture":"#0"},"south":{"uv":[10.25,7.125,11.75,7.5],"texture":"#0"},"west":{"uv":[8.75,7.125,10.25,7.5],"texture":"#0"},"up":{"uv":[8.75,7.125,7.25,5.625],"texture":"#0"},"down":{"uv":[10.25,5.625,8.75,7.125],"texture":"#0"}}},{"from":[2,17,1],"to":[14,20,6],"rotation":{"angle":0,"axis":"y","origin":[8,21,7]},"faces":{"north":{"uv":[5.125,0.625,6.625,1],"texture":"#0"},"east":{"uv":[4.5,0.625,5.125,1],"texture":"#0"},"south":{"uv":[7.25,0.625,8.75,1],"texture":"#0"},"west":{"uv":[5.125,0.625,4.5,1],"texture":"#0"},"up":{"uv":[6.625,0.625,5.125,0],"texture":"#0"},"down":{"uv":[8.125,0,6.625,0.625],"texture":"#0"}}},{"from":[5.4,14.9,5.9],"to":[10.6,27.1,11.1],"rotation":{"angle":0,"axis":"y","origin":[8,21,8.5]},"faces":{"north":{"uv":[6.625,1.625,7.25,3.125],"texture":"#0"},"east":{"uv":[6.625,1.625,7.25,3.125],"texture":"#0"},"south":{"uv":[6.625,1.625,7.25,3.125],"texture":"#0"},"west":{"uv":[7.25,1.625,6.625,3.125],"texture":"#0"},"up":{"uv":[7.25,1.625,6.625,1],"texture":"#0"},"down":{"uv":[7.875,1,7.25,1.625],"texture":"#0"}}},{"from":[-6.5,18,8.5],"to":[22.5,32,8.5],"rotation":{"angle":0,"axis":"y","origin":[8,21,7.4]},"faces":{"north":{"uv":[0,5.375,3.625,7.125],"texture":"#0"},"east":{"uv":[0,5.375,0,7.125],"texture":"#0"},"south":{"uv":[3.625,5.375,7.25,7.125],"texture":"#0"},"west":{"uv":[3.625,5.375,3.625,7.125],"texture":"#0"},"up":{"uv":[3.625,5.375,0,5.375],"texture":"#0"},"down":{"uv":[7.25,5.375,3.625,5.375],"texture":"#0"}}},{"from":[-6.5,17,11.2],"to":[22.5,31,11.2],"rotation":{"angle":0,"axis":"y","origin":[8,21,1.4]},"faces":{"north":{"uv":[5.25,3.25,8.875,5],"texture":"#0"},"east":{"uv":[5.25,3.25,5.25,5],"texture":"#0"},"south":{"uv":[8.875,3.25,5.25,5],"texture":"#0"},"west":{"uv":[8.875,3.25,8.875,5],"texture":"#0"},"up":{"uv":[8.875,3.25,5.25,3.25],"texture":"#0"},"down":{"uv":[12.5,3.25,8.875,3.25],"texture":"#0"}}},{"from":[10,15,6],"to":[15,25,11],"rotation":{"angle":-22.5,"axis":"z","origin":[12.5,21,8.5]},"faces":{"north":{"uv":[0.625,7.75,1.25,9],"texture":"#0"},"east":{"uv":[0,7.75,0.625,9],"texture":"#0"},"south":{"uv":[0.625,7.75,1.25,9],"texture":"#0"},"west":{"uv":[0.625,7.75,0,9],"texture":"#0"},"up":{"uv":[1.25,7.75,0.625,7.125],"texture":"#0"},"down":{"uv":[1.875,7.125,1.25,7.75],"texture":"#0"}}},{"from":[1,15,6],"to":[6,25,11],"rotation":{"angle":22.5,"axis":"z","origin":[3.5,21,8.5]},"faces":{"north":{"uv":[1.25,7.75,0.625,9],"texture":"#0"},"east":{"uv":[0,7.75,0.625,9],"texture":"#0"},"south":{"uv":[1.25,7.75,0.625,9],"texture":"#0"},"west":{"uv":[0.625,7.75,0,9],"texture":"#0"},"up":{"uv":[0.625,7.75,1.25,7.125],"texture":"#0"},"down":{"uv":[1.25,7.125,1.875,7.75],"texture":"#0"}}},{"from":[-1,2,4.5],"to":[1,11,6.5],"rotation":{"angle":0,"axis":"y","origin":[-1.5,-5.5,1]},"faces":{"north":{"uv":[9.125,9.125,9.375,10.25],"texture":"#0"},"east":{"uv":[9.625,9.125,9.375,10.25],"texture":"#0"},"south":{"uv":[9.375,9.125,9.125,10.25],"texture":"#0"},"west":{"uv":[9.375,9.125,9.625,10.25],"texture":"#0"},"up":{"uv":[9.375,9.125,9.125,8.875],"texture":"#0"},"down":{"uv":[9.625,8.875,9.375,9.125],"texture":"#0"}}},{"from":[-1,2,9.5],"to":[1,11,11.5],"rotation":{"angle":0,"axis":"y","origin":[-1.5,-5.5,1]},"faces":{"north":{"uv":[9.125,9.125,9.375,10.25],"texture":"#0"},"east":{"uv":[9.625,9.125,9.375,10.25],"texture":"#0"},"south":{"uv":[9.375,9.125,9.125,10.25],"texture":"#0"},"west":{"uv":[9.375,9.125,9.625,10.25],"texture":"#0"},"up":{"uv":[9.375,9.125,9.125,8.875],"texture":"#0"},"down":{"uv":[9.625,8.875,9.375,9.125],"texture":"#0"}}},{"from":[15,2,4.5],"to":[17,11,6.5],"rotation":{"angle":0,"axis":"y","origin":[17.5,-5.5,1]},"faces":{"north":{"uv":[9.375,9.125,9.125,10.25],"texture":"#0"},"east":{"uv":[9.625,9.125,9.375,10.25],"texture":"#0"},"south":{"uv":[9.125,9.125,9.375,10.25],"texture":"#0"},"west":{"uv":[9.375,9.125,9.625,10.25],"texture":"#0"},"up":{"uv":[9.125,9.125,9.375,8.875],"texture":"#0"},"down":{"uv":[9.375,8.875,9.625,9.125],"texture":"#0"}}},{"from":[15,2,9.5],"to":[17,11,11.5],"rotation":{"angle":0,"axis":"y","origin":[17.5,-5.5,1]},"faces":{"north":{"uv":[9.375,9.125,9.125,10.25],"texture":"#0"},"east":{"uv":[9.625,9.125,9.375,10.25],"texture":"#0"},"south":{"uv":[9.125,9.125,9.375,10.25],"texture":"#0"},"west":{"uv":[9.375,9.125,9.625,10.25],"texture":"#0"},"up":{"uv":[9.125,9.125,9.375,8.875],"texture":"#0"},"down":{"uv":[9.375,8.875,9.625,9.125],"texture":"#0"}}},{"from":[14,9,4],"to":[16,17,7],"rotation":{"angle":0,"axis":"y","origin":[15.5,1.5,0.5]},"faces":{"north":{"uv":[5.25,9.25,5,10.25],"texture":"#0"},"east":{"uv":[5.25,9.25,5.625,10.25],"texture":"#0"},"south":{"uv":[5.25,9.25,5,10.25],"texture":"#0"},"west":{"uv":[5,9.25,4.625,10.25],"texture":"#0"},"up":{"uv":[5,9.25,5.25,8.875],"texture":"#0"},"down":{"uv":[5.25,8.875,5.5,9.25],"texture":"#0"}}},{"from":[0,9,4],"to":[2,17,7],"rotation":{"angle":0,"axis":"y","origin":[0.5,1.5,0.5]},"faces":{"north":{"uv":[5,9.25,5.25,10.25],"texture":"#0"},"east":{"uv":[4.625,9.25,5,10.25],"texture":"#0"},"south":{"uv":[5,9.25,5.25,10.25],"texture":"#0"},"west":{"uv":[5.625,9.25,5.25,10.25],"texture":"#0"},"up":{"uv":[5.25,9.25,5,8.875],"texture":"#0"},"down":{"uv":[5.5,8.875,5.25,9.25],"texture":"#0"}}},{"from":[14,9,9],"to":[16,17,12],"rotation":{"angle":0,"axis":"y","origin":[15.5,1.5,0.5]},"faces":{"north":{"uv":[5.25,9.25,5,10.25],"texture":"#0"},"east":{"uv":[5.25,9.25,5.625,10.25],"texture":"#0"},"south":{"uv":[5.25,9.25,5,10.25],"texture":"#0"},"west":{"uv":[5,9.25,4.625,10.25],"texture":"#0"},"up":{"uv":[5,9.25,5.25,8.875],"texture":"#0"},"down":{"uv":[5.25,8.875,5.5,9.25],"texture":"#0"}}},{"from":[0,9,9],"to":[2,17,12],"rotation":{"angle":0,"axis":"y","origin":[0.5,1.5,0.5]},"faces":{"north":{"uv":[5,9.25,5.25,10.25],"texture":"#0"},"east":{"uv":[4.625,9.25,5,10.25],"texture":"#0"},"south":{"uv":[5,9.25,5.25,10.25],"texture":"#0"},"west":{"uv":[5.625,9.25,5.25,10.25],"texture":"#0"},"up":{"uv":[5.25,9.25,5,8.875],"texture":"#0"},"down":{"uv":[5.5,8.875,5.25,9.25],"texture":"#0"}}},{"from":[13,0,1],"to":[14,3,2],"rotation":{"angle":0,"axis":"y","origin":[0.5,-3.5,0.5]},"faces":{"north":{"uv":[1.375,3.875,1.5,4.25],"texture":"#0"},"east":{"uv":[1.25,3.875,1.375,4.25],"texture":"#0"},"south":{"uv":[1.625,3.875,1.75,4.25],"texture":"#0"},"west":{"uv":[1.5,3.875,1.625,4.25],"texture":"#0"},"up":{"uv":[1.5,3.875,1.375,3.75],"texture":"#0"},"down":{"uv":[1.625,3.75,1.5,3.875],"texture":"#0"}}},{"from":[2,3,1],"to":[5,4,2],"rotation":{"angle":0,"axis":"y","origin":[13.5,4.5,1.5]},"faces":{"north":{"uv":[10.375,1.25,10.5,1.625],"rotation":90,"texture":"#0"},"east":{"uv":[10.625,1.125,10.5,1.25],"rotation":270,"texture":"#0"},"south":{"uv":[10.625,1.25,10.75,1.625],"rotation":270,"texture":"#0"},"west":{"uv":[10.5,1.25,10.375,1.125],"rotation":270,"texture":"#0"},"up":{"uv":[10.25,1.25,10.375,1.625],"rotation":270,"texture":"#0"},"down":{"uv":[10.5,1.25,10.625,1.625],"rotation":270,"texture":"#0"}}},{"from":[11,3,1],"to":[14,4,2],"rotation":{"angle":0,"axis":"y","origin":[2.5,4.5,1.5]},"faces":{"north":{"uv":[10.375,1.625,10.5,1.25],"rotation":90,"texture":"#0"},"east":{"uv":[10.5,1.125,10.375,1.25],"rotation":270,"texture":"#0"},"south":{"uv":[10.625,1.625,10.75,1.25],"rotation":270,"texture":"#0"},"west":{"uv":[10.625,1.25,10.5,1.125],"rotation":270,"texture":"#0"},"up":{"uv":[10.25,1.625,10.375,1.25],"rotation":270,"texture":"#0"},"down":{"uv":[10.5,1.625,10.625,1.25],"rotation":270,"texture":"#0"}}},{"from":[7.4,1.95,1.015],"to":[8.6,2.85,2.215],"rotation":{"angle":0,"axis":"y","origin":[13.5,4.5,1.5]},"faces":{"north":{"uv":[10.25,0.625,10.5,1],"rotation":90,"texture":"#0"},"east":{"uv":[10.375,0,10.25,0.125],"rotation":270,"texture":"#0"},"south":{"uv":[10.75,0.125,11,0.5],"rotation":270,"texture":"#0"},"west":{"uv":[10.25,0.125,10.125,0],"rotation":270,"texture":"#0"},"up":{"uv":[10,0.125,10.2,0.375],"rotation":270,"texture":"#0"},"down":{"uv":[10.5,0.125,10.75,0.5],"rotation":270,"texture":"#0"}}},{"from":[4.85485,2.77029,1.005],"to":[7.85485,3.77029,2.005],"rotation":{"angle":-22.5,"axis":"z","origin":[5.50485,3.52029,1.5]},"faces":{"north":{"uv":[1.375,3.875,1.5,4.25],"rotation":90,"texture":"#0"},"east":{"uv":[1.625,3.75,1.5,3.875],"rotation":270,"texture":"#0"},"south":{"uv":[1.625,3.875,1.75,4.25],"rotation":270,"texture":"#0"},"west":{"uv":[1.5,3.875,1.375,3.75],"rotation":270,"texture":"#0"},"up":{"uv":[1.25,3.875,1.375,4.25],"rotation":270,"texture":"#0"},"down":{"uv":[1.5,3.875,1.625,4.25],"rotation":270,"texture":"#0"}}},{"from":[8.14515,2.77029,1.005],"to":[11.14515,3.77029,2.005],"rotation":{"angle":22.5,"axis":"z","origin":[10.49515,3.52029,1.5]},"faces":{"north":{"uv":[1.375,4.25,1.5,3.875],"rotation":90,"texture":"#0"},"east":{"uv":[1.5,3.75,1.375,3.875],"rotation":270,"texture":"#0"},"south":{"uv":[1.625,4.25,1.75,3.875],"rotation":270,"texture":"#0"},"west":{"uv":[1.625,3.875,1.5,3.75],"rotation":270,"texture":"#0"},"up":{"uv":[1.25,4.25,1.375,3.875],"rotation":270,"texture":"#0"},"down":{"uv":[1.5,4.25,1.625,3.875],"rotation":270,"texture":"#0"}}},{"from":[11,-1,1],"to":[14,0,2],"rotation":{"angle":0,"axis":"y","origin":[2.5,-1.5,1.5]},"faces":{"north":{"uv":[10.5,1.625,10.375,1.25],"rotation":90,"texture":"#0"},"east":{"uv":[10.375,1.125,10.5,1.25],"rotation":270,"texture":"#0"},"south":{"uv":[10.75,1.625,10.625,1.25],"rotation":270,"texture":"#0"},"west":{"uv":[10.5,1.25,10.625,1.125],"rotation":270,"texture":"#0"},"up":{"uv":[10.625,1.625,10.5,1.25],"rotation":270,"texture":"#0"},"down":{"uv":[10.375,1.625,10.25,1.25],"rotation":270,"texture":"#0"}}},{"from":[8.14515,-0.77029,1.005],"to":[11.14515,0.22971,2.005],"rotation":{"angle":-22.5,"axis":"z","origin":[10.49515,-0.52029,1.5]},"faces":{"north":{"uv":[1.5,4.25,1.375,3.875],"rotation":90,"texture":"#0"},"east":{"uv":[1.375,3.75,1.5,3.875],"rotation":270,"texture":"#0"},"south":{"uv":[1.75,4.25,1.625,3.875],"rotation":270,"texture":"#0"},"west":{"uv":[1.5,3.875,1.625,3.75],"rotation":270,"texture":"#0"},"up":{"uv":[1.625,4.25,1.5,3.875],"rotation":270,"texture":"#0"},"down":{"uv":[1.375,4.25,1.25,3.875],"rotation":270,"texture":"#0"}}},{"from":[4.85485,-0.77029,1.005],"to":[7.85485,0.22971,2.005],"rotation":{"angle":22.5,"axis":"z","origin":[5.50485,-0.52029,1.5]},"faces":{"north":{"uv":[1.5,3.875,1.375,4.25],"rotation":90,"texture":"#0"},"east":{"uv":[1.5,3.75,1.625,3.875],"rotation":270,"texture":"#0"},"south":{"uv":[1.75,3.875,1.625,4.25],"rotation":270,"texture":"#0"},"west":{"uv":[1.375,3.875,1.5,3.75],"rotation":270,"texture":"#0"},"up":{"uv":[1.625,3.875,1.5,4.25],"rotation":270,"texture":"#0"},"down":{"uv":[1.375,3.875,1.25,4.25],"rotation":270,"texture":"#0"}}},{"from":[7.4,0.15,1.015],"to":[8.6,1.05,2.215],"rotation":{"angle":0,"axis":"y","origin":[13.5,-1.5,1.5]},"faces":{"north":{"uv":[10.5,0.625,10.25,1],"rotation":90,"texture":"#0"},"east":{"uv":[10.25,0,10.375,0.125],"rotation":270,"texture":"#0"},"south":{"uv":[11,0.125,10.75,0.5],"rotation":270,"texture":"#0"},"west":{"uv":[10.125,0.125,10.25,0],"rotation":270,"texture":"#0"},"up":{"uv":[10.75,0.125,10.5,0.5],"rotation":270,"texture":"#0"},"down":{"uv":[10.2,0.125,10,0.375],"rotation":270,"texture":"#0"}}},{"from":[2,-1,1],"to":[5,0,2],"rotation":{"angle":0,"axis":"y","origin":[13.5,-1.5,1.5]},"faces":{"north":{"uv":[10.5,1.25,10.375,1.625],"rotation":90,"texture":"#0"},"east":{"uv":[10.5,1.125,10.625,1.25],"rotation":270,"texture":"#0"},"south":{"uv":[10.75,1.25,10.625,1.625],"rotation":270,"texture":"#0"},"west":{"uv":[10.375,1.25,10.5,1.125],"rotation":270,"texture":"#0"},"up":{"uv":[10.625,1.25,10.5,1.625],"rotation":270,"texture":"#0"},"down":{"uv":[10.375,1.25,10.25,1.625],"rotation":270,"texture":"#0"}}},{"from":[2,0,1],"to":[3,3,2],"rotation":{"angle":0,"axis":"y","origin":[-10.5,-3.5,0.5]},"faces":{"north":{"uv":[1.375,3.375,1.5,3.75],"texture":"#0"},"east":{"uv":[1.25,3.375,1.375,3.75],"texture":"#0"},"south":{"uv":[1.625,3.375,1.75,3.75],"texture":"#0"},"west":{"uv":[1.5,3.375,1.625,3.75],"texture":"#0"},"up":{"uv":[1.5,3.375,1.375,3.25],"texture":"#0"},"down":{"uv":[1.625,3.25,1.5,3.375],"texture":"#0"}}},{"from":[10,9,0.5],"to":[16,11,1.5],"rotation":{"angle":22.5,"axis":"z","origin":[12.5,8.5,1]},"faces":{"north":{"uv":[4.625,1.125,5.375,1.375],"texture":"#0"},"east":{"uv":[4.5,1.125,4.625,1.375],"texture":"#0"},"south":{"uv":[5.5,1.125,6.25,1.375],"texture":"#0"},"west":{"uv":[5.375,1.125,5.5,1.375],"texture":"#0"},"up":{"uv":[5.375,1.125,4.625,1],"texture":"#0"},"down":{"uv":[6.125,1,5.375,1.125],"texture":"#0"}}},{"from":[0,9,0.5],"to":[6,11,1.5],"shade":false,"rotation":{"angle":-22.5,"axis":"z","origin":[3.5,8.5,1]},"faces":{"north":{"uv":[5.375,1.125,4.625,1.375],"texture":"#0"},"east":{"uv":[5.5,1.125,5.375,1.375],"texture":"#0"},"south":{"uv":[6.25,1.125,5.5,1.375],"texture":"#0"},"west":{"uv":[4.625,1.125,4.5,1.375],"texture":"#0"},"up":{"uv":[4.625,1.125,5.375,1],"texture":"#0"},"down":{"uv":[5.375,1,6.125,1.125],"texture":"#0"}}},{"from":[1,5.7,1],"to":[6,8.7,2],"shade":false,"rotation":{"angle":-22.5,"axis":"z","origin":[3.5,8.2,1.5]},"faces":{"north":{"uv":[0.75,9.125,0.125,9.5],"texture":"#0"},"east":{"uv":[0.875,9.125,0.75,9.5],"texture":"#0"},"south":{"uv":[1.5,9.125,0.875,9.5],"texture":"#0"},"west":{"uv":[0.125,9.125,0,9.5],"texture":"#0"},"up":{"uv":[0.125,9.125,0.75,9],"texture":"#0"},"down":{"uv":[0.75,9,1.375,9.125],"texture":"#0"}}},{"from":[10,5.7,1],"to":[15,8.7,2],"rotation":{"angle":22.5,"axis":"z","origin":[12.5,8.2,1.5]},"faces":{"north":{"uv":[0.125,9.125,0.75,9.5],"texture":"#0"},"east":{"uv":[0,9.125,0.125,9.5],"texture":"#0"},"south":{"uv":[0.875,9.125,1.5,9.5],"texture":"#0"},"west":{"uv":[0.75,9.125,0.875,9.5],"texture":"#0"},"up":{"uv":[0.75,9.125,0.125,9],"texture":"#0"},"down":{"uv":[1.375,9,0.75,9.125],"texture":"#0"}}},{"from":[1,11,1],"to":[15,14,15],"rotation":{"angle":0,"axis":"y","origin":[0.5,1.5,0.5]},"faces":{"north":{"uv":[1.75,5,3.5,5.375],"texture":"#0"},"east":{"uv":[0,5,1.75,5.375],"texture":"#0"},"south":{"uv":[1.75,5,3.5,5.375],"texture":"#0"},"west":{"uv":[0,5,1.75,5.375],"texture":"#0"},"up":{"uv":[3.5,5,1.75,3.25],"texture":"#0"},"down":{"uv":[5.25,3.25,3.5,5],"texture":"#0"}}},{"from":[7,5.2,0.905],"to":[9,12.2,1.905],"rotation":{"angle":0,"axis":"y","origin":[0.5,1.5,1.4]},"faces":{"north":{"uv":[0.125,9.625,0.375,10.5],"texture":"#0"},"east":{"uv":[0,9.625,0.125,10.5],"texture":"#0"},"south":{"uv":[0.5,9.625,0.75,10.5],"texture":"#0"},"west":{"uv":[0.375,9.625,0.5,10.5],"texture":"#0"},"up":{"uv":[0.375,9.625,0.125,9.5],"texture":"#0"},"down":{"uv":[0.625,9.5,0.375,9.625],"texture":"#0"}}},{"from":[6,10.225,0.8],"to":[10,14.225,1.8],"rotation":{"angle":45,"axis":"z","origin":[8,12.225,1.4]},"faces":{"north":{"uv":[2,7.25,2.5,7.75],"rotation":270,"texture":"#0"},"east":{"uv":[2.5,7.25,2,7.125],"rotation":90,"texture":"#0"},"south":{"uv":[2.625,7.25,3.125,7.75],"rotation":90,"texture":"#0"},"west":{"uv":[3,7.125,2.5,7.25],"rotation":90,"texture":"#0"},"up":{"uv":[2.5,7.25,2.625,7.75],"rotation":90,"texture":"#0"},"down":{"uv":[1.875,7.25,2,7.75],"rotation":90,"texture":"#0"}}},{"from":[7,13.975,0.9],"to":[9,17.975,1.9],"rotation":{"angle":45,"axis":"z","origin":[8,12.225,1.4]},"faces":{"north":{"uv":[8.625,3,9.125,3.25],"rotation":270,"texture":"#0"},"east":{"uv":[9.125,3,8.625,2.875],"rotation":90,"texture":"#0"},"south":{"uv":[9.25,3,9.75,3.25],"rotation":90,"texture":"#0"},"west":{"uv":[9.625,2.875,9.125,3],"rotation":90,"texture":"#0"},"up":{"uv":[9.125,3,9.25,3.25],"rotation":90,"texture":"#0"},"down":{"uv":[8.5,3,8.625,3.25],"rotation":90,"texture":"#0"}}},{"from":[7,13.975,0.9],"to":[9,17.975,1.9],"rotation":{"angle":-45,"axis":"z","origin":[8,12.225,1.4]},"faces":{"north":{"uv":[8.625,3.25,9.125,3],"rotation":270,"texture":"#0"},"east":{"uv":[9.625,3,9.125,2.875],"rotation":90,"texture":"#0"},"south":{"uv":[9.25,3.25,9.75,3],"rotation":90,"texture":"#0"},"west":{"uv":[9.125,2.875,8.625,3],"rotation":90,"texture":"#0"},"up":{"uv":[9.125,3.25,9.25,3],"rotation":90,"texture":"#0"},"down":{"uv":[8.5,3.25,8.625,3],"rotation":90,"texture":"#0"}}}]}