{"display":{"thirdperson_righthand":{"rotation":[90,0,0],"translation":[0,1.5,2],"scale":[0.28,0.28,0.28]},"thirdperson_lefthand":{"rotation":[90,0,0],"translation":[0,1.5,2],"scale":[0.28,0.28,0.28]},"firstperson_righthand":{"rotation":[11,0,0],"translation":[3,3.75,0],"scale":[0.46,0.46,0.46]},"firstperson_lefthand":{"rotation":[11,0,0],"translation":[3,3.75,0],"scale":[0.46,0.46,0.46]},"ground":{"translation":[0,2.25,0],"scale":[0.52,0.52,0.52]},"gui":{"rotation":[11,-145,0],"translation":[0.75,0.5,0],"scale":[0.65,0.65,0.65]},"head":{"translation":[0.25,3.75,-2.25],"scale":[1.3,1.3,1.3]},"fixed":{"translation":[0,3.25,-1.75],"scale":[0.85,0.85,0.85]}},"texture_size":[64,64],"textures":{"0":"items/hat_skull","particle":"items/hat_skull"},"elements":[{"from":[2,1,3],"to":[3,11,11],"faces":{"north":{"uv":[5.75,9.75,6,12.25],"texture":"#0"},"east":{"uv":[3,0,5,2.5],"texture":"#0"},"south":{"uv":[6,9.75,6.25,12.25],"texture":"#0"},"west":{"uv":[7,4,5,6.5],"texture":"#0"},"up":{"uv":[5.25,12.25,5,10.25],"texture":"#0"},"down":{"uv":[5.5,10.25,5.25,12.25],"texture":"#0"}}},{"from":[3,1,3],"to":[13,3,11],"faces":{"north":{"uv":[8.75,9,11.25,9.5],"texture":"#0"},"east":{"uv":[8.75,9.5,10.75,10],"texture":"#0"},"south":{"uv":[9.5,4,12,4.5],"texture":"#0"},"west":{"uv":[3.75,9.75,5.75,10.25],"texture":"#0"},"up":{"uv":[2.5,6.5,0,4.5],"texture":"#0"},"down":{"uv":[7.5,0,5,2],"texture":"#0"}}},{"from":[3,9,3],"to":[13,11,11],"rotation":{"angle":0,"axis":"y","origin":[0,8,0]},"faces":{"north":{"uv":[9.5,4.5,12,5],"texture":"#0"},"east":{"uv":[0,10,2,10.5],"texture":"#0"},"south":{"uv":[9.5,5,12,5.5],"texture":"#0"},"west":{"uv":[10,0,12,0.5],"texture":"#0"},"up":{"uv":[7.5,4,5,2],"texture":"#0"},"down":{"uv":[5,5,2.5,7],"texture":"#0"}}},{"from":[3,3,4],"to":[13,9,11],"rotation":{"angle":0,"axis":"y","origin":[0,6,0]},"faces":{"north":{"uv":[7,4,9.5,5.5],"texture":"#0"},"east":{"uv":[4.5,8.25,6.25,9.75],"texture":"#0"},"south":{"uv":[7.5,0,10,1.5],"texture":"#0"},"west":{"uv":[2,8.75,3.75,10.25],"texture":"#0"},"up":{"uv":[7.5,8.25,5,6.5],"texture":"#0"},"down":{"uv":[4.5,7,2,8.75],"texture":"#0"}}},{"from":[3,8,3],"to":[13,9,4],"rotation":{"angle":0,"axis":"y","origin":[0,6,0]},"faces":{"north":{"uv":[10,1.25,12.5,1.5],"texture":"#0"},"east":{"uv":[7,5.5,7.25,5.75],"texture":"#0"},"south":{"uv":[8.5,10,11,10.25],"texture":"#0"},"west":{"uv":[7,5.75,7.25,6],"texture":"#0"},"up":{"uv":[4.5,10.5,2,10.25],"texture":"#0"},"down":{"uv":[11,10.25,8.5,10.5],"texture":"#0"}}},{"from":[6,5,3],"to":[10,8,4],"rotation":{"angle":0,"axis":"y","origin":[0,2,0]},"faces":{"north":{"uv":[10,0.5,11,1.25],"texture":"#0"},"east":{"uv":[4.5,7,4.75,7.75],"texture":"#0"},"south":{"uv":[7.5,10,8.5,10.75],"texture":"#0"},"west":{"uv":[4.75,7,5,7.75],"texture":"#0"},"up":{"uv":[1.75,10.75,0.75,10.5],"texture":"#0"},"down":{"uv":[11.5,1.5,10.5,1.75],"texture":"#0"}}},{"from":[10,3,3],"to":[13,5,4],"rotation":{"angle":0,"axis":"y","origin":[3,0,0]},"faces":{"north":{"uv":[3.75,8.75,4.5,9.25],"texture":"#0"},"east":{"uv":[2.5,4.5,2.75,5],"texture":"#0"},"south":{"uv":[3.75,9.25,4.5,9.75],"texture":"#0"},"west":{"uv":[2.75,4.5,3,5],"texture":"#0"},"up":{"uv":[2.5,10.75,1.75,10.5],"texture":"#0"},"down":{"uv":[11.25,1.75,10.5,2],"texture":"#0"}}},{"from":[3,3,3],"to":[6,5,4],"rotation":{"angle":0,"axis":"y","origin":[-3,0,0]},"faces":{"north":{"uv":[6.5,10.25,7.25,10.75],"texture":"#0"},"east":{"uv":[2,6.5,2.25,7],"texture":"#0"},"south":{"uv":[0,10.5,0.75,11],"texture":"#0"},"west":{"uv":[2.25,6.5,2.5,7],"texture":"#0"},"up":{"uv":[11.25,2.25,10.5,2],"texture":"#0"},"down":{"uv":[11.25,2.25,10.5,2.5],"texture":"#0"}}},{"from":[13,1,3],"to":[14,11,11],"faces":{"north":{"uv":[4.5,10.25,4.75,12.75],"texture":"#0"},"east":{"uv":[5,4,7,6.5],"texture":"#0"},"south":{"uv":[4.75,10.25,5,12.75],"texture":"#0"},"west":{"uv":[0,6.5,2,9],"texture":"#0"},"up":{"uv":[5.75,12.25,5.5,10.25],"texture":"#0"},"down":{"uv":[6.5,10.25,6.25,12.25],"texture":"#0"}}},{"from":[2,2,11],"to":[14,11,16],"faces":{"north":{"uv":[0,0,3,2.25],"texture":"#0"},"east":{"uv":[7.5,5.5,8.75,7.75],"texture":"#0"},"south":{"uv":[0,2.25,3,4.5],"texture":"#0"},"west":{"uv":[8.75,5.5,7.5,7.75],"texture":"#0"},"up":{"uv":[10.5,2.75,7.5,1.5],"texture":"#0"},"down":{"uv":[10.5,2.75,7.5,4],"texture":"#0"}}},{"from":[4,-2,3],"to":[12,2,8],"rotation":{"angle":22.5,"axis":"x","origin":[8.5,2.5,5.5]},"faces":{"north":{"uv":[8.75,8,10.75,9],"texture":"#0"},"east":{"uv":[6.25,8.25,7.5,9.25],"texture":"#0"},"south":{"uv":[0,9,2,10],"texture":"#0"},"west":{"uv":[7.5,8.25,6.25,9.25],"texture":"#0"},"up":{"uv":[10.75,6.75,8.75,5.5],"texture":"#0"},"down":{"uv":[10.75,6.75,8.75,8],"texture":"#0"}}}]}