{"display":{"thirdperson_righthand":{"rotation":[-90,0,0],"translation":[0,-2,-1],"scale":[0.6,0.6,0.6]},"thirdperson_lefthand":{"rotation":[-90,0,0],"translation":[0,-2,-1],"scale":[0.6,0.6,0.6]},"firstperson_righthand":{"rotation":[0,100,0],"translation":[0,2,0],"scale":[0.6,0.6,0.6]},"firstperson_lefthand":{"rotation":[0,100,0],"translation":[0,2,0],"scale":[0.6,0.6,0.6]},"ground":{"scale":[0.4,0.4,0.4]},"gui":{"rotation":[15,-145,0],"translation":[0.5,-0.5,0],"scale":[0.75,0.75,0.75]},"head":{"translation":[0,7.5,0],"scale":[1.9,1.9,1.9]},"fixed":{"translation":[0,0,-4.25]}},"texture_size":[32,32],"textures":{"0":"items/kraken_purple","particle":"items/kraken_purple"},"elements":[{"from":[12,0,4],"to":[12,8,12],"faces":{"north":{"uv":[0,0,0,4],"texture":"#0"},"east":{"uv":[0,4,4,8],"texture":"#0"},"south":{"uv":[0,0,0,4],"texture":"#0"},"west":{"uv":[4,4,0,8],"texture":"#0"},"up":{"uv":[0,4,0,0],"texture":"#0"},"down":{"uv":[0,0,0,4],"texture":"#0"}}},{"from":[4,0,4],"to":[4,8,12],"faces":{"north":{"uv":[0,0,0,4],"texture":"#0"},"east":{"uv":[8,0,4,4],"texture":"#0"},"south":{"uv":[0,0,0,4],"texture":"#0"},"west":{"uv":[4,0,8,4],"texture":"#0"},"up":{"uv":[0,4,0,0],"texture":"#0"},"down":{"uv":[0,0,0,4],"texture":"#0"}}},{"from":[4,0,4],"to":[12,8,4],"faces":{"north":{"uv":[4,4,8,8],"texture":"#0"},"east":{"uv":[0,0,0,4],"texture":"#0"},"south":{"uv":[8,4,4,8],"texture":"#0"},"west":{"uv":[0,0,0,4],"texture":"#0"},"up":{"uv":[4,0,0,0],"texture":"#0"},"down":{"uv":[4,0,0,0],"texture":"#0"}}},{"from":[4,0,12],"to":[12,8,12],"faces":{"north":{"uv":[4,8,0,12],"texture":"#0"},"east":{"uv":[0,0,0,4],"texture":"#0"},"south":{"uv":[0,8,4,12],"texture":"#0"},"west":{"uv":[0,0,0,4],"texture":"#0"},"up":{"uv":[4,0,0,0],"texture":"#0"},"down":{"uv":[4,0,0,0],"texture":"#0"}}},{"from":[4,8,4],"to":[12,8,12],"faces":{"north":{"uv":[0,0,4,0],"texture":"#0"},"east":{"uv":[0,0,4,0],"texture":"#0"},"south":{"uv":[0,0,4,0],"texture":"#0"},"west":{"uv":[0,0,4,0],"texture":"#0"},"up":{"uv":[4,4,0,0],"texture":"#0"},"down":{"uv":[0,0,4,4],"texture":"#0"}}},{"from":[6,8,6],"to":[10,12,10],"faces":{"north":{"uv":[10.5,6,12.5,8],"texture":"#0"},"east":{"uv":[11,0,13,2],"texture":"#0"},"south":{"uv":[11,2,13,4],"texture":"#0"},"west":{"uv":[4,11,6,13],"texture":"#0"},"up":{"uv":[13,6,11,4],"texture":"#0"},"down":{"uv":[13.5,8,11.5,10],"texture":"#0"}}},{"from":[5.5,11.75,7.75],"to":[10.5,17.75,13.75],"rotation":{"angle":45,"axis":"x","origin":[8,14.5,8]},"faces":{"north":{"uv":[4,8,6.5,11],"texture":"#0"},"east":{"uv":[8,0,11,3],"texture":"#0"},"south":{"uv":[8,6,10.5,9],"texture":"#0"},"west":{"uv":[8,3,11,6],"texture":"#0"},"up":{"uv":[9,12,6.5,9],"texture":"#0"},"down":{"uv":[11.5,9,9,12],"texture":"#0"}}}],"gui_light":"front"}