{"display":{"thirdperson_righthand":{"translation":[0,3.75,2.5],"scale":[0.5,0.5,0.5]},"thirdperson_lefthand":{"translation":[0,3.75,2.5],"scale":[0.5,0.5,0.5]},"firstperson_righthand":{"translation":[0,0.5,0],"scale":[0.7,0.7,0.7]},"firstperson_lefthand":{"translation":[0,0.5,0],"scale":[0.7,0.7,0.7]},"ground":{"scale":[0.5,0.5,0.5]},"gui":{"rotation":[25,-42,0],"translation":[0.25,1.5,0],"scale":[0.65,0.65,0.65]},"head":{"rotation":[9,0,0],"translation":[0,13.5,1.5],"scale":[1.5,1.5,1.5]},"fixed":{"translation":[0,3.25,0]}},"texture_size":[64,64],"textures":{"0":"items/mushroom_hat","particle":"items/mushroom_hat"},"elements":[{"from":[1,0,1],"to":[15,6,15],"faces":{"north":{"uv":[3.5,5,7,6.5],"texture":"#0"},"east":{"uv":[6,0,9.5,1.5],"texture":"#0"},"south":{"uv":[6,1.5,9.5,3],"texture":"#0"},"west":{"uv":[6,3,9.5,4.5],"texture":"#0"},"up":{"uv":[3.5,3.5,0,0],"texture":"#0"},"down":{"uv":[3.5,3.5,0,7],"texture":"#0"}}},{"from":[3,6,3],"to":[13,10,13],"faces":{"north":{"uv":[8,6.75,10.5,7.75],"texture":"#0"},"east":{"uv":[8,7.75,10.5,8.75],"texture":"#0"},"south":{"uv":[2.25,8.75,4.75,9.75],"texture":"#0"},"west":{"uv":[4.75,8.75,7.25,9.75],"texture":"#0"},"up":{"uv":[6,2.5,3.5,0],"texture":"#0"},"down":{"uv":[6,2.5,3.5,5],"texture":"#0"}}},{"from":[-5,1,6.75],"to":[4,10,6.75],"rotation":{"angle":-22.5,"axis":"y","origin":[0,0,0]},"faces":{"north":{"uv":[3.5,6.5,5.75,8.75],"texture":"#0"},"east":{"uv":[0,0,0,2.25],"texture":"#0"},"south":{"uv":[5.75,6.5,8,8.75],"texture":"#0"},"west":{"uv":[0,0,0,2.25],"texture":"#0"},"up":{"uv":[2.25,0,0,0],"texture":"#0"},"down":{"uv":[2.25,0,0,0],"texture":"#0"}}},{"from":[9,1,15],"to":[9,10,24],"faces":{"north":{"uv":[0,0,0,2.25],"texture":"#0"},"east":{"uv":[0,7,2.25,9.25],"texture":"#0"},"south":{"uv":[0,0,0,2.25],"texture":"#0"},"west":{"uv":[8,4.5,10.25,6.75],"texture":"#0"},"up":{"uv":[0,2.25,0,0],"texture":"#0"},"down":{"uv":[0,0,0,2.25],"texture":"#0"}}},{"from":[6.75,12.75,5.5],"to":[8.75,15.75,7.5],"rotation":{"angle":-22.5,"axis":"z","origin":[0,0,0]},"faces":{"north":{"uv":[1.5,9.25,2,10],"texture":"#0"},"east":{"uv":[9.5,1.5,10,2.25],"texture":"#0"},"south":{"uv":[9.5,2.25,10,3],"texture":"#0"},"west":{"uv":[9.5,3,10,3.75],"texture":"#0"},"up":{"uv":[10,4.25,9.5,3.75],"texture":"#0"},"down":{"uv":[0.5,9.75,0,10.25],"texture":"#0"}}},{"from":[4.75,15.75,3.5],"to":[10.75,17.75,9.5],"rotation":{"angle":-22.5,"axis":"z","origin":[0,0,0]},"faces":{"north":{"uv":[0,9.25,1.5,9.75],"texture":"#0"},"east":{"uv":[9.5,0,11,0.5],"texture":"#0"},"south":{"uv":[9.5,0.5,11,1],"texture":"#0"},"west":{"uv":[9.5,1,11,1.5],"texture":"#0"},"up":{"uv":[8.75,10.25,7.25,8.75],"texture":"#0"},"down":{"uv":[10.25,8.75,8.75,10.25],"texture":"#0"}}},{"from":[5.75,17.75,4.5],"to":[9.75,19.75,8.5],"rotation":{"angle":-22.5,"axis":"z","origin":[0,0,0]},"faces":{"north":{"uv":[6,4.5,7,5],"texture":"#0"},"east":{"uv":[7,5.5,8,6],"texture":"#0"},"south":{"uv":[7,6,8,6.5],"texture":"#0"},"west":{"uv":[2.25,8,3.25,8.5],"texture":"#0"},"up":{"uv":[3.25,8,2.25,7],"texture":"#0"},"down":{"uv":[8,4.5,7,5.5],"texture":"#0"}}}]}