{"display":{"thirdperson_righthand":{"rotation":[40,35,0],"translation":[0.75,4,-0.75],"scale":[0.6,0.6,0.6]},"thirdperson_lefthand":{"rotation":[40,35,0],"translation":[-0.25,3.5,-0.5],"scale":[0.6,0.6,0.6]},"firstperson_righthand":{"rotation":[15,120,0],"translation":[0,5.25,-2.25]},"firstperson_lefthand":{"rotation":[15,120,0],"translation":[1.75,5.5,-1.25]},"ground":{"rotation":[15,0,0],"translation":[1.25,3.5,0]},"gui":{"rotation":[40,-145,0],"translation":[-1,1.75,0],"scale":[1.2,1.2,1.2]},"head":{"translation":[2.25,11,0],"scale":[2.2,2.2,2.2]},"fixed":{"rotation":[-85,0,0],"translation":[1.5,1.75,-6.5],"scale":[1.5,1.5,1.5]}},"texture_size":[32,32],"textures":{"0":"items/pirate_hat","particle":"items/pirate_hat"},"elements":[{"from":[4.5,5.5,12.255],"to":[9.5,6,12.48],"faces":{"north":{"uv":[1,10.5,3.5,10.75],"texture":"#0"},"east":{"uv":[1,10.5,3.5,10.75],"texture":"#0"},"south":{"uv":[1,10.5,3.5,10.75],"texture":"#0"},"west":{"uv":[1,10.5,3.5,10.75],"texture":"#0"},"up":{"uv":[1,10.5,3.5,10.75],"texture":"#0"},"down":{"uv":[1,10.5,3.5,10.75],"texture":"#0"}}},{"from":[2.5125,4.5,10.2675],"to":[2.7375,5,12.2675],"rotation":{"angle":0,"axis":"y","origin":[7,5.75,12.3675]},"faces":{"north":{"uv":[1,10.5,2.25,10.75],"texture":"#0"},"east":{"uv":[1,10.5,2.25,10.75],"texture":"#0"},"south":{"uv":[1,10.5,2.25,10.75],"texture":"#0"},"west":{"uv":[1,10.5,2.25,10.75],"texture":"#0"},"up":{"uv":[1,10.5,2.25,10.75],"texture":"#0"},"down":{"uv":[1,10.5,2.25,10.75],"texture":"#0"}}},{"from":[2.5125,5,8.4925],"to":[2.7375,5.5,10.4925],"rotation":{"angle":0,"axis":"y","origin":[7,5.75,12.3675]},"faces":{"north":{"uv":[1,10.5,2.25,10.75],"texture":"#0"},"east":{"uv":[1,10.5,2.25,10.75],"texture":"#0"},"south":{"uv":[1,10.5,2.25,10.75],"texture":"#0"},"west":{"uv":[1,10.5,2.25,10.75],"texture":"#0"},"up":{"uv":[1,10.5,2.25,10.75],"texture":"#0"},"down":{"uv":[1,10.5,2.25,10.75],"texture":"#0"}}},{"from":[2.5125,5.5,6.4925],"to":[2.7375,6,8.4925],"rotation":{"angle":0,"axis":"y","origin":[7,5.75,12.3675]},"faces":{"north":{"uv":[1,10.5,2.25,10.75],"texture":"#0"},"east":{"uv":[1,10.5,2.25,10.75],"texture":"#0"},"south":{"uv":[1,10.5,2.25,10.75],"texture":"#0"},"west":{"uv":[1,10.5,2.25,10.75],"texture":"#0"},"up":{"uv":[1,10.5,2.25,10.75],"texture":"#0"},"down":{"uv":[1,10.5,2.25,10.75],"texture":"#0"}}},{"from":[2.5125,6,4.4925],"to":[2.7375,6.5,6.4925],"rotation":{"angle":0,"axis":"y","origin":[7,5.75,12.3675]},"faces":{"north":{"uv":[1,10.5,2.25,10.75],"texture":"#0"},"east":{"uv":[1,10.5,2.25,10.75],"texture":"#0"},"south":{"uv":[1,10.5,2.25,10.75],"texture":"#0"},"west":{"uv":[1,10.5,2.25,10.75],"texture":"#0"},"up":{"uv":[1,10.5,2.25,10.75],"texture":"#0"},"down":{"uv":[1,10.5,2.25,10.75],"texture":"#0"}}},{"from":[2.5125,6.5,3.4925],"to":[2.7375,7,4.4925],"rotation":{"angle":0,"axis":"y","origin":[7,5.75,12.3675]},"faces":{"north":{"uv":[1,10.5,1.5,10.75],"texture":"#0"},"east":{"uv":[1,10.5,1.5,10.75],"texture":"#0"},"south":{"uv":[1,10.5,1.5,10.75],"texture":"#0"},"west":{"uv":[1,10.5,1.5,10.75],"texture":"#0"},"up":{"uv":[1,10.5,1.5,10.75],"texture":"#0"},"down":{"uv":[1,10.5,1.5,10.75],"texture":"#0"}}},{"from":[11.2625,6.5,3.4925],"to":[11.4875,7,4.4925],"rotation":{"angle":0,"axis":"y","origin":[7,5.75,12.3675]},"faces":{"north":{"uv":[1,10.5,1.5,10.75],"texture":"#0"},"east":{"uv":[1,10.5,1.5,10.75],"texture":"#0"},"south":{"uv":[1,10.5,1.5,10.75],"texture":"#0"},"west":{"uv":[1,10.5,1.5,10.75],"texture":"#0"},"up":{"uv":[1,10.5,1.5,10.75],"texture":"#0"},"down":{"uv":[1,10.5,1.5,10.75],"texture":"#0"}}},{"from":[11.2625,6,4.4925],"to":[11.4875,6.5,6.4925],"rotation":{"angle":0,"axis":"y","origin":[7,5.75,12.3675]},"faces":{"north":{"uv":[1,10.5,2.25,10.75],"texture":"#0"},"east":{"uv":[1,10.5,2.25,10.75],"texture":"#0"},"south":{"uv":[1,10.5,2.25,10.75],"texture":"#0"},"west":{"uv":[1,10.5,2.25,10.75],"texture":"#0"},"up":{"uv":[1,10.5,2.25,10.75],"texture":"#0"},"down":{"uv":[1,10.5,2.25,10.75],"texture":"#0"}}},{"from":[11.2625,5.5,6.4925],"to":[11.4875,6,8.4925],"rotation":{"angle":0,"axis":"y","origin":[7,5.75,12.3675]},"faces":{"north":{"uv":[1,10.5,2.25,10.75],"texture":"#0"},"east":{"uv":[1,10.5,2.25,10.75],"texture":"#0"},"south":{"uv":[1,10.5,2.25,10.75],"texture":"#0"},"west":{"uv":[1,10.5,2.25,10.75],"texture":"#0"},"up":{"uv":[1,10.5,2.25,10.75],"texture":"#0"},"down":{"uv":[1,10.5,2.25,10.75],"texture":"#0"}}},{"from":[11.2625,5,8.4925],"to":[11.4875,5.5,10.4925],"rotation":{"angle":0,"axis":"y","origin":[7,5.75,12.3675]},"faces":{"north":{"uv":[1,10.5,2.25,10.75],"texture":"#0"},"east":{"uv":[1,10.5,2.25,10.75],"texture":"#0"},"south":{"uv":[1,10.5,2.25,10.75],"texture":"#0"},"west":{"uv":[1,10.5,2.25,10.75],"texture":"#0"},"up":{"uv":[1,10.5,2.25,10.75],"texture":"#0"},"down":{"uv":[1,10.5,2.25,10.75],"texture":"#0"}}},{"from":[11.2625,4.5,10.2675],"to":[11.4875,5,12.2675],"rotation":{"angle":0,"axis":"y","origin":[7,5.75,12.3675]},"faces":{"north":{"uv":[1,10.5,2.25,10.75],"texture":"#0"},"east":{"uv":[1,10.5,2.25,10.75],"texture":"#0"},"south":{"uv":[1,10.5,2.25,10.75],"texture":"#0"},"west":{"uv":[1,10.5,2.25,10.75],"texture":"#0"},"up":{"uv":[1,10.5,2.25,10.75],"texture":"#0"},"down":{"uv":[1,10.5,2.25,10.75],"texture":"#0"}}},{"from":[9.5,5,12.255],"to":[10.5,5.5,12.48],"faces":{"north":{"uv":[1,10.5,1.75,10.75],"texture":"#0"},"east":{"uv":[1,10.5,1.75,10.75],"texture":"#0"},"south":{"uv":[1,10.5,1.75,10.75],"texture":"#0"},"west":{"uv":[1,10.5,1.75,10.75],"texture":"#0"},"up":{"uv":[1,10.5,1.75,10.75],"texture":"#0"},"down":{"uv":[1,10.5,1.75,10.75],"texture":"#0"}}},{"from":[10.5,4.5,12.255],"to":[11.5,5,12.48],"faces":{"north":{"uv":[1,10.5,1.75,10.75],"texture":"#0"},"east":{"uv":[1,10.5,1.75,10.75],"texture":"#0"},"south":{"uv":[1,10.5,1.75,10.75],"texture":"#0"},"west":{"uv":[1,10.5,1.75,10.75],"texture":"#0"},"up":{"uv":[1,10.5,1.75,10.75],"texture":"#0"},"down":{"uv":[1,10.5,1.75,10.75],"texture":"#0"}}},{"from":[3.5,5,12.255],"to":[4.5,5.5,12.48],"faces":{"north":{"uv":[1,10.5,1.75,10.75],"texture":"#0"},"east":{"uv":[1,10.5,1.75,10.75],"texture":"#0"},"south":{"uv":[1,10.5,1.75,10.75],"texture":"#0"},"west":{"uv":[1,10.5,1.75,10.75],"texture":"#0"},"up":{"uv":[1,10.5,1.75,10.75],"texture":"#0"},"down":{"uv":[1,10.5,1.75,10.75],"texture":"#0"}}},{"from":[2.5,4.5,12.255],"to":[3.5,5,12.48],"faces":{"north":{"uv":[1,10.5,1.75,10.75],"texture":"#0"},"east":{"uv":[1,10.5,1.75,10.75],"texture":"#0"},"south":{"uv":[1,10.5,1.75,10.75],"texture":"#0"},"west":{"uv":[1,10.5,1.75,10.75],"texture":"#0"},"up":{"uv":[1,10.5,1.75,10.75],"texture":"#0"},"down":{"uv":[1,10.5,1.75,10.75],"texture":"#0"}}},{"from":[4,4,5],"to":[10,7,11],"rotation":{"angle":0,"axis":"y","origin":[7,5.5,8]},"faces":{"north":{"uv":[7.5,9.5,10.5,11],"texture":"#0"},"east":{"uv":[9,3,12,4.5],"texture":"#0"},"south":{"uv":[9,8,12,9.5],"texture":"#0"},"west":{"uv":[4.5,9.5,7.5,11],"texture":"#0"},"up":{"uv":[7.5,8,4.5,5],"rotation":90,"texture":"#0"},"down":{"uv":[10.5,5,7.5,8],"rotation":270,"texture":"#0"}}},{"from":[2.5,3.999,3.5],"to":[11.5,4,12.5],"rotation":{"angle":0,"axis":"y","origin":[0,-0.151,0]},"faces":{"north":{"uv":[0,0,4.5,0],"texture":"#0"},"east":{"uv":[0,0,4.5,0],"texture":"#0"},"south":{"uv":[0,0,4.5,0],"texture":"#0"},"west":{"uv":[0,0,4.5,0],"texture":"#0"},"up":{"uv":[4.5,4.5,0,0],"texture":"#0"},"down":{"uv":[4.5,4.5,0,9],"texture":"#0"}}},{"from":[2.5,4,3.5],"to":[11.5,9,3.501],"rotation":{"angle":0,"axis":"y","origin":[7,8.5,3.5005]},"faces":{"north":{"uv":[4.5,0,9,2.5],"texture":"#0"},"east":{"uv":[0,0,0,2.5],"texture":"#0"},"south":{"uv":[4.5,2.5,9,5],"texture":"#0"},"west":{"uv":[0,0,0,2.5],"texture":"#0"},"up":{"uv":[4.5,0,0,0],"texture":"#0"},"down":{"uv":[4.5,0,0,0],"texture":"#0"}}},{"from":[2.5,4,3.5],"to":[2.501,7,12.5],"rotation":{"angle":0,"axis":"y","origin":[2.5005,6.5,8]},"faces":{"north":{"uv":[0,0,0,1.5],"texture":"#0"},"east":{"uv":[4.5,8,9,9.5],"texture":"#0"},"south":{"uv":[0,0,0,1.5],"texture":"#0"},"west":{"uv":[0,9,4.5,10.5],"texture":"#0"},"up":{"uv":[0,4.5,0,0],"texture":"#0"},"down":{"uv":[0,0,0,4.5],"texture":"#0"}}},{"from":[2.75,4,3.5],"to":[2.751,7,12.5],"rotation":{"angle":0,"axis":"y","origin":[2.5005,6.5,8]},"faces":{"north":{"uv":[0,0,0,1.5],"texture":"#0"},"east":{"uv":[4.5,8,9,9.5],"texture":"#0"},"south":{"uv":[0,0,0,1.5],"texture":"#0"},"west":{"uv":[0,9,4.5,10.5],"texture":"#0"},"up":{"uv":[0,4.5,0,0],"texture":"#0"},"down":{"uv":[0,0,0,4.5],"texture":"#0"}}},{"from":[2.5,4,12.499],"to":[11.5,6,12.5],"rotation":{"angle":0,"axis":"y","origin":[7,6.5,12.4995]},"faces":{"north":{"uv":[0,10.5,4.5,11.5],"texture":"#0"},"east":{"uv":[0,0,0,1],"texture":"#0"},"south":{"uv":[10.5,4.5,15,5.5],"texture":"#0"},"west":{"uv":[0,0,0,1],"texture":"#0"},"up":{"uv":[4.5,0,0,0],"texture":"#0"},"down":{"uv":[4.5,0,0,0],"texture":"#0"}}},{"from":[2.5,4,12.249],"to":[11.5,6,12.25],"rotation":{"angle":0,"axis":"y","origin":[7,6.5,12.4995]},"faces":{"north":{"uv":[0,10.5,4.5,11.5],"texture":"#0"},"east":{"uv":[0,0,0,1],"texture":"#0"},"south":{"uv":[10.5,4.5,15,5.5],"texture":"#0"},"west":{"uv":[0,0,0,1],"texture":"#0"},"up":{"uv":[4.5,0,0,0],"texture":"#0"},"down":{"uv":[4.5,0,0,0],"texture":"#0"}}},{"from":[11.5,4,3.5],"to":[11.501,7,12.5],"rotation":{"angle":0,"axis":"y","origin":[11.5005,6.5,8]},"faces":{"north":{"uv":[0,0,0,1.5],"texture":"#0"},"east":{"uv":[9,0,13.5,1.5],"texture":"#0"},"south":{"uv":[0,0,0,1.5],"texture":"#0"},"west":{"uv":[9,1.5,13.5,3],"texture":"#0"},"up":{"uv":[0,4.5,0,0],"texture":"#0"},"down":{"uv":[0,0,0,4.5],"texture":"#0"}}},{"from":[11.25,4,3.5],"to":[11.251,7,12.5],"rotation":{"angle":0,"axis":"y","origin":[11.5005,6.5,8]},"faces":{"north":{"uv":[0,0,0,1.5],"texture":"#0"},"east":{"uv":[9,0,13.5,1.5],"texture":"#0"},"south":{"uv":[0,0,0,1.5],"texture":"#0"},"west":{"uv":[9,1.5,13.5,3],"texture":"#0"},"up":{"uv":[0,4.5,0,0],"texture":"#0"},"down":{"uv":[0,0,0,4.5],"texture":"#0"}}}]}