{"display":{"thirdperson_righthand":{"translation":[0,3,1],"scale":[0.55,0.55,0.55]},"thirdperson_lefthand":{"translation":[0,3,1],"scale":[0.55,0.55,0.55]},"firstperson_righthand":{"translation":[1.13,3.2,1.13],"scale":[0.68,0.68,0.68]},"firstperson_lefthand":{"translation":[1.13,3.2,1.13],"scale":[0.68,0.68,0.68]},"ground":{"translation":[0,2,0],"scale":[0.5,0.5,0.5]},"gui":{"rotation":[25,-145.5,0],"translation":[0.25,2.25,0],"scale":[0.7,0.7,0.7]},"head":{"translation":[0,7.5,0.75],"scale":[1.61,1.74344,1.6]},"fixed":{"translation":[0,3,-5]}},"texture_size":[64,64],"textures":{"1":"items/rascal","particle":"items/rascal"},"elements":[{"from":[4,0,3.5],"to":[12,7,11.5],"rotation":{"angle":0,"axis":"y","origin":[-1,0,3.5]},"faces":{"north":{"uv":[6.75,0,8.75,1.75],"texture":"#1"},"east":{"uv":[6.75,1.75,8.75,3.5],"texture":"#1"},"south":{"uv":[6.75,3.5,8.75,5.25],"texture":"#1"},"west":{"uv":[4.5,7.5,6.5,9.25],"texture":"#1"},"up":{"uv":[6.5,7.5,4.5,5.5],"texture":"#1"},"down":{"uv":[8.5,5.5,6.5,7.5],"texture":"#1"}}},{"from":[3.5,-3.5,11.9],"to":[12.5,7.5,11.9],"rotation":{"angle":0,"axis":"y","origin":[-1,0,3.5]},"faces":{"north":{"uv":[0,0,2.25,2.75],"texture":"#1"},"east":{"uv":[0,0,0,2.75],"texture":"#1"},"south":{"uv":[2.25,0,4.5,2.75],"texture":"#1"},"west":{"uv":[0,0,0,2.75],"texture":"#1"},"up":{"uv":[2.25,0,0,0],"texture":"#1"},"down":{"uv":[2.25,0,0,0],"texture":"#1"}}},{"from":[3.5,2.5,3.1],"to":[12.5,7.5,3.1],"rotation":{"angle":0,"axis":"y","origin":[-1,0,3.5]},"faces":{"north":{"uv":[6.5,7.5,8.75,8.75],"texture":"#1"},"east":{"uv":[0,0,0,1.25],"texture":"#1"},"south":{"uv":[0,7.75,2.25,9],"texture":"#1"},"west":{"uv":[0,0,0,1.25],"texture":"#1"},"up":{"uv":[2.25,0,0,0],"texture":"#1"},"down":{"uv":[2.25,0,0,0],"texture":"#1"}}},{"from":[12.5,-3.5,3.1],"to":[12.5,7.5,11.9],"rotation":{"angle":0,"axis":"y","origin":[15,0,3.5]},"faces":{"north":{"uv":[0,0,0,2.75],"texture":"#1"},"east":{"uv":[0,2.75,2.25,5.5],"texture":"#1"},"south":{"uv":[0,0,0,2.75],"texture":"#1"},"west":{"uv":[2.25,2.75,4.5,5.5],"texture":"#1"},"up":{"uv":[0,2.25,0,0],"texture":"#1"},"down":{"uv":[0,0,0,2.25],"texture":"#1"}}},{"from":[3.5,-3.5,3.1],"to":[3.5,7.5,11.9],"rotation":{"angle":0,"axis":"y","origin":[0,0,3.5]},"faces":{"north":{"uv":[0,0,0,2.75],"texture":"#1"},"east":{"uv":[4.5,0,6.75,2.75],"texture":"#1"},"south":{"uv":[0,0,0,2.75],"texture":"#1"},"west":{"uv":[4.5,2.75,6.75,5.5],"texture":"#1"},"up":{"uv":[0,2.25,0,0],"texture":"#1"},"down":{"uv":[0,0,0,2.25],"texture":"#1"}}},{"from":[3.5,7.5,3.1],"to":[12.5,7.5,11.9],"rotation":{"angle":0,"axis":"y","origin":[7,4,8.5]},"faces":{"north":{"uv":[0,0,2.25,0],"texture":"#1"},"east":{"uv":[0,0,2.25,0],"texture":"#1"},"south":{"uv":[0,0,2.25,0],"texture":"#1"},"west":{"uv":[0,0,2.25,0],"texture":"#1"},"up":{"uv":[2.25,7.75,0,5.5],"texture":"#1"},"down":{"uv":[4.5,5.5,2.25,7.75],"texture":"#1"}}}]}