{"display":{"thirdperson_righthand":{"rotation":[38,44,0],"scale":[0.4,0.4,0.4]},"thirdperson_lefthand":{"rotation":[38,44,0],"scale":[0.4,0.4,0.4]},"firstperson_righthand":{"rotation":[-12,0,0],"translation":[1,1,0],"scale":[0.5,0.5,0.5]},"firstperson_lefthand":{"rotation":[-12,0,0],"translation":[1,1,0],"scale":[0.5,0.5,0.5]},"ground":{"translation":[0,2.5,0],"scale":[0.5,0.5,0.5]},"gui":{"rotation":[17,130,0],"translation":[-0.75,-0.25,0],"scale":[0.6,0.6,0.6]},"head":{"translation":[0,10.5,0]},"fixed":{"rotation":[0,90,0],"translation":[-3,0,0],"scale":[0.8,0.8,0.8]}},"texture_size":[64,64],"textures":{"0":"items/santa_hat","particle":"items/santa_hat"},"elements":[{"from":[0,0,0],"to":[16,5,16],"rotation":{"angle":0,"axis":"y","origin":[8,0,0]},"faces":{"north":{"uv":[7.5,5,11.5,6.25],"texture":"#0"},"east":{"uv":[0,8,4,9.25],"texture":"#0"},"south":{"uv":[0,9.25,4,10.5],"texture":"#0"},"west":{"uv":[10,0,14,1.25],"texture":"#0"},"up":{"uv":[4,4,0,0],"texture":"#0"},"down":{"uv":[4,4,0,8],"texture":"#0"}}},{"from":[1,5,1],"to":[15,9,15],"rotation":{"angle":0,"axis":"x","origin":[8,5,0]},"faces":{"north":{"uv":[9.5,10.75,13,11.75],"texture":"#0"},"east":{"uv":[2.5,11.5,6,12.5],"texture":"#0"},"south":{"uv":[11.5,4.25,15,5.25],"texture":"#0"},"west":{"uv":[11.5,5.25,15,6.25],"texture":"#0"},"up":{"uv":[7.5,3.5,4,0],"texture":"#0"},"down":{"uv":[7.5,3.5,4,7],"texture":"#0"}}},{"from":[2,10.14805,3.22836],"to":[14,16.14805,15.22836],"rotation":{"angle":22.5,"axis":"x","origin":[8,10.14805,0.22836]},"faces":{"north":{"uv":[10,1.25,13,2.75],"texture":"#0"},"east":{"uv":[10,2.75,13,4.25],"texture":"#0"},"south":{"uv":[4,10,7,11.5],"texture":"#0"},"west":{"uv":[10,6.25,13,7.75],"texture":"#0"},"up":{"uv":[7,10,4,7],"texture":"#0"},"down":{"uv":[10,7,7,10],"texture":"#0"}}},{"from":[3,16.07881,8.76057],"to":[13,22.07881,18.76057],"rotation":{"angle":45,"axis":"x","origin":[8,17.07881,3.76057]},"faces":{"north":{"uv":[7,10,9.5,11.5],"texture":"#0"},"east":{"uv":[10,7.75,12.5,9.25],"texture":"#0"},"south":{"uv":[10,9.25,12.5,10.75],"texture":"#0"},"west":{"uv":[0,10.5,2.5,12],"texture":"#0"},"up":{"uv":[10,2.5,7.5,0],"texture":"#0"},"down":{"uv":[10,2.5,7.5,5],"texture":"#0"}}},{"from":[6,10.25307,10.85996],"to":[10,15.25307,19.85996],"rotation":{"angle":0,"axis":"x","origin":[7,23.25307,10.85996]},"faces":{"north":{"uv":[12.5,11.75,13.5,13],"texture":"#0"},"east":{"uv":[6,11.5,8.25,12.75],"texture":"#0"},"south":{"uv":[6,12.75,7,14],"texture":"#0"},"west":{"uv":[8.25,11.75,10.5,13],"texture":"#0"},"up":{"uv":[11.5,14,10.5,11.75],"texture":"#0"},"down":{"uv":[12.5,11.75,11.5,14],"texture":"#0"}}},{"from":[5,6.25307,11.85996],"to":[11,12.25307,17.85996],"rotation":{"angle":-45,"axis":"x","origin":[6,18.25307,12.85996]},"faces":{"north":{"uv":[0,12,1.5,13.5],"texture":"#0"},"east":{"uv":[1.5,12.5,3,14],"texture":"#0"},"south":{"uv":[3,12.5,4.5,14],"texture":"#0"},"west":{"uv":[4.5,12.5,6,14],"texture":"#0"},"up":{"uv":[14,9.25,12.5,7.75],"texture":"#0"},"down":{"uv":[14,9.25,12.5,10.75],"texture":"#0"}}}],"gui_light":"front"}