{"display":{"thirdperson_righthand":{"translation":[0,3,1],"scale":[0.55,0.55,0.55]},"thirdperson_lefthand":{"translation":[0,3,1],"scale":[0.55,0.55,0.55]},"firstperson_righthand":{"translation":[1.13,3.2,1.13],"scale":[0.68,0.68,0.68]},"firstperson_lefthand":{"translation":[1.13,3.2,1.13],"scale":[0.68,0.68,0.68]},"ground":{"translation":[0,2,0],"scale":[0.5,0.5,0.5]},"gui":{"rotation":[25,-145.5,0],"translation":[0.25,2.25,0],"scale":[0.7,0.7,0.7]},"head":{"translation":[0,6.75,0],"scale":[1.7,1.7,1.7]},"fixed":{"translation":[0,3,-5]}},"texture_size":[32,32],"textures":{"0":"items/tuff_golem","particle":"items/tuff_golem"},"elements":[{"from":[4,0,4],"to":[12,8,12],"faces":{"north":{"uv":[0,0,4,4],"texture":"#0"},"east":{"uv":[0,4,4,8],"texture":"#0"},"south":{"uv":[4,0,8,4],"texture":"#0"},"west":{"uv":[4,4,8,8],"texture":"#0"},"up":{"uv":[4,12,0,8],"texture":"#0"},"down":{"uv":[12,0,8,4],"texture":"#0"}}},{"from":[7,1,2],"to":[9,4,4],"faces":{"north":{"uv":[4,8,5,9.5],"texture":"#0"},"east":{"uv":[8,4,9,5.5],"texture":"#0"},"south":{"uv":[5,8,6,9.5],"texture":"#0"},"west":{"uv":[8,5.5,9,7],"texture":"#0"},"up":{"uv":[7,9,6,8],"texture":"#0"},"down":{"uv":[8,8,7,9],"texture":"#0"}}}]}