{"textures":{"0":"pets/bulbcacti","1":"pets/bulbwitherrose"},"elements":[{"name":"cube","from":[4.3999996,6.8,4.3999996],"to":[11.6,11.6,10.4],"rotation":{"angle":0.0,"axis":"x","origin":[8.0,11.0,7.4]},"faces":{"down":{"uv":[6.0,3.5,3.0,6.0],"rotation":0,"texture":"#1","tintindex":0},"east":{"uv":[6.0,2.0,8.5,4.0],"rotation":0,"texture":"#1","tintindex":0},"north":{"uv":[5.0,0.0,8.0,2.0],"rotation":0,"texture":"#1","tintindex":0},"south":{"uv":[0.0,6.0,3.0,8.0],"rotation":0,"texture":"#1","tintindex":0},"up":{"uv":[3.0,6.0,0.0,3.5],"rotation":0,"texture":"#1","tintindex":0},"west":{"uv":[3.0,6.0,5.5,8.0],"rotation":0,"texture":"#1","tintindex":0}}},{"name":"cube","from":[9.2,9.2,3.7999997],"to":[11.0,11.0,4.3999996],"rotation":{"angle":0.0,"axis":"x","origin":[8.0,11.0,7.4]},"faces":{"down":{"uv":[6.75,5.75,6.0,6.0],"rotation":0,"texture":"#1","tintindex":0},"east":{"uv":[8.0,8.5,8.25,9.25],"rotation":0,"texture":"#1","tintindex":0},"north":{"uv":[8.0,1.25,8.75,2.0],"rotation":0,"texture":"#1","tintindex":0},"south":{"uv":[8.25,6.75,9.0,7.5],"rotation":0,"texture":"#1","tintindex":0},"up":{"uv":[6.75,5.75,6.0,5.5],"rotation":0,"texture":"#1","tintindex":0},"west":{"uv":[8.75,1.25,9.0,2.0],"rotation":0,"texture":"#1","tintindex":0}}},{"name":"cube","from":[5.0,9.2,3.7999997],"to":[6.8,11.0,4.3999996],"rotation":{"angle":0.0,"axis":"x","origin":[8.0,11.0,7.4]},"faces":{"down":{"uv":[6.0,5.75,6.75,6.0],"rotation":0,"texture":"#1","tintindex":0},"east":{"uv":[9.0,1.25,8.75,2.0],"rotation":0,"texture":"#1","tintindex":0},"north":{"uv":[8.75,1.25,8.0,2.0],"rotation":0,"texture":"#1","tintindex":0},"south":{"uv":[9.0,6.75,8.25,7.5],"rotation":0,"texture":"#1","tintindex":0},"up":{"uv":[6.0,5.75,6.75,5.5],"rotation":0,"texture":"#1","tintindex":0},"west":{"uv":[8.25,8.5,8.0,9.25],"rotation":0,"texture":"#1","tintindex":0}}}],"display":{"head":{"translation":[0.0,-6.4,0.0],"rotation":[0.0,0.0,0.0],"scale":[3.8095,3.8095,3.8095]}}}