{"textures":{"0":"pets/bulbcacti","1":"pets/bulbwitherrose"},"elements":[{"name":"cube","from":[7.4,5.0,7.1],"to":[8.6,8.0,8.9],"rotation":{"angle":0.0,"axis":"x","origin":[12.2,9.2,7.7]},"faces":{"down":{"uv":[8.5,2.75,9.0,3.5],"rotation":0,"texture":"#1","tintindex":0},"east":{"uv":[5.5,8.0,4.75,9.25],"rotation":0,"texture":"#1","tintindex":0},"north":{"uv":[7.0,7.5,6.5,8.75],"rotation":0,"texture":"#1","tintindex":0},"south":{"uv":[8.75,5.5,8.25,6.75],"rotation":0,"texture":"#1","tintindex":0},"up":{"uv":[8.5,2.75,9.0,2.0],"rotation":0,"texture":"#1","tintindex":0},"west":{"uv":[4.75,8.0,4.0,9.25],"rotation":0,"texture":"#1","tintindex":0}}}],"display":{"head":{"translation":[0.0,-6.4,0.0],"rotation":[0.0,0.0,0.0],"scale":[3.8095,3.8095,3.8095]}}}