{"textures":{"0":"pets/bulbcacti","1":"pets/bulbwitherrose"},"elements":[{"name":"cube","from":[7.4,6.2,7.4],"to":[8.6,8.0,9.2],"rotation":{"angle":0.0,"axis":"x","origin":[6.2,11.6,8.0]},"faces":{"down":{"uv":[8.0,8.5,7.5,9.25],"rotation":0,"texture":"#1","tintindex":0},"east":{"uv":[8.25,7.5,9.0,8.25],"rotation":0,"texture":"#1","tintindex":0},"north":{"uv":[8.5,3.5,9.0,4.25],"rotation":0,"texture":"#1","tintindex":0},"south":{"uv":[8.5,4.25,9.0,5.0],"rotation":0,"texture":"#1","tintindex":0},"up":{"uv":[7.5,9.25,7.0,8.5],"rotation":0,"texture":"#1","tintindex":0},"west":{"uv":[8.25,8.25,9.0,9.0],"rotation":0,"texture":"#1","tintindex":0}}}],"display":{"head":{"translation":[0.0,-6.4,0.0],"rotation":[0.0,0.0,0.0],"scale":[3.8095,3.8095,3.8095]}}}