{"textures":{"0":"pets/bulbcacti","1":"pets/bulbwitherrose"},"elements":[{"name":"cube","from":[6.8326893,10.23156,2.8999999],"to":[9.232689,13.831559,5.8999996],"rotation":{"angle":0.0,"axis":"x","origin":[8.6326885,1.8315593,8.3]},"faces":{"down":{"uv":[1.0,8.0,0.0,9.25],"rotation":0,"texture":"#1","tintindex":0},"east":{"uv":[7.0,5.5,8.25,7.0],"rotation":0,"texture":"#1","tintindex":0},"north":{"uv":[5.0,2.0,6.0,3.5],"rotation":0,"texture":"#1","tintindex":0},"south":{"uv":[7.5,4.0,8.5,5.5],"rotation":0,"texture":"#1","tintindex":0},"up":{"uv":[6.5,8.75,5.5,7.5],"rotation":0,"texture":"#1","tintindex":0},"west":{"uv":[7.0,7.0,8.25,8.5],"rotation":0,"texture":"#1","tintindex":0}}},{"name":"cube","from":[8.032689,7.8315597,4.1],"to":[8.032689,16.23156,10.1],"rotation":{"angle":0.0,"axis":"x","origin":[8.6326885,1.8315593,8.3]},"faces":{"down":{"uv":[0.0,0.0,0.0,2.5],"rotation":0,"texture":"#1","tintindex":0},"east":{"uv":[5.0,0.0,2.5,3.5],"rotation":0,"texture":"#1","tintindex":0},"north":{"uv":[0.0,0.0,0.0,3.5],"rotation":0,"texture":"#1","tintindex":0},"south":{"uv":[0.0,0.0,0.0,3.5],"rotation":0,"texture":"#1","tintindex":0},"up":{"uv":[0.0,2.5,0.0,0.0],"rotation":0,"texture":"#1","tintindex":0},"west":{"uv":[2.5,0.0,5.0,3.5],"rotation":0,"texture":"#1","tintindex":0}}},{"name":"cube","from":[8.032689,7.8315597,6.5],"to":[8.032689,11.43156,10.1],"rotation":{"angle":45.0,"axis":"z","origin":[8.032689,7.8315597,8.3]},"faces":{"down":{"uv":[0.0,0.0,0.0,1.5],"rotation":0,"texture":"#1","tintindex":0},"east":{"uv":[6.0,4.0,7.5,5.5],"rotation":0,"texture":"#1","tintindex":0},"north":{"uv":[0.0,0.0,0.0,1.5],"rotation":0,"texture":"#1","tintindex":0},"south":{"uv":[0.0,0.0,0.0,1.5],"rotation":0,"texture":"#1","tintindex":0},"up":{"uv":[0.0,1.5,0.0,0.0],"rotation":0,"texture":"#1","tintindex":0},"west":{"uv":[7.5,4.0,6.0,5.5],"rotation":0,"texture":"#1","tintindex":0}}},{"name":"cube","from":[8.032689,11.43156,7.1],"to":[10.43269,11.43156,10.1],"rotation":{"angle":22.5,"axis":"z","origin":[8.032689,11.43156,8.6]},"faces":{"down":{"uv":[9.0,0.0,8.0,1.25],"rotation":0,"texture":"#1","tintindex":0},"east":{"uv":[0.0,0.0,1.25,0.0],"rotation":0,"texture":"#1","tintindex":0},"north":{"uv":[0.0,0.0,1.0,0.0],"rotation":0,"texture":"#1","tintindex":0},"south":{"uv":[0.0,0.0,1.0,0.0],"rotation":0,"texture":"#1","tintindex":0},"up":{"uv":[9.0,1.25,8.0,0.0],"rotation":0,"texture":"#1","tintindex":0},"west":{"uv":[0.0,0.0,1.25,0.0],"rotation":0,"texture":"#1","tintindex":0}}},{"name":"cube","from":[10.25,12.349999,7.1],"to":[12.650001,12.349999,10.1],"rotation":{"angle":-45.0,"axis":"z","origin":[10.25,12.349999,8.6]},"faces":{"down":{"uv":[3.0,8.0,2.0,9.25],"rotation":0,"texture":"#1","tintindex":0},"east":{"uv":[0.0,0.0,1.25,0.0],"rotation":0,"texture":"#1","tintindex":0},"north":{"uv":[0.0,0.0,1.0,0.0],"rotation":0,"texture":"#1","tintindex":0},"south":{"uv":[0.0,0.0,1.0,0.0],"rotation":0,"texture":"#1","tintindex":0},"up":{"uv":[3.0,9.25,2.0,8.0],"rotation":0,"texture":"#1","tintindex":0},"west":{"uv":[0.0,0.0,1.25,0.0],"rotation":0,"texture":"#1","tintindex":0}}},{"name":"cube","from":[9.408001,14.255401,2.8999999],"to":[11.208001,14.255401,5.8999996],"rotation":{"angle":-45.0,"axis":"z","origin":[8.808001,14.255401,4.3999996]},"faces":{"down":{"uv":[2.75,8.0,2.0,9.25],"rotation":0,"texture":"#1","tintindex":0},"east":{"uv":[0.0,0.0,1.25,0.0],"rotation":0,"texture":"#1","tintindex":0},"north":{"uv":[0.0,0.0,1.0,0.0],"rotation":0,"texture":"#1","tintindex":0},"south":{"uv":[0.0,0.0,1.0,0.0],"rotation":0,"texture":"#1","tintindex":0},"up":{"uv":[2.75,9.25,2.0,8.0],"rotation":0,"texture":"#1","tintindex":0},"west":{"uv":[0.0,0.0,1.25,0.0],"rotation":0,"texture":"#1","tintindex":0}}},{"name":"cube","from":[4.857377,14.255401,2.8999999],"to":[6.6573772,14.255401,5.8999996],"rotation":{"angle":45.0,"axis":"z","origin":[7.2573776,14.255401,4.3999996]},"faces":{"down":{"uv":[2.0,8.0,2.75,9.25],"rotation":0,"texture":"#1","tintindex":0},"east":{"uv":[1.25,0.0,0.0,0.0],"rotation":0,"texture":"#1","tintindex":0},"north":{"uv":[1.0,0.0,0.0,0.0],"rotation":0,"texture":"#1","tintindex":0},"south":{"uv":[1.0,0.0,0.0,0.0],"rotation":0,"texture":"#1","tintindex":0},"up":{"uv":[2.0,9.25,2.75,8.0],"rotation":0,"texture":"#1","tintindex":0},"west":{"uv":[1.25,0.0,0.0,0.0],"rotation":0,"texture":"#1","tintindex":0}}},{"name":"cube","from":[6.532689,14.255401,0.92468834],"to":[9.532689,14.255401,2.7246878],"rotation":{"angle":-45.0,"axis":"x","origin":[7.7326894,14.255401,3.324688]},"faces":{"down":{"uv":[2.0,8.0,2.75,9.25],"rotation":270,"texture":"#1","tintindex":0},"east":{"uv":[1.0,0.0,0.0,0.0],"rotation":0,"texture":"#1","tintindex":0},"north":{"uv":[1.25,0.0,0.0,0.0],"rotation":0,"texture":"#1","tintindex":0},"south":{"uv":[1.25,0.0,0.0,0.0],"rotation":0,"texture":"#1","tintindex":0},"up":{"uv":[2.0,9.25,2.75,8.0],"rotation":90,"texture":"#1","tintindex":0},"west":{"uv":[1.0,0.0,0.0,0.0],"rotation":0,"texture":"#1","tintindex":0}}},{"name":"cube","from":[6.532689,14.255824,6.075736],"to":[9.532689,14.255824,7.875736],"rotation":{"angle":45.0,"axis":"x","origin":[7.432689,14.255824,5.4757357]},"faces":{"down":{"uv":[2.75,8.0,2.0,9.25],"rotation":270,"texture":"#1","tintindex":0},"east":{"uv":[0.0,0.0,1.0,0.0],"rotation":0,"texture":"#1","tintindex":0},"north":{"uv":[0.0,0.0,1.25,0.0],"rotation":0,"texture":"#1","tintindex":0},"south":{"uv":[0.0,0.0,1.25,0.0],"rotation":0,"texture":"#1","tintindex":0},"up":{"uv":[2.75,9.25,2.0,8.0],"rotation":90,"texture":"#1","tintindex":0},"west":{"uv":[0.0,0.0,1.0,0.0],"rotation":0,"texture":"#1","tintindex":0}}}],"display":{"head":{"translation":[0.0,-6.4,0.0],"rotation":[0.0,0.0,0.0],"scale":[3.8095,3.8095,3.8095]}}}