{"display":{"thirdperson_righthand":{"rotation":[40,0,0],"translation":[0,-12,-11]},"thirdperson_lefthand":{"rotation":[40,0,0],"translation":[0,-12,-11]},"firstperson_righthand":{"translation":[0,-16,0]},"firstperson_lefthand":{"translation":[0,-18,0]},"gui":{"translation":[0,-8,0],"scale":[0.6,0.6,0.6]},"fixed":{"translation":[0,-13,0]}},"parent":"shield","texture_size":[32,32],"textures":{"0":"armor/silverknight/shield","particle":"armor/silverknight/shield"},"elements":[{"from":[7,21,6],"to":[9,27,12],"faces":{"north":{"uv":[6,10,7,13],"texture":"#0"},"east":{"uv":[0,10,3,13],"texture":"#0"},"south":{"uv":[7,10,8,13],"texture":"#0"},"west":{"uv":[3,10,6,13],"texture":"#0"},"up":{"uv":[9,13,8,10],"texture":"#0"},"down":{"uv":[10,10,9,13],"texture":"#0"}}},{"from":[7.1,21.1,5.575],"to":[8.9,22.9,6.375],"rotation":{"angle":0,"axis":"y","origin":[0,-2,0]},"faces":{"north":{"uv":[1,13,2,14],"texture":"#0"},"east":{"uv":[13,13,13.5,14],"texture":"#0"},"south":{"uv":[2,13,3,14],"texture":"#0"},"west":{"uv":[7,13.5,7.5,14.5],"texture":"#0"},"up":{"uv":[8.5,14,7.5,13.5],"texture":"#0"},"down":{"uv":[9.5,13.5,8.5,14],"texture":"#0"}}},{"from":[7.5,21.5,5.225],"to":[8.5,22.5,6.225],"rotation":{"angle":0,"axis":"y","origin":[0,-2,0]},"faces":{"north":{"uv":[14.5,8.5,15,9],"texture":"#0"},"east":{"uv":[10.5,14.5,11,15],"texture":"#0"},"south":{"uv":[11,14.5,11.5,15],"texture":"#0"},"west":{"uv":[14.5,11,15,11.5],"texture":"#0"},"up":{"uv":[12,15,11.5,14.5],"texture":"#0"},"down":{"uv":[15,11.5,14.5,12],"texture":"#0"}}},{"from":[6.5,31,5.475],"to":[9.5,32,6.475],"rotation":{"angle":0,"axis":"y","origin":[15.5,0,0]},"faces":{"north":{"uv":[7,13,8.5,13.5],"texture":"#0"},"east":{"uv":[12,14.5,12.5,15],"texture":"#0"},"south":{"uv":[8.5,13,10,13.5],"texture":"#0"},"west":{"uv":[14.5,12,15,12.5],"texture":"#0"},"up":{"uv":[14.5,10.5,13,10],"texture":"#0"},"down":{"uv":[14.5,10.5,13,11],"texture":"#0"}}},{"from":[6.5,10,5.475],"to":[9.5,11,6.475],"rotation":{"angle":0,"axis":"y","origin":[15.5,-21,0]},"faces":{"north":{"uv":[13,11,14.5,11.5],"texture":"#0"},"east":{"uv":[12.5,14.5,13,15],"texture":"#0"},"south":{"uv":[13,11.5,14.5,12],"texture":"#0"},"west":{"uv":[14.5,12.5,15,13],"texture":"#0"},"up":{"uv":[14.5,12.5,13,12],"texture":"#0"},"down":{"uv":[14.5,12.5,13,13],"texture":"#0"}}},{"from":[9.5,30,5.475],"to":[11.5,31,6.475],"rotation":{"angle":0,"axis":"y","origin":[-1.5,0,0]},"faces":{"north":{"uv":[13.5,13,14.5,13.5],"texture":"#0"},"east":{"uv":[13,14.5,13.5,15],"texture":"#0"},"south":{"uv":[13.5,13.5,14.5,14],"texture":"#0"},"west":{"uv":[14.5,13,15,13.5],"texture":"#0"},"up":{"uv":[15,0.5,14,0],"texture":"#0"},"down":{"uv":[15,0.5,14,1],"texture":"#0"}}},{"from":[11.5,29,5.475],"to":[13.5,30,6.475],"rotation":{"angle":0,"axis":"y","origin":[-1.5,0,0]},"faces":{"north":{"uv":[1,14,2,14.5],"texture":"#0"},"east":{"uv":[13.5,14.5,14,15],"texture":"#0"},"south":{"uv":[14,1,15,1.5],"texture":"#0"},"west":{"uv":[14.5,13.5,15,14],"texture":"#0"},"up":{"uv":[15,2,14,1.5],"texture":"#0"},"down":{"uv":[3,14,2,14.5],"texture":"#0"}}},{"from":[13.5,30,5.475],"to":[15.5,31,6.475],"rotation":{"angle":0,"axis":"y","origin":[-0.5,2,0]},"faces":{"north":{"uv":[14,2,15,2.5],"texture":"#0"},"east":{"uv":[14,14.5,14.5,15],"texture":"#0"},"south":{"uv":[14,2.5,15,3],"texture":"#0"},"west":{"uv":[14.5,14.5,15,15],"texture":"#0"},"up":{"uv":[15,3.5,14,3],"texture":"#0"},"down":{"uv":[15,3.5,14,4],"texture":"#0"}}},{"from":[9.5,11,5.475],"to":[10.5,12,6.475],"rotation":{"angle":0,"axis":"y","origin":[-1.5,10,0]},"faces":{"north":{"uv":[15,0,15.5,0.5],"texture":"#0"},"east":{"uv":[15,0.5,15.5,1],"texture":"#0"},"south":{"uv":[1,15,1.5,15.5],"texture":"#0"},"west":{"uv":[15,1,15.5,1.5],"texture":"#0"},"up":{"uv":[2,15.5,1.5,15],"texture":"#0"},"down":{"uv":[15.5,1.5,15,2],"texture":"#0"}}},{"from":[10.5,12,5.475],"to":[11.5,13,6.475],"rotation":{"angle":0,"axis":"y","origin":[-0.5,11,0]},"faces":{"north":{"uv":[2,15,2.5,15.5],"texture":"#0"},"east":{"uv":[15,2,15.5,2.5],"texture":"#0"},"south":{"uv":[2.5,15,3,15.5],"texture":"#0"},"west":{"uv":[15,2.5,15.5,3],"texture":"#0"},"up":{"uv":[3.5,15.5,3,15],"texture":"#0"},"down":{"uv":[15.5,3,15,3.5],"texture":"#0"}}},{"from":[11.5,13,5.475],"to":[12.5,15,6.475],"rotation":{"angle":0,"axis":"y","origin":[0.5,12,0]},"faces":{"north":{"uv":[9.5,13.5,10,14.5],"texture":"#0"},"east":{"uv":[14,4,14.5,5],"texture":"#0"},"south":{"uv":[14,5,14.5,6],"texture":"#0"},"west":{"uv":[14,6,14.5,7],"texture":"#0"},"up":{"uv":[4,15.5,3.5,15],"texture":"#0"},"down":{"uv":[15.5,3.5,15,4],"texture":"#0"}}},{"from":[12.5,15,5.475],"to":[13.5,17,6.475],"rotation":{"angle":0,"axis":"y","origin":[1.5,14,0]},"faces":{"north":{"uv":[14,7,14.5,8],"texture":"#0"},"east":{"uv":[7.5,14,8,15],"texture":"#0"},"south":{"uv":[8,14,8.5,15],"texture":"#0"},"west":{"uv":[14,8,14.5,9],"texture":"#0"},"up":{"uv":[4.5,15.5,4,15],"texture":"#0"},"down":{"uv":[5,15,4.5,15.5],"texture":"#0"}}},{"from":[13.5,17,5.475],"to":[14.5,21,6.475],"rotation":{"angle":0,"axis":"y","origin":[2.5,16,0]},"faces":{"north":{"uv":[3,13,3.5,15],"texture":"#0"},"east":{"uv":[3.5,13,4,15],"texture":"#0"},"south":{"uv":[4,13,4.5,15],"texture":"#0"},"west":{"uv":[4.5,13,5,15],"texture":"#0"},"up":{"uv":[5.5,15.5,5,15],"texture":"#0"},"down":{"uv":[6,15,5.5,15.5],"texture":"#0"}}},{"from":[14.5,21,5.475],"to":[15.5,30,6.475],"rotation":{"angle":0,"axis":"y","origin":[-0.5,19,0]},"faces":{"north":{"uv":[10,10,10.5,14.5],"texture":"#0"},"east":{"uv":[10.5,10,11,14.5],"texture":"#0"},"south":{"uv":[11,10,11.5,14.5],"texture":"#0"},"west":{"uv":[11.5,10,12,14.5],"texture":"#0"},"up":{"uv":[6.5,15.5,6,15],"texture":"#0"},"down":{"uv":[7,15,6.5,15.5],"texture":"#0"}}},{"from":[0.5,30,5.475],"to":[2.5,31,6.475],"rotation":{"angle":0,"axis":"y","origin":[16.5,2,0]},"faces":{"north":{"uv":[8.5,14,9.5,14.5],"texture":"#0"},"east":{"uv":[15,6.5,15.5,7],"texture":"#0"},"south":{"uv":[14,9,15,9.5],"texture":"#0"},"west":{"uv":[15,7,15.5,7.5],"texture":"#0"},"up":{"uv":[15,10,14,9.5],"texture":"#0"},"down":{"uv":[14,14,13,14.5],"texture":"#0"}}},{"from":[2.5,29,5.475],"to":[4.5,30,6.475],"rotation":{"angle":0,"axis":"y","origin":[17.5,0,0]},"faces":{"north":{"uv":[14,14,15,14.5],"texture":"#0"},"east":{"uv":[7.5,15,8,15.5],"texture":"#0"},"south":{"uv":[1,14.5,2,15],"texture":"#0"},"west":{"uv":[15,7.5,15.5,8],"texture":"#0"},"up":{"uv":[3,15,2,14.5],"texture":"#0"},"down":{"uv":[15.5,4,14.5,4.5],"texture":"#0"}}},{"from":[4.5,30,5.475],"to":[6.5,31,6.475],"rotation":{"angle":0,"axis":"y","origin":[17.5,0,0]},"faces":{"north":{"uv":[14.5,4.5,15.5,5],"texture":"#0"},"east":{"uv":[8,15,8.5,15.5],"texture":"#0"},"south":{"uv":[14.5,5,15.5,5.5],"texture":"#0"},"west":{"uv":[15,8,15.5,8.5],"texture":"#0"},"up":{"uv":[15.5,6,14.5,5.5],"texture":"#0"},"down":{"uv":[15.5,6,14.5,6.5],"texture":"#0"}}},{"from":[0.5,21,5.475],"to":[1.5,30,6.475],"rotation":{"angle":0,"axis":"y","origin":[16.5,19,0]},"faces":{"north":{"uv":[12,10,12.5,14.5],"texture":"#0"},"east":{"uv":[12.5,10,13,14.5],"texture":"#0"},"south":{"uv":[0,13,0.5,17.5],"texture":"#0"},"west":{"uv":[0.5,13,1,17.5],"texture":"#0"},"up":{"uv":[15.5,9,15,8.5],"texture":"#0"},"down":{"uv":[15.5,9,15,9.5],"texture":"#0"}}},{"from":[1.5,17,5.475],"to":[2.5,21,6.475],"rotation":{"angle":0,"axis":"y","origin":[13.5,16,0]},"faces":{"north":{"uv":[5,13,5.5,15],"texture":"#0"},"east":{"uv":[5.5,13,6,15],"texture":"#0"},"south":{"uv":[6,13,6.5,15],"texture":"#0"},"west":{"uv":[6.5,13,7,15],"texture":"#0"},"up":{"uv":[15.5,10,15,9.5],"texture":"#0"},"down":{"uv":[15.5,10,15,10.5],"texture":"#0"}}},{"from":[2.5,15,5.475],"to":[3.5,17,6.475],"rotation":{"angle":0,"axis":"y","origin":[14.5,14,0]},"faces":{"north":{"uv":[14.5,6.5,15,7.5],"texture":"#0"},"east":{"uv":[7,14.5,7.5,15.5],"texture":"#0"},"south":{"uv":[14.5,7.5,15,8.5],"texture":"#0"},"west":{"uv":[8.5,14.5,9,15.5],"texture":"#0"},"up":{"uv":[11,15.5,10.5,15],"texture":"#0"},"down":{"uv":[15.5,10.5,15,11],"texture":"#0"}}},{"from":[3.5,13,5.475],"to":[4.5,15,6.475],"rotation":{"angle":0,"axis":"y","origin":[15.5,12,0]},"faces":{"north":{"uv":[9,14.5,9.5,15.5],"texture":"#0"},"east":{"uv":[9.5,14.5,10,15.5],"texture":"#0"},"south":{"uv":[10,14.5,10.5,15.5],"texture":"#0"},"west":{"uv":[14.5,10,15,11],"texture":"#0"},"up":{"uv":[11.5,15.5,11,15],"texture":"#0"},"down":{"uv":[15.5,11,15,11.5],"texture":"#0"}}},{"from":[4.5,12,5.475],"to":[5.5,13,6.475],"rotation":{"angle":0,"axis":"y","origin":[16.5,11,0]},"faces":{"north":{"uv":[11.5,15,12,15.5],"texture":"#0"},"east":{"uv":[15,11.5,15.5,12],"texture":"#0"},"south":{"uv":[12,15,12.5,15.5],"texture":"#0"},"west":{"uv":[15,12,15.5,12.5],"texture":"#0"},"up":{"uv":[13,15.5,12.5,15],"texture":"#0"},"down":{"uv":[15.5,12.5,15,13],"texture":"#0"}}},{"from":[5.5,11,5.475],"to":[6.5,12,6.475],"rotation":{"angle":0,"axis":"y","origin":[17.5,10,0]},"faces":{"north":{"uv":[13,15,13.5,15.5],"texture":"#0"},"east":{"uv":[15,13,15.5,13.5],"texture":"#0"},"south":{"uv":[13.5,15,14,15.5],"texture":"#0"},"west":{"uv":[15,13.5,15.5,14],"texture":"#0"},"up":{"uv":[14.5,15.5,14,15],"texture":"#0"},"down":{"uv":[15.5,14,15,14.5],"texture":"#0"}}},{"from":[1,11,5.975],"to":[15,31,5.975],"faces":{"north":{"uv":[0,0,7,10],"texture":"#0"},"east":{"uv":[0,0,0,10],"texture":"#0"},"south":{"uv":[7,0,14,10],"texture":"#0"},"west":{"uv":[0,0,0,10],"texture":"#0"},"up":{"uv":[7,0,0,0],"texture":"#0"},"down":{"uv":[7,0,0,0],"texture":"#0"}}}]}