{"display":{"thirdperson_righthand":{"rotation":[67,0,0],"translation":[0,-7,-14]},"thirdperson_lefthand":{"rotation":[67,0,0],"translation":[0,-7,-14]},"firstperson_righthand":{"rotation":[0,0,-4],"translation":[-5,-17.25,7]},"firstperson_lefthand":{"rotation":[0,0,-4],"translation":[-5,-16,7]},"ground":{"translation":[0,-12.75,0]},"gui":{"rotation":[0,-180,0],"translation":[0,-13.5,0],"scale":[0.9,0.9,0.9]},"fixed":{"translation":[0,-15.25,1.75]}},"texture_size":[64,64],"textures":{"0":"armor/paladin/paladin_shield","particle":"armor/paladin/paladin_shield"},"elements":[{"from":[7,21,6],"to":[9,27,12],"faces":{"north":{"uv":[3.5,2.75,4,4.25],"texture":"#0"},"east":{"uv":[0,2.75,1.5,4.25],"texture":"#0"},"south":{"uv":[4.25,2.75,4.75,4.25],"texture":"#0"},"west":{"uv":[1.75,2.75,3.25,4.25],"texture":"#0"},"up":{"uv":[0.5,6,0,4.5],"texture":"#0"},"down":{"uv":[5,0,4.5,1.5],"texture":"#0"}}},{"from":[4,21.1,5],"to":[12,31,6],"rotation":{"angle":0,"axis":"y","origin":[0,12,-4]},"faces":{"north":{"uv":[0,0,2,2.5],"texture":"#0"},"east":{"uv":[0.75,4.5,1,7],"texture":"#0"},"south":{"uv":[2.25,0,4.25,2.5],"texture":"#0"},"west":{"uv":[1.25,4.5,1.5,7],"texture":"#0"},"up":{"uv":[3.75,4.75,1.75,4.5],"texture":"#0"},"down":{"uv":[6.5,1.75,4.5,2],"texture":"#0"}}},{"from":[4.25,20.21,5],"to":[11.75,21.11,6],"rotation":{"angle":0,"axis":"y","origin":[0,12,-4]},"faces":{"north":{"uv":[4.5,2.25,6.5,2.5],"texture":"#0"},"east":{"uv":[0,7.5,0.25,7.75],"texture":"#0"},"south":{"uv":[4,4.5,6,4.75],"texture":"#0"},"west":{"uv":[3.25,7.5,3.5,7.75],"texture":"#0"},"up":{"uv":[3.75,5.25,1.75,5],"texture":"#0"},"down":{"uv":[7,2.75,5,3],"texture":"#0"}}},{"from":[4.65,19.32,5],"to":[11.35,20.22,6],"rotation":{"angle":0,"axis":"y","origin":[0,12,-4]},"faces":{"north":{"uv":[5,3.25,6.75,3.5],"texture":"#0"},"east":{"uv":[3.25,7.5,3.5,7.75],"texture":"#0"},"south":{"uv":[5,3.75,6.75,4],"texture":"#0"},"west":{"uv":[3.25,7.5,3.5,7.75],"texture":"#0"},"up":{"uv":[6.75,5.25,5,5],"texture":"#0"},"down":{"uv":[7,0,5.25,0.25],"texture":"#0"}}},{"from":[3.4,21.9,4.7],"to":[4,29.95,6.3],"rotation":{"angle":0,"axis":"y","origin":[4,19.85,5.5]},"faces":{"north":{"uv":[0.25,8,0.5,10.75],"texture":"#0"},"east":{"uv":[1.75,5.25,2,8],"texture":"#0"},"south":{"uv":[0.75,8,1,10.75],"texture":"#0"},"west":{"uv":[2.25,5.25,2.5,8],"texture":"#0"},"up":{"uv":[8,0.75,8.25,0.5],"texture":"#0"},"down":{"uv":[8,1,8.25,1.25],"texture":"#0"}}},{"from":[7.7,15.4,4.8],"to":[8.3,31.05,5.4],"rotation":{"angle":0,"axis":"y","origin":[4,19.85,5.5]},"faces":{"north":{"uv":[15.25,2.875,15,8.4375],"texture":"#0"},"east":{"uv":[14.5,2.875,14.25,8.4375],"texture":"#0"},"south":{"uv":[14.75,2.875,15,8.4375],"texture":"#0"},"west":{"uv":[14.5,2.875,14.75,8.4375],"texture":"#0"},"up":{"uv":[6,4.25,6,4.25],"texture":"#0"},"down":{"uv":[6.75,2.5,6.75,2.5],"texture":"#0"}}},{"from":[3.925,25.925,4.8],"to":[12.075,26.525,5.4],"rotation":{"angle":0,"axis":"y","origin":[8,23.225,5.1]},"faces":{"north":{"uv":[14,9.5,16,9.25],"texture":"#0"},"east":{"uv":[3.25,6.75,3.25,6.75],"texture":"#0"},"south":{"uv":[14,9.25,16,9],"texture":"#0"},"west":{"uv":[3.5,6.75,3.5,6.75],"texture":"#0"},"up":{"uv":[16,8.75,14,8.5],"texture":"#0"},"down":{"uv":[16,8.75,14,9],"texture":"#0"}}},{"from":[3.7,17.4,4.7],"to":[4.3,22.3,6.3],"rotation":{"angle":22.5,"axis":"z","origin":[4.5,21.5,5.5]},"faces":{"north":{"uv":[2.75,8,3,9],"texture":"#0"},"east":{"uv":[0,6.25,0.25,7.25],"texture":"#0"},"south":{"uv":[2.25,8,2.5,9],"texture":"#0"},"west":{"uv":[2.75,6.75,3,7.75],"texture":"#0"},"up":{"uv":[3.5,10,3.25,9.75],"texture":"#0"},"down":{"uv":[3.75,8,4,8.25],"texture":"#0"}}},{"from":[4.6,30,4.7],"to":[5.2,31.825,6.3],"rotation":{"angle":-22.5,"axis":"z","origin":[3.7,32.85,5.5]},"faces":{"north":{"uv":[9.25,1.5,9.5,1.75],"texture":"#0"},"east":{"uv":[3.75,7.5,4,7.75],"texture":"#0"},"south":{"uv":[9.75,1.5,10,1.75],"texture":"#0"},"west":{"uv":[4.25,7.5,4.5,7.75],"texture":"#0"},"up":{"uv":[8,4.5,8,4.25],"texture":"#0"},"down":{"uv":[10.25,1.5,10.5,1.75],"texture":"#0"}}},{"from":[4.15,30.95,4.7],"to":[11.85,31.55,6.3],"rotation":{"angle":0,"axis":"y","origin":[5.1,31.25,5.5]},"faces":{"north":{"uv":[4.75,8,6.5,8.25],"texture":"#0"},"east":{"uv":[8,4.5,8.25,4.75],"texture":"#0"},"south":{"uv":[8,4.25,9.75,4],"texture":"#0"},"west":{"uv":[8,6.5,8.25,6.75],"texture":"#0"},"up":{"uv":[7,0.75,5.25,0.5],"texture":"#0"},"down":{"uv":[7,1,5.25,1.25],"texture":"#0"}}},{"from":[5.46879,17.31314,4.7],"to":[9.36879,17.91314,6.3],"rotation":{"angle":-45,"axis":"z","origin":[5.56879,17.61314,5.5]},"faces":{"north":{"uv":[6.75,8,7.5,8.25],"texture":"#0"},"east":{"uv":[8,6.5,8.25,6.75],"texture":"#0"},"south":{"uv":[8,7.75,8.75,8],"texture":"#0"},"west":{"uv":[8,7,8.25,7.25],"texture":"#0"},"up":{"uv":[6.25,7.25,5.5,7],"texture":"#0"},"down":{"uv":[7.25,7,6.5,7.25],"texture":"#0"}}},{"from":[11.7,17.4,4.7],"to":[12.3,22.3,6.3],"rotation":{"angle":-22.5,"axis":"z","origin":[11.5,21.5,5.5]},"faces":{"north":{"uv":[3,8,2.75,9],"texture":"#0"},"east":{"uv":[3,6.75,2.75,7.75],"texture":"#0"},"south":{"uv":[2.5,8,2.25,9],"texture":"#0"},"west":{"uv":[0.25,6.25,0,7.25],"texture":"#0"},"up":{"uv":[3.25,10,3.5,9.75],"texture":"#0"},"down":{"uv":[4,8,3.75,8.25],"texture":"#0"}}},{"from":[6.63121,17.31314,4.7],"to":[10.53121,17.91314,6.3],"rotation":{"angle":45,"axis":"z","origin":[10.43121,17.61314,5.5]},"faces":{"north":{"uv":[7.5,8,6.75,8.25],"texture":"#0"},"east":{"uv":[8.25,7,8,7.25],"texture":"#0"},"south":{"uv":[8.75,7.75,8,8],"texture":"#0"},"west":{"uv":[8.25,6.5,8,6.75],"texture":"#0"},"up":{"uv":[5.5,7.25,6.25,7],"texture":"#0"},"down":{"uv":[6.5,7,7.25,7.25],"texture":"#0"}}},{"from":[12,21.9,4.7],"to":[12.6,29.95,6.3],"rotation":{"angle":0,"axis":"y","origin":[12,19.85,5.5]},"faces":{"north":{"uv":[0.5,8,0.25,10.75],"texture":"#0"},"east":{"uv":[2.5,5.25,2.25,8],"texture":"#0"},"south":{"uv":[1,8,0.75,10.75],"texture":"#0"},"west":{"uv":[2,5.25,1.75,8],"texture":"#0"},"up":{"uv":[8.25,0.75,8,0.5],"texture":"#0"},"down":{"uv":[8.25,1,8,1.25],"texture":"#0"}}},{"from":[10.8,30,4.7],"to":[11.4,31.825,6.3],"rotation":{"angle":22.5,"axis":"z","origin":[12.3,32.85,5.5]},"faces":{"north":{"uv":[9.5,1.5,9.25,1.75],"texture":"#0"},"east":{"uv":[4.5,7.5,4.25,7.75],"texture":"#0"},"south":{"uv":[10,1.5,9.75,1.75],"texture":"#0"},"west":{"uv":[4,7.5,3.75,7.75],"texture":"#0"},"up":{"uv":[8,4.5,8,4.25],"texture":"#0"},"down":{"uv":[10.5,1.5,10.25,1.75],"texture":"#0"}}},{"from":[7.08,15.95,5],"to":[8.93,16.85,6],"rotation":{"angle":0,"axis":"y","origin":[0,12,-4]},"faces":{"north":{"uv":[7.25,0,7.75,0.25],"texture":"#0"},"east":{"uv":[4.75,7.5,5,7.75],"texture":"#0"},"south":{"uv":[0.5,7.25,1,7.5],"texture":"#0"},"west":{"uv":[5.25,7.5,5.5,7.75],"texture":"#0"},"up":{"uv":[7.75,0.75,7.25,0.5],"texture":"#0"},"down":{"uv":[7.75,1,7.25,1.25],"texture":"#0"}}},{"from":[6.08,16.66,5],"to":[9.93,17.56,6],"rotation":{"angle":0,"axis":"y","origin":[0,12,-4]},"faces":{"north":{"uv":[6.75,6.5,7.75,6.75],"texture":"#0"},"east":{"uv":[5.75,7.5,6,7.75],"texture":"#0"},"south":{"uv":[3.25,7,4.25,7.25],"texture":"#0"},"west":{"uv":[6.25,7.5,6.5,7.75],"texture":"#0"},"up":{"uv":[8,3.5,7,3.25],"texture":"#0"},"down":{"uv":[8,3.75,7,4],"texture":"#0"}}},{"from":[4.95,18.43,5],"to":[11.05,19.33,6],"rotation":{"angle":0,"axis":"y","origin":[0,12,-4]},"faces":{"north":{"uv":[5,5.5,6.5,5.75],"texture":"#0"},"east":{"uv":[6.75,7.5,7,7.75],"texture":"#0"},"south":{"uv":[5,6,6.5,6.25],"texture":"#0"},"west":{"uv":[7.5,7,7.75,7.25],"texture":"#0"},"up":{"uv":[7.75,4.5,6.25,4.25],"texture":"#0"},"down":{"uv":[6.5,6.5,5,6.75],"texture":"#0"}}},{"from":[5.35,17.55,5],"to":[10.65,18.45,6],"rotation":{"angle":0,"axis":"y","origin":[0,12,-4]},"faces":{"north":{"uv":[6.75,1.5,8,1.75],"texture":"#0"},"east":{"uv":[7.25,7.5,7.5,7.75],"texture":"#0"},"south":{"uv":[6.75,2,8,2.25],"texture":"#0"},"west":{"uv":[0.5,7.75,0.75,8],"texture":"#0"},"up":{"uv":[8,5.75,6.75,5.5],"texture":"#0"},"down":{"uv":[8,6,6.75,6.25],"texture":"#0"}}}],"gui_light":"front"}