{"textures":{"0":"pets/pet_robotlumberjack"},"elements":[{"name":"cube","from":[5.6,9.087076,6.7759066],"to":[10.4,10.887077,9.175907],"rotation":{"angle":0.0,"axis":"x","origin":[8.0,5.4870768,7.975907]},"faces":{"down":{"uv":[6.5,4.0,4.5,5.0],"rotation":0,"texture":"#0","tintindex":0},"east":{"uv":[7.5,2.25,8.5,3.0],"rotation":0,"texture":"#0","tintindex":0},"north":{"uv":[2.75,6.0,4.75,6.75],"rotation":0,"texture":"#0","tintindex":0},"south":{"uv":[4.75,6.0,6.75,6.75],"rotation":0,"texture":"#0","tintindex":0},"up":{"uv":[6.5,4.0,4.5,3.0],"rotation":0,"texture":"#0","tintindex":0},"west":{"uv":[3.0,7.5,4.0,8.25],"rotation":0,"texture":"#0","tintindex":0}}},{"name":"cube","from":[6.2,9.087076,9.175907],"to":[9.8,10.887077,10.375907],"rotation":{"angle":0.0,"axis":"x","origin":[8.0,5.4870768,7.975907]},"faces":{"down":{"uv":[9.25,1.0,7.75,1.5],"rotation":0,"texture":"#0","tintindex":0},"east":{"uv":[9.0,7.75,9.5,8.5],"rotation":0,"texture":"#0","tintindex":0},"north":{"uv":[6.75,5.75,8.25,6.5],"rotation":0,"texture":"#0","tintindex":0},"south":{"uv":[0.0,7.0,1.5,7.75],"rotation":0,"texture":"#0","tintindex":0},"up":{"uv":[9.25,1.0,7.75,0.5],"rotation":0,"texture":"#0","tintindex":0},"west":{"uv":[8.0,9.0,8.5,9.75],"rotation":0,"texture":"#0","tintindex":0}}},{"name":"cube","from":[8.0,9.687077,9.7759075],"to":[9.2,12.687077,10.975906],"rotation":{"angle":0.0,"axis":"x","origin":[8.0,5.4870768,7.975907]},"faces":{"down":{"uv":[10.0,2.5,9.5,3.0],"rotation":0,"texture":"#0","tintindex":0},"east":{"uv":[0.0,8.25,0.5,9.5],"rotation":0,"texture":"#0","tintindex":0},"north":{"uv":[8.0,7.75,8.5,9.0],"rotation":0,"texture":"#0","tintindex":0},"south":{"uv":[0.5,8.25,1.0,9.5],"rotation":0,"texture":"#0","tintindex":0},"up":{"uv":[10.0,2.5,9.5,2.0],"rotation":0,"texture":"#0","tintindex":0},"west":{"uv":[1.0,8.25,1.5,9.5],"rotation":0,"texture":"#0","tintindex":0}}},{"name":"cube","from":[4.3999996,9.687077,7.975907],"to":[5.6,10.887077,9.175907],"rotation":{"angle":0.0,"axis":"x","origin":[8.0,5.4870768,7.975907]},"faces":{"down":{"uv":[4.5,9.25,4.0,9.75],"rotation":0,"texture":"#0","tintindex":0},"east":{"uv":[9.0,9.0,9.5,9.5],"rotation":0,"texture":"#0","tintindex":0},"north":{"uv":[9.0,8.5,9.5,9.0],"rotation":0,"texture":"#0","tintindex":0},"south":{"uv":[9.25,0.0,9.75,0.5],"rotation":0,"texture":"#0","tintindex":0},"up":{"uv":[9.75,1.5,9.25,1.0],"rotation":0,"texture":"#0","tintindex":0},"west":{"uv":[9.25,0.5,9.75,1.0],"rotation":0,"texture":"#0","tintindex":0}}},{"name":"cube","from":[10.4,9.687077,7.975907],"to":[11.6,10.887077,9.175907],"rotation":{"angle":0.0,"axis":"x","origin":[8.0,5.4870768,7.975907]},"faces":{"down":{"uv":[9.75,6.75,9.25,7.25],"rotation":0,"texture":"#0","tintindex":0},"east":{"uv":[4.5,9.25,5.0,9.75],"rotation":0,"texture":"#0","tintindex":0},"north":{"uv":[9.25,4.0,9.75,4.5],"rotation":0,"texture":"#0","tintindex":0},"south":{"uv":[9.25,4.75,9.75,5.25],"rotation":0,"texture":"#0","tintindex":0},"up":{"uv":[9.75,6.75,9.25,6.25],"rotation":0,"texture":"#0","tintindex":0},"west":{"uv":[5.0,9.25,5.5,9.75],"rotation":0,"texture":"#0","tintindex":0}}},{"name":"cube","from":[6.2,7.7,7.1],"to":[9.8,9.5,8.9],"rotation":{"angle":22.5,"axis":"x","origin":[8.6,8.6,8.0]},"faces":{"down":{"uv":[7.25,6.75,5.75,7.5],"rotation":0,"texture":"#0","tintindex":0},"east":{"uv":[3.0,8.25,3.75,9.0],"rotation":0,"texture":"#0","tintindex":0},"north":{"uv":[6.5,5.0,8.0,5.75],"rotation":0,"texture":"#0","tintindex":0},"south":{"uv":[2.75,6.75,4.25,7.5],"rotation":0,"texture":"#0","tintindex":0},"up":{"uv":[5.75,7.5,4.25,6.75],"rotation":0,"texture":"#0","tintindex":0},"west":{"uv":[8.25,5.5,9.0,6.25],"rotation":0,"texture":"#0","tintindex":0}}},{"name":"cube","from":[6.8,7.1,7.1],"to":[9.2,7.7,8.9],"rotation":{"angle":22.5,"axis":"x","origin":[8.6,8.6,8.0]},"faces":{"down":{"uv":[8.5,3.75,7.5,4.5],"rotation":0,"texture":"#0","tintindex":0},"east":{"uv":[7.75,2.0,8.5,2.25],"rotation":0,"texture":"#0","tintindex":0},"north":{"uv":[9.0,3.75,10.0,4.0],"rotation":0,"texture":"#0","tintindex":0},"south":{"uv":[9.0,4.5,10.0,4.75],"rotation":0,"texture":"#0","tintindex":0},"up":{"uv":[8.5,3.75,7.5,3.0],"rotation":0,"texture":"#0","tintindex":0},"west":{"uv":[9.5,3.5,10.25,3.75],"rotation":0,"texture":"#0","tintindex":0}}}],"display":{"head":{"translation":[0.0,-6.4,0.0],"rotation":[0.0,0.0,0.0],"scale":[3.8095,3.8095,3.8095]}}}