{"textures":{"0":"pets/pet_robotlumberjack"},"elements":[{"name":"cube","from":[5.6,8.0,5.0],"to":[10.4,10.4,9.8],"rotation":{"angle":0.0,"axis":"x","origin":[8.0,2.6,8.0]},"faces":{"down":{"uv":[2.0,2.0,0.0,4.0],"rotation":0,"texture":"#0","tintindex":0},"east":{"uv":[4.0,0.0,6.0,1.0],"rotation":0,"texture":"#0","tintindex":0},"north":{"uv":[0.0,4.0,2.0,5.0],"rotation":0,"texture":"#0","tintindex":0},"south":{"uv":[4.0,1.0,6.0,2.0],"rotation":0,"texture":"#0","tintindex":0},"up":{"uv":[2.0,2.0,0.0,0.0],"rotation":0,"texture":"#0","tintindex":0},"west":{"uv":[4.0,2.0,6.0,3.0],"rotation":0,"texture":"#0","tintindex":0}}},{"name":"cube","from":[5.6,10.4,5.6],"to":[10.4,12.8,9.8],"rotation":{"angle":0.0,"axis":"x","origin":[8.0,2.6,8.0]},"faces":{"down":{"uv":[4.0,1.75,2.0,3.5],"rotation":0,"texture":"#0","tintindex":0},"east":{"uv":[0.0,6.0,1.75,7.0],"rotation":0,"texture":"#0","tintindex":0},"north":{"uv":[0.0,5.0,2.0,6.0],"rotation":0,"texture":"#0","tintindex":0},"south":{"uv":[4.5,5.0,6.5,6.0],"rotation":0,"texture":"#0","tintindex":0},"up":{"uv":[4.0,1.75,2.0,0.0],"rotation":0,"texture":"#0","tintindex":0},"west":{"uv":[6.0,0.0,7.75,1.0],"rotation":0,"texture":"#0","tintindex":0}}}],"display":{"head":{"translation":[0.0,-6.4,0.0],"rotation":[0.0,0.0,0.0],"scale":[3.8095,3.8095,3.8095]}}}