{"textures":{"0":"pets/pet_robotlumberjack"},"elements":[{"name":"cube","from":[6.5,5.0,3.7999997],"to":[7.7,6.2,5.0],"rotation":{"angle":0.0,"axis":"x","origin":[11.0,3.1999998,7.4]},"faces":{"down":{"uv":[6.5,9.5,6.0,10.0],"rotation":0,"texture":"#0","tintindex":0},"east":{"uv":[9.5,3.0,10.0,3.5],"rotation":0,"texture":"#0","tintindex":0},"north":{"uv":[2.75,9.5,3.25,10.0],"rotation":0,"texture":"#0","tintindex":0},"south":{"uv":[9.5,5.25,10.0,5.75],"rotation":0,"texture":"#0","tintindex":0},"up":{"uv":[10.0,6.25,9.5,5.75],"rotation":0,"texture":"#0","tintindex":0},"west":{"uv":[5.5,9.5,6.0,10.0],"rotation":0,"texture":"#0","tintindex":0}}},{"name":"cube","from":[6.8,6.8,6.8],"to":[8.0,9.8,9.2],"rotation":{"angle":0.0,"axis":"x","origin":[11.0,3.1999998,7.4]},"faces":{"down":{"uv":[9.0,3.0,8.5,4.0],"rotation":0,"texture":"#0","tintindex":0},"east":{"uv":[6.5,2.5,7.5,3.75],"rotation":0,"texture":"#0","tintindex":0},"north":{"uv":[4.0,8.0,4.5,9.25],"rotation":0,"texture":"#0","tintindex":0},"south":{"uv":[4.5,8.0,5.0,9.25],"rotation":0,"texture":"#0","tintindex":0},"up":{"uv":[9.0,3.0,8.5,2.0],"rotation":0,"texture":"#0","tintindex":0},"west":{"uv":[6.5,3.75,7.5,5.0],"rotation":0,"texture":"#0","tintindex":0}}},{"name":"cube","from":[7.1,5.0,5.0],"to":[7.7,6.2,8.6],"rotation":{"angle":0.0,"axis":"x","origin":[11.0,3.1999998,7.4]},"faces":{"down":{"uv":[2.75,8.75,2.5,10.25],"rotation":0,"texture":"#0","tintindex":0},"east":{"uv":[4.0,7.5,5.5,8.0],"rotation":0,"texture":"#0","tintindex":0},"north":{"uv":[1.5,7.0,1.75,7.5],"rotation":0,"texture":"#0","tintindex":0},"south":{"uv":[6.75,9.5,7.0,10.0],"rotation":0,"texture":"#0","tintindex":0},"up":{"uv":[4.0,9.75,3.75,8.25],"rotation":0,"texture":"#0","tintindex":0},"west":{"uv":[7.5,4.5,9.0,5.0],"rotation":0,"texture":"#0","tintindex":0}}},{"name":"cube","from":[6.8,6.2,7.4],"to":[8.0,6.8,8.6],"rotation":{"angle":0.0,"axis":"x","origin":[11.0,3.1999998,7.4]},"faces":{"down":{"uv":[6.5,2.5,6.0,3.0],"rotation":0,"texture":"#0","tintindex":0},"east":{"uv":[7.0,2.25,7.5,2.5],"rotation":0,"texture":"#0","tintindex":0},"north":{"uv":[6.75,6.5,7.25,6.75],"rotation":0,"texture":"#0","tintindex":0},"south":{"uv":[9.5,8.75,10.0,9.0],"rotation":0,"texture":"#0","tintindex":0},"up":{"uv":[4.5,3.5,4.0,3.0],"rotation":0,"texture":"#0","tintindex":0},"west":{"uv":[9.0,9.5,9.5,9.75],"rotation":0,"texture":"#0","tintindex":0}}},{"name":"cube","from":[6.95,3.1999998,3.9499998],"to":[7.55,10.4,4.5499997],"rotation":{"angle":0.0,"axis":"x","origin":[11.0,3.1999998,7.4]},"faces":{"down":{"uv":[10.0,1.25,9.75,1.5],"rotation":0,"texture":"#0","tintindex":0},"east":{"uv":[7.25,7.75,7.5,10.75],"rotation":0,"texture":"#0","tintindex":0},"north":{"uv":[7.0,7.5,7.25,10.5],"rotation":0,"texture":"#0","tintindex":0},"south":{"uv":[7.5,7.75,7.75,10.75],"rotation":0,"texture":"#0","tintindex":0},"up":{"uv":[10.0,1.25,9.75,1.0],"rotation":0,"texture":"#0","tintindex":0},"west":{"uv":[7.75,7.75,8.0,10.75],"rotation":0,"texture":"#0","tintindex":0}}},{"name":"cube","from":[6.95,8.0,2.7499998],"to":[7.55,10.4,3.9499998],"rotation":{"angle":0.0,"axis":"x","origin":[11.0,3.1999998,7.4]},"faces":{"down":{"uv":[10.0,0.5,9.75,1.0],"rotation":0,"texture":"#0","tintindex":0},"east":{"uv":[8.5,6.25,9.0,7.25],"rotation":0,"texture":"#0","tintindex":0},"north":{"uv":[3.25,9.5,3.5,10.5],"rotation":0,"texture":"#0","tintindex":0},"south":{"uv":[6.5,9.5,6.75,10.5],"rotation":0,"texture":"#0","tintindex":0},"up":{"uv":[10.0,0.5,9.75,0.0],"rotation":0,"texture":"#0","tintindex":0},"west":{"uv":[6.5,8.5,7.0,9.5],"rotation":0,"texture":"#0","tintindex":0}}},{"name":"cube","from":[7.25,6.2,0.9499998],"to":[7.25,12.2,3.9499998],"rotation":{"angle":0.0,"axis":"x","origin":[11.0,3.1999998,7.4]},"faces":{"down":{"uv":[0.0,0.0,0.0,1.25],"rotation":0,"texture":"#0","tintindex":0},"east":{"uv":[2.0,3.5,3.25,6.0],"rotation":0,"texture":"#0","tintindex":0},"north":{"uv":[0.0,0.0,0.0,2.5],"rotation":0,"texture":"#0","tintindex":0},"south":{"uv":[0.0,0.0,0.0,2.5],"rotation":0,"texture":"#0","tintindex":0},"up":{"uv":[0.0,1.25,0.0,0.0],"rotation":0,"texture":"#0","tintindex":0},"west":{"uv":[3.25,3.5,2.0,6.0],"rotation":0,"texture":"#0","tintindex":0}}}],"display":{"head":{"translation":[0.0,-6.4,0.0],"rotation":[0.0,0.0,0.0],"scale":[3.8095,3.8095,3.8095]}}}