{"textures":{"0":"pets/pet_robotlumberjack"},"elements":[{"name":"cube","from":[6.8,5.8304396,7.538768],"to":[8.0,8.230439,9.338768],"rotation":{"angle":22.5,"axis":"x","origin":[9.8,9.13044,8.438767]},"faces":{"down":{"uv":[9.5,5.5,9.0,6.25],"rotation":0,"texture":"#0","tintindex":0},"east":{"uv":[5.5,7.5,6.25,8.5],"rotation":0,"texture":"#0","tintindex":0},"north":{"uv":[5.5,8.5,6.0,9.5],"rotation":0,"texture":"#0","tintindex":0},"south":{"uv":[6.0,8.5,6.5,9.5],"rotation":0,"texture":"#0","tintindex":0},"up":{"uv":[9.5,3.75,9.0,3.0],"rotation":0,"texture":"#0","tintindex":0},"west":{"uv":[6.25,7.5,7.0,8.5],"rotation":0,"texture":"#0","tintindex":0}}},{"name":"cube","from":[7.1,5.23044,8.138767],"to":[7.7,6.43044,11.738768],"rotation":{"angle":22.5,"axis":"x","origin":[9.8,9.13044,8.438767]},"faces":{"down":{"uv":[9.25,6.25,9.0,7.75],"rotation":0,"texture":"#0","tintindex":0},"east":{"uv":[0.0,7.75,1.5,8.25],"rotation":0,"texture":"#0","tintindex":0},"north":{"uv":[9.5,9.0,9.75,9.5],"rotation":0,"texture":"#0","tintindex":0},"south":{"uv":[9.5,9.5,9.75,10.0],"rotation":0,"texture":"#0","tintindex":0},"up":{"uv":[3.75,10.5,3.5,9.0],"rotation":0,"texture":"#0","tintindex":0},"west":{"uv":[7.75,0.0,9.25,0.5],"rotation":0,"texture":"#0","tintindex":0}}},{"name":"cube","from":[7.1,4.6304398,11.138767],"to":[7.7,5.23044,11.738768],"rotation":{"angle":22.5,"axis":"x","origin":[9.8,9.13044,8.438767]},"faces":{"down":{"uv":[9.5,5.25,9.25,5.5],"rotation":0,"texture":"#0","tintindex":0},"east":{"uv":[8.0,5.5,8.25,5.75],"rotation":0,"texture":"#0","tintindex":0},"north":{"uv":[6.5,5.75,6.75,6.0],"rotation":0,"texture":"#0","tintindex":0},"south":{"uv":[8.25,6.25,8.5,6.5],"rotation":0,"texture":"#0","tintindex":0},"up":{"uv":[9.25,5.0,9.0,4.75],"rotation":0,"texture":"#0","tintindex":0},"west":{"uv":[2.75,8.75,3.0,9.0],"rotation":0,"texture":"#0","tintindex":0}}}],"display":{"head":{"translation":[0.0,-6.4,0.0],"rotation":[0.0,0.0,0.0],"scale":[3.8095,3.8095,3.8095]}}}