{"textures":{"0":"pets/pet_robotlumberjack"},"elements":[{"name":"cube","from":[8.0,6.8,7.1],"to":[9.2,9.8,8.9],"rotation":{"angle":0.0,"axis":"x","origin":[5.0,3.1999998,7.4]},"faces":{"down":{"uv":[9.5,2.25,9.0,3.0],"rotation":0,"texture":"#0","tintindex":0},"east":{"uv":[7.0,1.0,7.75,2.25],"rotation":0,"texture":"#0","tintindex":0},"north":{"uv":[5.0,8.0,5.5,9.25],"rotation":0,"texture":"#0","tintindex":0},"south":{"uv":[8.0,6.5,8.5,7.75],"rotation":0,"texture":"#0","tintindex":0},"up":{"uv":[9.5,2.25,9.0,1.5],"rotation":0,"texture":"#0","tintindex":0},"west":{"uv":[7.25,6.5,8.0,7.75],"rotation":0,"texture":"#0","tintindex":0}}},{"name":"cube","from":[8.0,5.6,5.8999996],"to":[9.8,6.8,8.9],"rotation":{"angle":0.0,"axis":"x","origin":[5.0,3.1999998,7.4]},"faces":{"down":{"uv":[3.0,7.5,2.25,8.75],"rotation":0,"texture":"#0","tintindex":0},"east":{"uv":[7.75,1.5,9.0,2.0],"rotation":0,"texture":"#0","tintindex":0},"north":{"uv":[8.5,4.0,9.25,4.5],"rotation":0,"texture":"#0","tintindex":0},"south":{"uv":[2.75,9.0,3.5,9.5],"rotation":0,"texture":"#0","tintindex":0},"up":{"uv":[2.25,8.75,1.5,7.5],"rotation":0,"texture":"#0","tintindex":0},"west":{"uv":[8.0,5.0,9.25,5.5],"rotation":0,"texture":"#0","tintindex":0}}},{"name":"cube","from":[8.6,5.6,4.7],"to":[9.8,6.8,5.8999996],"rotation":{"angle":0.0,"axis":"x","origin":[5.0,3.1999998,7.4]},"faces":{"down":{"uv":[10.0,1.5,9.5,2.0],"rotation":0,"texture":"#0","tintindex":0},"east":{"uv":[8.5,9.25,9.0,9.75],"rotation":0,"texture":"#0","tintindex":0},"north":{"uv":[9.25,7.25,9.75,7.75],"rotation":0,"texture":"#0","tintindex":0},"south":{"uv":[0.0,9.5,0.5,10.0],"rotation":0,"texture":"#0","tintindex":0},"up":{"uv":[1.5,10.0,1.0,9.5],"rotation":0,"texture":"#0","tintindex":0},"west":{"uv":[0.5,9.5,1.0,10.0],"rotation":0,"texture":"#0","tintindex":0}}},{"name":"cube","from":[8.6,5.0,3.4999998],"to":[9.8,7.4,4.7],"rotation":{"angle":0.0,"axis":"x","origin":[5.0,3.1999998,7.4]},"faces":{"down":{"uv":[10.0,8.25,9.5,8.75],"rotation":0,"texture":"#0","tintindex":0},"east":{"uv":[8.5,8.25,9.0,9.25],"rotation":0,"texture":"#0","tintindex":0},"north":{"uv":[8.5,7.25,9.0,8.25],"rotation":0,"texture":"#0","tintindex":0},"south":{"uv":[1.5,8.75,2.0,9.75],"rotation":0,"texture":"#0","tintindex":0},"up":{"uv":[10.0,8.25,9.5,7.75],"rotation":0,"texture":"#0","tintindex":0},"west":{"uv":[2.0,8.75,2.5,9.75],"rotation":0,"texture":"#0","tintindex":0}}},{"name":"cube","from":[8.6,6.2,1.0999997],"to":[11.0,6.2,4.7],"rotation":{"angle":0.0,"axis":"x","origin":[5.0,3.1999998,7.4]},"faces":{"down":{"uv":[6.0,1.0,7.0,2.5],"rotation":0,"texture":"#0","tintindex":0},"east":{"uv":[1.5,0.0,0.0,0.0],"rotation":0,"texture":"#0","tintindex":0},"north":{"uv":[1.0,0.0,0.0,0.0],"rotation":0,"texture":"#0","tintindex":0},"south":{"uv":[1.0,0.0,0.0,0.0],"rotation":0,"texture":"#0","tintindex":0},"up":{"uv":[6.0,2.5,7.0,1.0],"rotation":0,"texture":"#0","tintindex":0},"west":{"uv":[1.5,0.0,0.0,0.0],"rotation":0,"texture":"#0","tintindex":0}}},{"name":"cube","from":[7.4,6.8,1.0999997],"to":[9.8,6.8,4.7],"rotation":{"angle":0.0,"axis":"x","origin":[5.0,3.1999998,7.4]},"faces":{"down":{"uv":[7.0,1.0,6.0,2.5],"rotation":0,"texture":"#0","tintindex":0},"east":{"uv":[0.0,0.0,1.5,0.0],"rotation":0,"texture":"#0","tintindex":0},"north":{"uv":[0.0,0.0,1.0,0.0],"rotation":0,"texture":"#0","tintindex":0},"south":{"uv":[0.0,0.0,1.0,0.0],"rotation":0,"texture":"#0","tintindex":0},"up":{"uv":[7.0,2.5,6.0,1.0],"rotation":0,"texture":"#0","tintindex":0},"west":{"uv":[0.0,0.0,1.5,0.0],"rotation":0,"texture":"#0","tintindex":0}}}],"display":{"head":{"translation":[0.0,-6.4,0.0],"rotation":[0.0,0.0,0.0],"scale":[3.8095,3.8095,3.8095]}}}