{"textures":{"0":"pets/pet_robotlumberjack"},"elements":[{"name":"cube","from":[8.0,5.8304396,7.538768],"to":[9.2,8.230439,9.338768],"rotation":{"angle":22.5,"axis":"x","origin":[6.2,9.13044,8.438767]},"faces":{"down":{"uv":[9.0,5.5,9.5,6.25],"rotation":0,"texture":"#0","tintindex":0},"east":{"uv":[7.0,7.5,6.25,8.5],"rotation":0,"texture":"#0","tintindex":0},"north":{"uv":[6.0,8.5,5.5,9.5],"rotation":0,"texture":"#0","tintindex":0},"south":{"uv":[6.5,8.5,6.0,9.5],"rotation":0,"texture":"#0","tintindex":0},"up":{"uv":[9.0,3.75,9.5,3.0],"rotation":0,"texture":"#0","tintindex":0},"west":{"uv":[6.25,7.5,5.5,8.5],"rotation":0,"texture":"#0","tintindex":0}}},{"name":"cube","from":[8.3,5.23044,8.138767],"to":[8.9,6.43044,11.738768],"rotation":{"angle":22.5,"axis":"x","origin":[6.2,9.13044,8.438767]},"faces":{"down":{"uv":[9.0,6.25,9.25,7.75],"rotation":0,"texture":"#0","tintindex":0},"east":{"uv":[9.25,0.0,7.75,0.5],"rotation":0,"texture":"#0","tintindex":0},"north":{"uv":[9.75,9.0,9.5,9.5],"rotation":0,"texture":"#0","tintindex":0},"south":{"uv":[9.75,9.5,9.5,10.0],"rotation":0,"texture":"#0","tintindex":0},"up":{"uv":[3.5,10.5,3.75,9.0],"rotation":0,"texture":"#0","tintindex":0},"west":{"uv":[1.5,7.75,0.0,8.25],"rotation":0,"texture":"#0","tintindex":0}}},{"name":"cube","from":[8.3,4.6304398,11.138767],"to":[8.9,5.23044,11.738768],"rotation":{"angle":22.5,"axis":"x","origin":[6.2,9.13044,8.438767]},"faces":{"down":{"uv":[9.25,5.25,9.5,5.5],"rotation":0,"texture":"#0","tintindex":0},"east":{"uv":[3.0,8.75,2.75,9.0],"rotation":0,"texture":"#0","tintindex":0},"north":{"uv":[6.75,5.75,6.5,6.0],"rotation":0,"texture":"#0","tintindex":0},"south":{"uv":[8.5,6.25,8.25,6.5],"rotation":0,"texture":"#0","tintindex":0},"up":{"uv":[9.0,5.0,9.25,4.75],"rotation":0,"texture":"#0","tintindex":0},"west":{"uv":[8.25,5.5,8.0,5.75],"rotation":0,"texture":"#0","tintindex":0}}}],"display":{"head":{"translation":[0.0,-6.4,0.0],"rotation":[0.0,0.0,0.0],"scale":[3.8095,3.8095,3.8095]}}}