{"textures":{"0":"accessories/kite"},"elements":[{"name":"cube","from":[6.5,3.1999998,7.4],"to":[7.1,3.7999997,21.2],"rotation":{"angle":45.0,"axis":"y","origin":[2.6,3.1999998,3.1999998]},"faces":{"down":{"uv":[8.5,6.25,8.25,12.0],"rotation":0,"texture":"#0","tintindex":0},"east":{"uv":[8.25,0.0,14.0,0.25],"rotation":0,"texture":"#0","tintindex":0},"north":{"uv":[8.75,1.0,9.0,1.25],"rotation":0,"texture":"#0","tintindex":0},"south":{"uv":[8.75,1.25,9.0,1.5],"rotation":0,"texture":"#0","tintindex":0},"up":{"uv":[8.5,6.25,8.25,0.5],"rotation":0,"texture":"#0","tintindex":0},"west":{"uv":[8.25,0.25,14.0,0.5],"rotation":0,"texture":"#0","tintindex":0}}},{"name":"cube","from":[6.2,3.1999998,-1.3000002],"to":[6.8,3.7999997,12.5],"rotation":{"angle":-45.0,"axis":"y","origin":[2.6,3.1999998,3.1999998]},"faces":{"down":{"uv":[8.75,6.75,8.5,12.5],"rotation":0,"texture":"#0","tintindex":0},"east":{"uv":[8.5,0.5,14.25,0.75],"rotation":0,"texture":"#0","tintindex":0},"north":{"uv":[8.75,1.5,9.0,1.75],"rotation":0,"texture":"#0","tintindex":0},"south":{"uv":[8.75,1.75,9.0,2.0],"rotation":0,"texture":"#0","tintindex":0},"up":{"uv":[8.75,6.75,8.5,1.0],"rotation":0,"texture":"#0","tintindex":0},"west":{"uv":[8.5,0.75,14.25,1.0],"rotation":0,"texture":"#0","tintindex":0}}},{"name":"cube","from":[-1.6000004,3.4999998,3.1999998],"to":[18.2,3.4999998,22.400002],"rotation":{"angle":0.0,"axis":"x","origin":[3.1999998,3.1999998,3.1999998]},"faces":{"down":{"uv":[8.25,8.0,0.0,16.0],"rotation":0,"texture":"#0","tintindex":0},"east":{"uv":[0.0,0.0,8.0,0.0],"rotation":0,"texture":"#0","tintindex":0},"north":{"uv":[0.0,0.0,8.25,0.0],"rotation":0,"texture":"#0","tintindex":0},"south":{"uv":[0.0,0.0,8.25,0.0],"rotation":0,"texture":"#0","tintindex":0},"up":{"uv":[8.25,8.0,0.0,0.0],"rotation":0,"texture":"#0","tintindex":0},"west":{"uv":[0.0,0.0,8.0,0.0],"rotation":0,"texture":"#0","tintindex":0}}}],"display":{"head":{"translation":[0.0,-6.4,0.0],"rotation":[0.0,0.0,0.0],"scale":[3.8095,3.8095,3.8095]}}}