{"parent":"item/generated","textures":{"layer0":"item/bow"},"display":{"thirdperson_righthand":{"rotation":[-80,260,-40],"translation":[-1,-2,2.5],"scale":[0.9,0.9,0.9]},"thirdperson_lefthand":{"rotation":[-80,-280,40],"translation":[-1,-2,2.5],"scale":[0.9,0.9,0.9]},"firstperson_righthand":{"rotation":[0,-90,25],"translation":[1.13,3.2,1.13],"scale":[0.68,0.68,0.68]},"firstperson_lefthand":{"rotation":[0,90,-25],"translation":[1.13,3.2,1.13],"scale":[0.68,0.68,0.68]}},"overrides":[{"predicate":{"pulling":1},"model":"item/bow_pulling_0"},{"predicate":{"pulling":1,"pull":0.65},"model":"item/bow_pulling_1"},{"predicate":{"pulling":1,"pull":0.9},"model":"item/bow_pulling_2"},{"predicate":{"custom_model_data":1},"model":"item/crystal_items/crystal_bow"},{"predicate":{"pulling":1,"custom_model_data":1},"model":"item/crystal_items/crystal_bow_pulling_0"},{"predicate":{"pulling":1,"pull":0.65,"custom_model_data":1},"model":"item/crystal_items/crystal_bow_pulling_1"},{"predicate":{"pulling":1,"pull":0.9,"custom_model_data":1},"model":"item/crystal_items/crystal_bow_pulling_2"},{"predicate":{"custom_model_data":5},"model":"item/armor/snowstorm/bow"},{"predicate":{"pulling":1,"custom_model_data":5},"model":"item/armor/snowstorm/bow"},{"predicate":{"pulling":1,"pull":0.65,"custom_model_data":5},"model":"item/armor/snowstorm/bow_pulling_0"},{"predicate":{"pulling":1,"pull":0.9,"custom_model_data":5},"model":"item/armor/snowstorm/bow_pulling_1"},{"predicate":{"custom_model_data":9},"model":"item/armor/phoenix/bow_0"},{"predicate":{"pulling":1,"custom_model_data":9},"model":"item/armor/phoenix/bow_0"},{"predicate":{"pulling":1,"pull":0.65,"custom_model_data":9},"model":"item/armor/phoenix/bow_1"},{"predicate":{"pulling":1,"pull":0.9,"custom_model_data":9},"model":"item/armor/phoenix/bow_2"},{"predicate":{"pulling":1,"custom_model_data":10},"model":"item/armor/paladin/bow_pulling_0"},{"predicate":{"custom_model_data":10},"model":"item/armor/paladin/bow"},{"predicate":{"pulling":1,"pull":0.65,"custom_model_data":10},"model":"item/armor/paladin/bow_pulling_0"},{"predicate":{"pulling":1,"pull":0.9,"custom_model_data":10},"model":"item/armor/paladin/bow_pulling_0"},{"predicate":{"custom_model_data":12},"model":"item/armor/goblin/bow"},{"predicate":{"pulling":1,"custom_model_data":12},"model":"item/armor/goblin/bow_pulling_0"},{"predicate":{"pulling":1,"pull":0.65,"custom_model_data":12},"model":"item/armor/goblin/bow_pulling_1"},{"predicate":{"pulling":1,"pull":0.9,"custom_model_data":12},"model":"item/armor/goblin/bow_pulling_2"},{"predicate":{"custom_model_data":13},"model":"item/armor/silver_knight/bow"},{"predicate":{"pulling":1,"custom_model_data":13},"model":"item/armor/silver_knight/bow_pulling_0"},{"predicate":{"pulling":1,"pull":0.65,"custom_model_data":13},"model":"item/armor/silver_knight/bow_pulling_1"},{"predicate":{"pulling":1,"pull":0.9,"custom_model_data":13},"model":"item/armor/silver_knight/bow_pulling_2"},{"predicate":{"custom_model_data":14},"model":"item/armor/pumpkin/bow"},{"predicate":{"pulling":1,"custom_model_data":14},"model":"item/armor/pumpkin/bow_pulling_0"},{"predicate":{"pulling":1,"pull":0.65,"custom_model_data":14},"model":"item/armor/pumpkin/bow_pulling_1"},{"predicate":{"pulling":1,"pull":0.9,"custom_model_data":14},"model":"item/armor/pumpkin/bow_pulling_2"},{"predicate":{"custom_model_data":15},"model":"item/armor/fall_set/bow"},{"predicate":{"pulling":1,"custom_model_data":15},"model":"item/armor/fall_set/bow_pulling_0"},{"predicate":{"pulling":1,"pull":0.65,"custom_model_data":15},"model":"item/armor/fall_set/bow_pulling_1"},{"predicate":{"pulling":1,"pull":0.9,"custom_model_data":15},"model":"item/armor/fall_set/bow_pulling_2"},{"predicate":{"custom_model_data":16},"model":"item/armor/winter/bow"},{"predicate":{"pulling":1,"custom_model_data":16},"model":"item/armor/winter/bow_pulling_0"},{"predicate":{"pulling":1,"pull":0.65,"custom_model_data":16},"model":"item/armor/winter/bow_pulling_1"},{"predicate":{"pulling":1,"pull":0.9,"custom_model_data":16},"model":"item/armor/winter/bow_pulling_2"}]}