{"parent":"item/handheld","textures":{"layer0":"item/diamond_sword"},"overrides":[{"predicate":{"custom_model_data":1},"model":"lightsabers/lightsaber_red"},{"predicate":{"custom_model_data":2},"model":"lightsabers/lightsaber_green"},{"predicate":{"custom_model_data":3},"model":"lightsabers/lightsaber_purple"},{"predicate":{"custom_model_data":4},"model":"lightsabers/lightsaber_black"},{"predicate":{"custom_model_data":5},"model":"lightsabers/lightsaber_white"},{"predicate":{"custom_model_data":6},"model":"lightsabers/lightsaber_orange"},{"predicate":{"custom_model_data":7},"model":"lightsabers/lightsaber_blue"}]}