{"parent":"minecraft:block/dirt","textures":{"layer0":"item/dirt"},"overrides":[{"predicate":{"custom_model_data":1001},"model":"item/blocks/lantern_acacia"},{"predicate":{"custom_model_data":1002},"model":"item/blocks/lantern_dark_oak"},{"predicate":{"custom_model_data":1003},"model":"item/blocks/lantern_oak"},{"predicate":{"custom_model_data":1004},"model":"item/blocks/plank_cherry"},{"predicate":{"custom_model_data":1005},"model":"item/blocks/plank_himalayan_birch"},{"predicate":{"custom_model_data":1006},"model":"item/blocks/plank_japanese_cherry"},{"predicate":{"custom_model_data":1007},"model":"item/blocks/plank_manchurian"},{"predicate":{"custom_model_data":1008},"model":"item/blocks/plank_paper_maple"},{"predicate":{"custom_model_data":1009},"model":"item/blocks/sand_brown_discarded"},{"predicate":{"custom_model_data":1010},"model":"item/blocks/sand_brown_mix"},{"predicate":{"custom_model_data":1011},"model":"item/blocks/sand_green"},{"predicate":{"custom_model_data":1012},"model":"item/blocks/sand_red"},{"predicate":{"custom_model_data":1013},"model":"item/blocks/sand_red_mix"},{"predicate":{"custom_model_data":1014},"model":"item/blocks/sand_stoney"},{"predicate":{"custom_model_data":1015},"model":"item/blocks/smooth_dirt_stone"},{"predicate":{"custom_model_data":1016},"model":"item/blocks/wood_cherry"},{"predicate":{"custom_model_data":1017},"model":"item/blocks/wood_himalayan_birch"},{"predicate":{"custom_model_data":1018},"model":"item/blocks/wood_japanese_cherry"},{"predicate":{"custom_model_data":1019},"model":"item/blocks/wood_manchurian"},{"predicate":{"custom_model_data":1020},"model":"item/blocks/wood_paper_maple"}]}