{"parent":"item/generated","textures":{"layer0":"item/leather_boots","layer1":"item/leather_boots_overlay"},"overrides":[{"predicate":{"custom_model_data":1},"model":"item/armor/crystal/crystal_boots"},{"predicate":{"custom_model_data":2},"model":"item/armor/trooper/trooper_boots"},{"predicate":{"custom_model_data":3},"model":"item/armor/flash/flash_boots"},{"predicate":{"custom_model_data":4},"model":"item/armor/spiderman/spiderman_boots"},{"predicate":{"custom_model_data":5},"model":"item/armor/ironman/ironman_boots"},{"predicate":{"custom_model_data":6},"model":"item/armor/valentines/valentine_boots"},{"predicate":{"custom_model_data":7},"model":"item/armor/snowstorm/boots"},{"predicate":{"custom_model_data":8},"model":"item/leprechaun/leprechaun_boots"},{"predicate":{"custom_model_data":9},"model":"item/armor/phoenix/boots"},{"predicate":{"custom_model_data":10},"model":"item/armor/paladin/boots"},{"predicate":{"custom_model_data":11},"model":"item/armor/blaze/boots"},{"predicate":{"custom_model_data":12},"model":"item/armor/goblin/boots"},{"predicate":{"custom_model_data":13},"model":"item/armor/silver_knight/boots"},{"predicate":{"custom_model_data":14},"model":"item/armor/pumpkin/boots"},{"predicate":{"custom_model_data":15},"model":"item/armor/fall_set/boots"},{"predicate":{"custom_model_data":16},"model":"item/armor/winter/boots"}]}