{"data":143,"parent":"item/generated","textures":{"layer0":"item/leather_horse_armor"},"overrides":[{"predicate":{"custom_model_data":1},"model":"accessories/beach_ball_balloon/body"},{"predicate":{"custom_model_data":2},"model":"pets/bulb/sprig1"},{"predicate":{"custom_model_data":3},"model":"pets/bulb/sprig2"},{"predicate":{"custom_model_data":4},"model":"pets/bulb/right_leg"},{"predicate":{"custom_model_data":5},"model":"pets/bulb/left_leg"},{"predicate":{"custom_model_data":6},"model":"pets/bulb/right_arm"},{"predicate":{"custom_model_data":7},"model":"pets/bulb/left_arm"},{"predicate":{"custom_model_data":8},"model":"pets/bulb/bulb"},{"predicate":{"custom_model_data":9},"model":"pets/bulb_sunflower/right_leg"},{"predicate":{"custom_model_data":10},"model":"pets/bulb_sunflower/left_leg"},{"predicate":{"custom_model_data":11},"model":"pets/bulb_sunflower/right_arm"},{"predicate":{"custom_model_data":12},"model":"pets/bulb_sunflower/left_arm"},{"predicate":{"custom_model_data":13},"model":"pets/bulb_sunflower/sunflower"},{"predicate":{"custom_model_data":14},"model":"pets/bulb_sunflower/bulb"},{"predicate":{"custom_model_data":15},"model":"pets/bulbcacti/cacti"},{"predicate":{"custom_model_data":16},"model":"pets/bulbcacti/right_leg"},{"predicate":{"custom_model_data":17},"model":"pets/bulbcacti/left_leg"},{"predicate":{"custom_model_data":18},"model":"pets/bulbcacti/right_arm"},{"predicate":{"custom_model_data":19},"model":"pets/bulbcacti/left_arm"},{"predicate":{"custom_model_data":20},"model":"pets/bulbcacti/bulb"},{"predicate":{"custom_model_data":21},"model":"pets/bulbfungi/shroom"},{"predicate":{"custom_model_data":22},"model":"pets/bulbfungi/right_leg"},{"predicate":{"custom_model_data":23},"model":"pets/bulbfungi/left_leg"},{"predicate":{"custom_model_data":24},"model":"pets/bulbfungi/right_arm"},{"predicate":{"custom_model_data":25},"model":"pets/bulbfungi/left_arm"},{"predicate":{"custom_model_data":26},"model":"pets/bulbfungi/bulb"},{"predicate":{"custom_model_data":27},"model":"pets/bulbshroom/shroom"},{"predicate":{"custom_model_data":28},"model":"pets/bulbshroom/right_leg"},{"predicate":{"custom_model_data":29},"model":"pets/bulbshroom/left_leg"},{"predicate":{"custom_model_data":30},"model":"pets/bulbshroom/right_arm"},{"predicate":{"custom_model_data":31},"model":"pets/bulbshroom/left_arm"},{"predicate":{"custom_model_data":32},"model":"pets/bulbshroom/bulb"},{"predicate":{"custom_model_data":33},"model":"pets/bulbwitherrose/rose"},{"predicate":{"custom_model_data":34},"model":"pets/bulbwitherrose/right_leg"},{"predicate":{"custom_model_data":35},"model":"pets/bulbwitherrose/left_leg"},{"predicate":{"custom_model_data":36},"model":"pets/bulbwitherrose/right_arm"},{"predicate":{"custom_model_data":37},"model":"pets/bulbwitherrose/left_arm"},{"predicate":{"custom_model_data":38},"model":"pets/bulbwitherrose/bulb"},{"predicate":{"custom_model_data":39},"model":"accessories/cloud_balloon/body"},{"predicate":{"custom_model_data":40},"model":"pets/deadbeard_pet/head"},{"predicate":{"custom_model_data":41},"model":"pets/deadbeard_pet/right_leg"},{"predicate":{"custom_model_data":42},"model":"pets/deadbeard_pet/left_leg"},{"predicate":{"custom_model_data":43},"model":"pets/deadbeard_pet/right_arm"},{"predicate":{"custom_model_data":44},"model":"pets/deadbeard_pet/left_arm"},{"predicate":{"custom_model_data":45},"model":"pets/deadbeard_pet/body"},{"predicate":{"custom_model_data":46},"model":"pets/deadbeard_pet/boat"},{"predicate":{"custom_model_data":47},"model":"pets/deadbeard_pet/barrel"},{"predicate":{"custom_model_data":48},"model":"pets/discord2/handles"},{"predicate":{"custom_model_data":49},"model":"pets/discord2/wingr"},{"predicate":{"custom_model_data":50},"model":"pets/discord2/downr"},{"predicate":{"custom_model_data":51},"model":"pets/discord2/topr"},{"predicate":{"custom_model_data":52},"model":"pets/discord2/wingl"},{"predicate":{"custom_model_data":53},"model":"pets/discord2/downl"},{"predicate":{"custom_model_data":54},"model":"pets/discord2/topl"},{"predicate":{"custom_model_data":55},"model":"pets/discord2/base"},{"predicate":{"custom_model_data":56},"model":"pets/discord2/jetpack"},{"predicate":{"custom_model_data":57},"model":"pets/discord2/righth"},{"predicate":{"custom_model_data":58},"model":"pets/discord2/lefth"},{"predicate":{"custom_model_data":59},"model":"pets/discord2/body"},{"predicate":{"custom_model_data":60},"model":"pets/discord2/ears"},{"predicate":{"custom_model_data":61},"model":"pets/discord2/helmet"},{"predicate":{"custom_model_data":62},"model":"pets/discord2/eyes"},{"predicate":{"custom_model_data":63},"model":"pets/discord2/eyes2"},{"predicate":{"custom_model_data":64},"model":"pets/discord2/head"},{"predicate":{"custom_model_data":65},"model":"pets/discord2/leftl"},{"predicate":{"custom_model_data":66},"model":"pets/discord2/rightl"},{"predicate":{"custom_model_data":67},"model":"accessories/kite/body"},{"predicate":{"custom_model_data":68},"model":"pets/nocsy_dragon/right_bout"},{"predicate":{"custom_model_data":69},"model":"pets/nocsy_dragon/right_wing_part2"},{"predicate":{"custom_model_data":70},"model":"pets/nocsy_dragon/right_wing_part"},{"predicate":{"custom_model_data":71},"model":"pets/nocsy_dragon/right_wing"},{"predicate":{"custom_model_data":72},"model":"pets/nocsy_dragon/left_bout"},{"predicate":{"custom_model_data":73},"model":"pets/nocsy_dragon/left_wing_part2"},{"predicate":{"custom_model_data":74},"model":"pets/nocsy_dragon/left_wing_part"},{"predicate":{"custom_model_data":75},"model":"pets/nocsy_dragon/left_wing"},{"predicate":{"custom_model_data":76},"model":"pets/nocsy_dragon/horn_left"},{"predicate":{"custom_model_data":77},"model":"pets/nocsy_dragon/horn_left2"},{"predicate":{"custom_model_data":78},"model":"pets/nocsy_dragon/horn_left3"},{"predicate":{"custom_model_data":79},"model":"pets/nocsy_dragon/horn_right4"},{"predicate":{"custom_model_data":80},"model":"pets/nocsy_dragon/front"},{"predicate":{"custom_model_data":81},"model":"pets/nocsy_dragon/machoire"},{"predicate":{"custom_model_data":82},"model":"pets/nocsy_dragon/eye_lash_right"},{"predicate":{"custom_model_data":83},"model":"pets/nocsy_dragon/eye_lash_left"},{"predicate":{"custom_model_data":84},"model":"pets/nocsy_dragon/head"},{"predicate":{"custom_model_data":85},"model":"pets/nocsy_dragon/neck"},{"predicate":{"custom_model_data":86},"model":"pets/nocsy_dragon/tail_end"},{"predicate":{"custom_model_data":87},"model":"pets/nocsy_dragon/tail"},{"predicate":{"custom_model_data":88},"model":"pets/nocsy_dragon/left_back_leg_fingers"},{"predicate":{"custom_model_data":89},"model":"pets/nocsy_dragon/patte_arriere_right"},{"predicate":{"custom_model_data":90},"model":"pets/nocsy_dragon/right_back_leg_fingers"},{"predicate":{"custom_model_data":91},"model":"pets/nocsy_dragon/patte_arriere_left"},{"predicate":{"custom_model_data":92},"model":"pets/nocsy_dragon/left_forward_hang"},{"predicate":{"custom_model_data":93},"model":"pets/nocsy_dragon/patte_avant_right"},{"predicate":{"custom_model_data":94},"model":"pets/nocsy_dragon/right_forward_hang"},{"predicate":{"custom_model_data":95},"model":"pets/nocsy_dragon/patte_avant_left"},{"predicate":{"custom_model_data":96},"model":"pets/nocsy_dragon/body"},{"predicate":{"custom_model_data":97},"model":"pets/nocsy_dragon_saddled_version/saddle"},{"predicate":{"custom_model_data":98},"model":"pets/nocsy_dragon_saddled_version/right_bout"},{"predicate":{"custom_model_data":99},"model":"pets/nocsy_dragon_saddled_version/right_wing_part2"},{"predicate":{"custom_model_data":100},"model":"pets/nocsy_dragon_saddled_version/right_wing_part"},{"predicate":{"custom_model_data":101},"model":"pets/nocsy_dragon_saddled_version/right_wing"},{"predicate":{"custom_model_data":102},"model":"pets/nocsy_dragon_saddled_version/left_bout"},{"predicate":{"custom_model_data":103},"model":"pets/nocsy_dragon_saddled_version/left_wing_part2"},{"predicate":{"custom_model_data":104},"model":"pets/nocsy_dragon_saddled_version/left_wing_part"},{"predicate":{"custom_model_data":105},"model":"pets/nocsy_dragon_saddled_version/left_wing"},{"predicate":{"custom_model_data":106},"model":"pets/nocsy_dragon_saddled_version/horn_left"},{"predicate":{"custom_model_data":107},"model":"pets/nocsy_dragon_saddled_version/horn_left2"},{"predicate":{"custom_model_data":108},"model":"pets/nocsy_dragon_saddled_version/horn_left3"},{"predicate":{"custom_model_data":109},"model":"pets/nocsy_dragon_saddled_version/horn_right4"},{"predicate":{"custom_model_data":110},"model":"pets/nocsy_dragon_saddled_version/front"},{"predicate":{"custom_model_data":111},"model":"pets/nocsy_dragon_saddled_version/machoire"},{"predicate":{"custom_model_data":112},"model":"pets/nocsy_dragon_saddled_version/eye_lash_right"},{"predicate":{"custom_model_data":113},"model":"pets/nocsy_dragon_saddled_version/eye_lash_left"},{"predicate":{"custom_model_data":114},"model":"pets/nocsy_dragon_saddled_version/head"},{"predicate":{"custom_model_data":115},"model":"pets/nocsy_dragon_saddled_version/neck"},{"predicate":{"custom_model_data":116},"model":"pets/nocsy_dragon_saddled_version/tail_end"},{"predicate":{"custom_model_data":117},"model":"pets/nocsy_dragon_saddled_version/tail"},{"predicate":{"custom_model_data":118},"model":"pets/nocsy_dragon_saddled_version/left_back_leg_fingers"},{"predicate":{"custom_model_data":119},"model":"pets/nocsy_dragon_saddled_version/patte_arriere_right"},{"predicate":{"custom_model_data":120},"model":"pets/nocsy_dragon_saddled_version/right_back_leg_fingers"},{"predicate":{"custom_model_data":121},"model":"pets/nocsy_dragon_saddled_version/patte_arriere_left"},{"predicate":{"custom_model_data":122},"model":"pets/nocsy_dragon_saddled_version/left_forward_hang"},{"predicate":{"custom_model_data":123},"model":"pets/nocsy_dragon_saddled_version/patte_avant_right"},{"predicate":{"custom_model_data":124},"model":"pets/nocsy_dragon_saddled_version/right_forward_hang"},{"predicate":{"custom_model_data":125},"model":"pets/nocsy_dragon_saddled_version/patte_avant_left"},{"predicate":{"custom_model_data":126},"model":"pets/nocsy_dragon_saddled_version/body"},{"predicate":{"custom_model_data":127},"model":"pets/nocsy_pikachu/arms"},{"predicate":{"custom_model_data":128},"model":"pets/nocsy_pikachu/legs"},{"predicate":{"custom_model_data":129},"model":"pets/nocsy_pikachu/tail"},{"predicate":{"custom_model_data":130},"model":"pets/nocsy_pikachu/right_ear"},{"predicate":{"custom_model_data":131},"model":"pets/nocsy_pikachu/left_ear"},{"predicate":{"custom_model_data":132},"model":"pets/nocsy_pikachu/head"},{"predicate":{"custom_model_data":133},"model":"pets/nocsy_pikachu/body"},{"predicate":{"custom_model_data":134},"model":"pets/pet_ghastling/top"},{"predicate":{"custom_model_data":135},"model":"pets/pet_ghastling/tendrils"},{"predicate":{"custom_model_data":136},"model":"pets/pet_ghastling/head"},{"predicate":{"custom_model_data":137},"model":"pets/pet_ghastling_portal/portal"},{"predicate":{"custom_model_data":138},"model":"pets/pet_robolumberjack/right_leg"},{"predicate":{"custom_model_data":139},"model":"pets/pet_robolumberjack/left_arm"},{"predicate":{"custom_model_data":140},"model":"pets/pet_robolumberjack/right_arm"},{"predicate":{"custom_model_data":141},"model":"pets/pet_robolumberjack/head"},{"predicate":{"custom_model_data":142},"model":"pets/pet_robolumberjack/left_leg"},{"predicate":{"custom_model_data":143},"model":"pets/pet_robolumberjack/body"},{"predicate":{"custom_model_data":144},"model":"pets/phoenix_pet/tail"},{"predicate":{"custom_model_data":145},"model":"pets/phoenix_pet/head"},{"predicate":{"custom_model_data":146},"model":"pets/phoenix_pet/legs"},{"predicate":{"custom_model_data":147},"model":"pets/phoenix_pet/right_wing"},{"predicate":{"custom_model_data":148},"model":"pets/phoenix_pet/left_wing"},{"predicate":{"custom_model_data":149},"model":"pets/phoenix_pet/body"},{"predicate":{"custom_model_data":150},"model":"pets/phoenix_pet_parts/head"},{"predicate":{"custom_model_data":151},"model":"pets/phoenix_egg/eggy"},{"predicate":{"custom_model_data":152},"model":"pets/phoenix_egg/phoenix_egg"},{"predicate":{"custom_model_data":153},"model":"pets/phoenix_egg/head"},{"predicate":{"custom_model_data":154},"model":"accessories/rubber_balloon/body"},{"predicate":{"custom_model_data":155},"model":"accessories/shark_balloon/body"},{"predicate":{"custom_model_data":1101},"model":"backpacks/backpack_cat"},{"predicate":{"custom_model_data":1102},"model":"backpacks/backpack_dog"},{"predicate":{"custom_model_data":1103},"model":"backpacks/jetpack"},{"predicate":{"custom_model_data":1104},"model":"backpacks/brown_bear_tail"},{"predicate":{"custom_model_data":1105},"model":"backpacks/knife_backpack"},{"predicate":{"custom_model_data":1106},"model":"backpacks/knight_cloak"},{"predicate":{"custom_model_data":1107},"model":"backpacks/krabby_patty"},{"predicate":{"custom_model_data":1108},"model":"backpacks/mushroom_pot"},{"predicate":{"custom_model_data":1109},"model":"backpacks/angel_wings"},{"predicate":{"custom_model_data":1110},"model":"backpacks/dark_angel_wings"},{"predicate":{"custom_model_data":1111},"model":"backpacks/angel_wings_spread"},{"predicate":{"custom_model_data":1112},"model":"backpacks/dark_angel_wings_spread"},{"predicate":{"custom_model_data":1113},"model":"backpacks/water_wings"},{"predicate":{"custom_model_data":1114},"model":"backpacks/fire_wings"},{"predicate":{"custom_model_data":1115},"model":"backpacks/rose_wings"},{"predicate":{"custom_model_data":1116},"model":"backpacks/steel_wings"},{"predicate":{"custom_model_data":1117},"model":"backpacks/warrior_backpack"},{"predicate":{"custom_model_data":1118},"model":"backpacks/sun_and_moon"},{"predicate":{"custom_model_data":1119},"model":"backpacks/scroll_backpack"},{"predicate":{"custom_model_data":1120},"model":"backpacks/glutony_backpack"},{"predicate":{"custom_model_data":1121},"model":"backpacks/demonic_whisper_backpack"},{"predicate":{"custom_model_data":1122},"model":"backpacks/cultist_backpack"},{"predicate":{"custom_model_data":1123},"model":"backpacks/arcane_crystals"},{"predicate":{"custom_model_data":1124},"model":"backpacks/antlers_backpack"},{"predicate":{"custom_model_data":1125},"model":"backpacks/angelic_backpack"}]}