{"parent":"item/generated","textures":{"layer0":"item/leather_chestplate","layer1":"item/leather_chestplate_overlay"},"overrides":[{"predicate":{"custom_model_data":1},"model":"item/armor/crystal/crystal_chestplate"},{"predicate":{"custom_model_data":2},"model":"item/armor/trooper/trooper_chestplate"},{"predicate":{"custom_model_data":3},"model":"item/armor/flash/flash_chestplate"},{"predicate":{"custom_model_data":4},"model":"item/armor/spiderman/spiderman_chestplate"},{"predicate":{"custom_model_data":5},"model":"item/armor/ironman/ironman_chestplate"},{"predicate":{"custom_model_data":6},"model":"item/armor/valentines/valentine_chestplate"},{"predicate":{"custom_model_data":7},"model":"item/armor/snowstorm/chestplate"},{"predicate":{"custom_model_data":8},"model":"item/leprechaun/leprechaun_chestplate"},{"predicate":{"custom_model_data":9},"model":"item/armor/phoenix/chestplate"},{"predicate":{"custom_model_data":10},"model":"item/armor/paladin/chestplate"},{"predicate":{"custom_model_data":10006},"model":"item/armor/phoenix/chestplate"},{"predicate":{"custom_model_data":11},"model":"item/armor/blaze/chestplate"},{"predicate":{"custom_model_data":12},"model":"item/armor/goblin/chestplate"},{"predicate":{"custom_model_data":13},"model":"item/armor/silver_knight/chestplate"},{"predicate":{"custom_model_data":14},"model":"item/armor/pumpkin/chestplate"},{"predicate":{"custom_model_data":15},"model":"item/armor/fall_set/chestplate"},{"predicate":{"custom_model_data":16},"model":"item/armor/winter/chestplate"}]}