{"parent":"item/generated","textures":{"layer0":"item/leather_leggings","layer1":"item/leather_leggings_overlay"},"overrides":[{"predicate":{"custom_model_data":1},"model":"item/armor/crystal/crystal_leggings"},{"predicate":{"custom_model_data":2},"model":"item/armor/trooper/trooper_leggings"},{"predicate":{"custom_model_data":3},"model":"item/armor/flash/flash_leggings"},{"predicate":{"custom_model_data":4},"model":"item/armor/spiderman/spiderman_leggings"},{"predicate":{"custom_model_data":5},"model":"item/armor/ironman/ironman_leggings"},{"predicate":{"custom_model_data":6},"model":"item/armor/valentines/valentine_leggings"},{"predicate":{"custom_model_data":7},"model":"item/armor/snowstorm/leggings"},{"predicate":{"custom_model_data":8},"model":"item/leprechaun/leprechaun_leggings"},{"predicate":{"custom_model_data":9},"model":"item/armor/phoenix/leggings"},{"predicate":{"custom_model_data":10},"model":"item/armor/paladin/leggings"},{"predicate":{"custom_model_data":11},"model":"item/armor/blaze/leggings"},{"predicate":{"custom_model_data":12},"model":"item/armor/goblin/leggings"},{"predicate":{"custom_model_data":13},"model":"item/armor/silver_knight/leggings"},{"predicate":{"custom_model_data":14},"model":"item/armor/pumpkin/leggings"},{"predicate":{"custom_model_data":15},"model":"item/armor/fall_set/leggings"},{"predicate":{"custom_model_data":15},"model":"item/armor/winter/leggings"}]}