{"parent":"item/generated","textures":{"layer0":"item/leather_helmet","layer1":"item/leather_helmet_overlay"},"overrides":[{"predicate":{"custom_model_data":1},"model":"item/armor/crystal/crystal_helmet"},{"predicate":{"custom_model_data":2},"model":"item/armor/trooper/trooper_helmet"},{"predicate":{"custom_model_data":3},"model":"item/armor/flash/flash_helmet"},{"predicate":{"custom_model_data":4},"model":"item/armor/spiderman/spiderman_helmet"},{"predicate":{"custom_model_data":5},"model":"item/armor/ironman/ironman_helmet"},{"predicate":{"custom_model_data":6},"model":"item/armor/valentines/valentine_helmet"},{"predicate":{"custom_model_data":10},"model":"item/armor/paladin/helmet"},{"predicate":{"custom_model_data":11},"model":"item/armor/blaze/helmet"},{"predicate":{"custom_model_data":12},"model":"item/armor/goblin/helmet"},{"predicate":{"custom_model_data":13},"model":"item/armor/silver_knight/helmet"},{"predicate":{"custom_model_data":14},"model":"item/armor/pumpkin/helmet"},{"predicate":{"custom_model_data":15},"model":"item/armor/fall_set/helmet"},{"predicate":{"custom_model_data":16},"model":"item/armor/winter/helmet"}]}