{"parent":"minecraft:item/handheld","textures":{"layer0":"minecraft:item/netherite_axe"},"overrides":[{"predicate":{"custom_model_data":1},"model":"item/crystal_items/crystal_axe"},{"predicate":{"custom_model_data":2},"model":"item/valentines/valentines_axe"},{"predicate":{"custom_model_data":5},"model":"item/armor/snowstorm/axe"},{"predicate":{"custom_model_data":8},"model":"item/leprechaun/leprechaun_axe"},{"predicate":{"custom_model_data":9},"model":"item/armor/phoenix/axe"},{"predicate":{"custom_model_data":10},"model":"item/armor/paladin/axe"},{"predicate":{"custom_model_data":11},"model":"item/armor/blaze/axe"},{"predicate":{"custom_model_data":12},"model":"item/armor/goblin/axe"},{"predicate":{"custom_model_data":13},"model":"item/armor/silver_knight/axe"},{"predicate":{"custom_model_data":14},"model":"item/armor/pumpkin/axe"},{"predicate":{"custom_model_data":15},"model":"item/armor/fall_set/axe"},{"predicate":{"custom_model_data":16},"model":"item/armor/winter/axe"}]}