{"parent":"minecraft:item/handheld","textures":{"layer0":"minecraft:item/netherite_hoe"},"overrides":[{"predicate":{"custom_model_data":1},"model":"item/crystal_items/crystal_hoe"},{"predicate":{"custom_model_data":2},"model":"item/valentines/valentines_hoe"},{"predicate":{"custom_model_data":5},"model":"item/armor/snowstorm/hoe"},{"predicate":{"custom_model_data":8},"model":"item/leprechaun/leprechaun_hoe"},{"predicate":{"custom_model_data":9},"model":"item/armor/phoenix/hoe"},{"predicate":{"custom_model_data":10},"model":"item/armor/paladin/hoe"},{"predicate":{"custom_model_data":11},"model":"item/armor/blaze/hoe"},{"predicate":{"custom_model_data":12},"model":"item/armor/goblin/hoe"},{"predicate":{"custom_model_data":13},"model":"item/armor/silver_knight/hoe"},{"predicate":{"custom_model_data":14},"model":"item/armor/pumpkin/hoe"},{"predicate":{"custom_model_data":15},"model":"item/armor/fall_set/hoe"},{"predicate":{"custom_model_data":16},"model":"item/armor/winter/hoe"}]}