{"parent":"minecraft:item/handheld","textures":{"layer0":"minecraft:item/netherite_pickaxe"},"overrides":[{"predicate":{"custom_model_data":1},"model":"item/crystal_items/crystal_pickaxe"},{"predicate":{"custom_model_data":2},"model":"item/valentines/valentines_pickaxe"},{"predicate":{"custom_model_data":5},"model":"item/armor/snowstorm/pickaxe"},{"predicate":{"custom_model_data":8},"model":"item/leprechaun/leprechaun_pickaxe"},{"predicate":{"custom_model_data":9},"model":"item/armor/phoenix/pickaxe"},{"predicate":{"custom_model_data":10},"model":"item/armor/paladin/pickaxe"},{"predicate":{"custom_model_data":11},"model":"item/armor/blaze/pickaxe"},{"predicate":{"custom_model_data":12},"model":"item/armor/goblin/pickaxe"},{"predicate":{"custom_model_data":13},"model":"item/armor/silver_knight/pickaxe"},{"predicate":{"custom_model_data":14},"model":"item/armor/pumpkin/pickaxe"},{"predicate":{"custom_model_data":15},"model":"item/armor/fall_set/pickaxe"},{"predicate":{"custom_model_data":16},"model":"item/armor/winter/pickaxe"}]}