{"parent":"item/generated","textures":{"layer0":"item/paper"},"overrides":[{"predicate":{"custom_model_data":100},"model":"item/gui/empty_item"},{"predicate":{"custom_model_data":101},"model":"item/hats/hat_tiki"},{"predicate":{"custom_model_data":102},"model":"item/hats/hat_skull"},{"predicate":{"custom_model_data":103},"model":"item/hats/darth_vader_helmet"},{"predicate":{"custom_model_data":104},"model":"item/hats/santa_hat"},{"predicate":{"custom_model_data":105},"model":"item/hats/kraken_purple"},{"predicate":{"custom_model_data":106},"model":"item/hats/shark_head"},{"predicate":{"custom_model_data":107},"model":"item/hats/pirate_hat"},{"predicate":{"custom_model_data":108},"model":"item/hats/mushroom_hat"},{"predicate":{"custom_model_data":109},"model":"item/hats/krusty_krab_hat"},{"predicate":{"custom_model_data":110},"model":"item/hats/knight_helmet"},{"predicate":{"custom_model_data":111},"model":"item/hats/chef_hat"},{"predicate":{"custom_model_data":112},"model":"item/hats/brown_bear_hat"},{"predicate":{"custom_model_data":113},"model":"item/hats/rascal"},{"predicate":{"custom_model_data":114},"model":"item/hats/sniffer_mask"},{"predicate":{"custom_model_data":115},"model":"item/hats/tuff_golem"},{"predicate":{"custom_model_data":901},"model":"item/dungeons/left_arrow"},{"predicate":{"custom_model_data":902},"model":"item/dungeons/right_arrow"},{"predicate":{"custom_model_data":903},"model":"item/dungeons/question_mark"},{"predicate":{"custom_model_data":500},"model":"item/skyblock/minion/number_0"},{"predicate":{"custom_model_data":501},"model":"item/skyblock/minion/number_1"},{"predicate":{"custom_model_data":502},"model":"item/skyblock/minion/number_2"},{"predicate":{"custom_model_data":503},"model":"item/skyblock/minion/number_3"},{"predicate":{"custom_model_data":504},"model":"item/skyblock/minion/number_4"},{"predicate":{"custom_model_data":505},"model":"item/skyblock/minion/number_5"},{"predicate":{"custom_model_data":506},"model":"item/skyblock/minion/number_6"},{"predicate":{"custom_model_data":507},"model":"item/skyblock/minion/number_7"},{"predicate":{"custom_model_data":508},"model":"item/skyblock/minion/number_8"},{"predicate":{"custom_model_data":509},"model":"item/skyblock/minion/number_9"},{"predicate":{"custom_model_data":601},"model":"item/offhands/mushroom"},{"predicate":{"custom_model_data":602},"model":"item/offhands/krusty_krab_spatula"},{"predicate":{"custom_model_data":603},"model":"item/offhands/saucepan"},{"predicate":{"custom_model_data":604},"model":"item/offhands/knight_sword"},{"predicate":{"custom_model_data":605},"model":"item/offhands/brown_bear_claw"},{"predicate":{"custom_model_data":606},"model":"item/offhands/vs_staff_adept"},{"predicate":{"custom_model_data":607},"model":"item/offhands/vs_staff_aquatic"},{"predicate":{"custom_model_data":608},"model":"item/offhands/vs_staff_arcana"},{"predicate":{"custom_model_data":609},"model":"item/offhands/vs_staff_bamboo"},{"predicate":{"custom_model_data":610},"model":"item/offhands/vs_staff_druid"},{"predicate":{"custom_model_data":611},"model":"item/offhands/vs_staff_eagle"},{"predicate":{"custom_model_data":10001},"model":"item/armor/snowstorm/helmet"},{"predicate":{"custom_model_data":10002},"model":"item/armor/snowstorm/chestplate"},{"predicate":{"custom_model_data":10003},"model":"item/leprechaun/leprechaun_helmet"},{"predicate":{"custom_model_data":10005},"model":"item/armor/phoenix/helmet"},{"predicate":{"custom_model_data":10006},"model":"item/armor/phoenix/chestplate"},{"predicate":{"custom_model_data":20001},"model":"skyblock/collector"},{"predicate":{"custom_model_data":20002},"model":"skyblock/farmer"},{"predicate":{"custom_model_data":20003},"model":"skyblock/lumberjack"},{"predicate":{"custom_model_data":20004},"model":"skyblock/miner"},{"predicate":{"custom_model_data":20005},"model":"skyblock/slayer"},{"predicate":{"custom_model_data":80005},"model":"icons/bank_note"},{"predicate":{"custom_model_data":80006},"model":"icons/coin"},{"predicate":{"custom_model_data":80006},"model":"icons/coin_pile"},{"predicate":{"custom_model_data":80007},"model":"icons/coin_pile"},{"predicate":{"custom_model_data":80008},"model":"icons/server_selector"},{"predicate":{"custom_model_data":80009},"model":"icons/player_profile"},{"predicate":{"custom_model_data":80010},"model":"icons/player_profile/accessories"},{"predicate":{"custom_model_data":80011},"model":"icons/player_profile/backpacks"},{"predicate":{"custom_model_data":80014},"model":"icons/player_profile/emotes"},{"predicate":{"custom_model_data":80016},"model":"icons/player_profile/hats"},{"predicate":{"custom_model_data":80017},"model":"icons/player_profile/pets"},{"predicate":{"custom_model_data":80021},"model":"icons/player_profile/tags"},{"predicate":{"custom_model_data":80022},"model":"icons/player_profile/trails"},{"predicate":{"custom_model_data":90001},"model":"decorations/globe_large"},{"predicate":{"custom_model_data":90002},"model":"decorations/traffic_cone"},{"predicate":{"custom_model_data":90003},"model":"decorations/construction_hat"},{"predicate":{"custom_model_data":90004},"model":"decorations/stack_of_planks"},{"predicate":{"custom_model_data":90005},"model":"decorations/builder_hammer"},{"predicate":{"custom_model_data":90006},"model":"decorations/tape_measure"},{"predicate":{"custom_model_data":90007},"model":"decorations/caution_tape"},{"predicate":{"custom_model_data":90008},"model":"icons/general_ui/info"},{"predicate":{"custom_model_data":90009},"model":"icons/general_ui/profile"},{"predicate":{"custom_model_data":90010},"model":"decorations/bench"},{"predicate":{"custom_model_data":90011},"model":"icons/chat_channels/english"},{"predicate":{"custom_model_data":90012},"model":"icons/chat_channels/english_selected"},{"predicate":{"custom_model_data":90013},"model":"icons/chat_channels/spanish"},{"predicate":{"custom_model_data":90014},"model":"icons/chat_channels/spanish_selected"},{"predicate":{"custom_model_data":90015},"model":"decorations/big_halloween_pumpkin"},{"predicate":{"custom_model_data":90016},"model":"decorations/ghost"},{"predicate":{"custom_model_data":90017},"model":"decorations/grave_stone"},{"predicate":{"custom_model_data":90018},"model":"decorations/halloween_pumpkin"},{"predicate":{"custom_model_data":90019},"model":"decorations/scarecrow"},{"predicate":{"custom_model_data":90020},"model":"decorations/small_halloween_pumpkin"},{"predicate":{"custom_model_data":90021},"model":"decorations/stack_of_planks_two"},{"predicate":{"custom_model_data":90022},"model":"decorations/record_player"},{"predicate":{"custom_model_data":90023},"model":"decorations/hot_chocolate"},{"predicate":{"custom_model_data":90024},"model":"decorations/vinyl_graduation"},{"predicate":{"custom_model_data":90025},"model":"decorations/vinyl_thriller"},{"predicate":{"custom_model_data":90026},"model":"decorations/vinyl_igor"},{"predicate":{"custom_model_data":90027},"model":"decorations/vinyl_gkmc"},{"predicate":{"custom_model_data":90028},"model":"decorations/vinyl_ksg"},{"predicate":{"custom_model_data":90029},"model":"decorations/vinyl_starboy"},{"predicate":{"custom_model_data":90030},"model":"icons/gold_exclaimation_mark"},{"predicate":{"custom_model_data":90031},"model":"icons/gold_question_mark"}]}