{"display":{"thirdperson_righthand":{"rotation":[0,-90,0],"translation":[1.75,0.5,1.5],"scale":[1.1,1.1,1.1]},"thirdperson_lefthand":{"rotation":[0,-90,0],"translation":[1.75,0.5,1.5],"scale":[1.1,1.1,1.1]},"firstperson_righthand":{"rotation":[-8.25,-90,0],"translation":[1.13,1.2,2.38],"scale":[0.68,0.68,0.68]},"firstperson_lefthand":{"rotation":[-8.25,-90,0],"translation":[1.13,1.2,2.38],"scale":[0.68,0.68,0.68]},"gui":{"rotation":[-2.5,-3.43,-36.06],"translation":[-1.75,-3.75,0],"scale":[0.7,0.7,0.7]}},"texture_size":[32,32],"textures":{"0":"items/offhands/knight_sword","particle":"items/offhands/knight_sword"},"elements":[{"from":[7,4,9],"to":[9,9,11],"faces":{"north":{"uv":[5,6,6,8.5],"texture":"#0"},"east":{"uv":[6,6,7,8.5],"texture":"#0"},"south":{"uv":[0,6.5,1,9],"texture":"#0"},"west":{"uv":[1,6.5,2,9],"texture":"#0"},"up":{"uv":[5.5,10.5,4.5,9.5],"texture":"#0"},"down":{"uv":[6.5,9.5,5.5,10.5],"texture":"#0"}}},{"from":[6.75,2,8.75],"to":[9.25,4,11.25],"faces":{"north":{"uv":[8.5,3,10,4],"texture":"#0"},"east":{"uv":[8.5,4,10,5],"texture":"#0"},"south":{"uv":[5,8.5,6.5,9.5],"texture":"#0"},"west":{"uv":[8.5,5,10,6],"texture":"#0"},"up":{"uv":[3.5,8,2,6.5],"texture":"#0"},"down":{"uv":[5,6.5,3.5,8],"texture":"#0"}}},{"from":[5.75,9,8.75],"to":[9.75,12,11.25],"faces":{"north":{"uv":[5,0,7,1.5],"texture":"#0"},"east":{"uv":[7,0,8.5,1.5],"texture":"#0"},"south":{"uv":[5,1.5,7,3],"texture":"#0"},"west":{"uv":[7,1.5,8.5,3],"texture":"#0"},"up":{"uv":[7,4.5,5,3],"texture":"#0"},"down":{"uv":[7,4.5,5,6],"texture":"#0"}}},{"from":[12.5,4.5,9.25],"to":[15.5,7.5,10.75],"rotation":{"angle":22.5,"axis":"z","origin":[0,0,0]},"faces":{"north":{"uv":[7,3,8.5,4.5],"texture":"#0"},"east":{"uv":[8.5,6,9.5,7.5],"texture":"#0"},"south":{"uv":[7,4.5,8.5,6],"texture":"#0"},"west":{"uv":[8.5,7.5,9.5,9],"texture":"#0"},"up":{"uv":[1.5,10,0,9],"texture":"#0"},"down":{"uv":[8,9,6.5,10],"texture":"#0"}}},{"from":[-1,10.5,9.25],"to":[2,13.5,10.75],"rotation":{"angle":-22.5,"axis":"z","origin":[0,0,0]},"faces":{"north":{"uv":[7,6,8.5,7.5],"texture":"#0"},"east":{"uv":[8,9,9,10.5],"texture":"#0"},"south":{"uv":[7,7.5,8.5,9],"texture":"#0"},"west":{"uv":[9,9,10,10.5],"texture":"#0"},"up":{"uv":[3,10.5,1.5,9.5],"texture":"#0"},"down":{"uv":[4.5,9.5,3,10.5],"texture":"#0"}}},{"from":[-3.25,11.25,11.25],"to":[-0.25,14.25,11.75],"rotation":{"angle":-45,"axis":"z","origin":[0,0,0]},"faces":{"north":{"uv":[2,8,3.5,9.5],"texture":"#0"},"east":{"uv":[0,10,0.5,11.5],"texture":"#0"},"south":{"uv":[3.5,8,5,9.5],"texture":"#0"},"west":{"uv":[10,0,10.5,1.5],"texture":"#0"},"up":{"uv":[11,8.5,9.5,8],"texture":"#0"},"down":{"uv":[11,8.5,9.5,9],"texture":"#0"}}},{"from":[-3.25,11.25,8.25],"to":[-0.25,14.25,8.75],"rotation":{"angle":-45,"axis":"z","origin":[0,0,0]},"faces":{"north":{"uv":[8.5,0,10,1.5],"texture":"#0"},"east":{"uv":[0.5,10,1,11.5],"texture":"#0"},"south":{"uv":[8.5,1.5,10,3],"texture":"#0"},"west":{"uv":[1,10,1.5,11.5],"texture":"#0"},"up":{"uv":[11.5,2,10,1.5],"texture":"#0"},"down":{"uv":[11.5,2,10,2.5],"texture":"#0"}}},{"from":[7,12,9.5],"to":[9,25,10.5],"faces":{"north":{"uv":[0,0,1,6.5],"texture":"#0"},"east":{"uv":[2,0,2.5,6.5],"texture":"#0"},"south":{"uv":[1,0,2,6.5],"texture":"#0"},"west":{"uv":[2.5,0,3,6.5],"texture":"#0"},"up":{"uv":[11,3,10,2.5],"texture":"#0"},"down":{"uv":[11,3,10,3.5],"texture":"#0"}}},{"from":[6,12,10],"to":[7,25,10],"faces":{"north":{"uv":[3,0,3.5,6.5],"texture":"#0"},"east":{"uv":[0,0,0,6.5],"texture":"#0"},"south":{"uv":[3.5,0,4,6.5],"texture":"#0"},"west":{"uv":[0,0,0,6.5],"texture":"#0"},"up":{"uv":[0.5,0,0,0],"texture":"#0"},"down":{"uv":[0.5,0,0,0],"texture":"#0"}}},{"from":[9,12,10],"to":[10,25,10],"faces":{"north":{"uv":[4,0,4.5,6.5],"texture":"#0"},"east":{"uv":[0,0,0,6.5],"texture":"#0"},"south":{"uv":[4.5,0,5,6.5],"texture":"#0"},"west":{"uv":[0,0,0,6.5],"texture":"#0"},"up":{"uv":[0.5,0,0,0],"texture":"#0"},"down":{"uv":[0.5,0,0,0],"texture":"#0"}}},{"from":[7,25,10],"to":[9,27,10],"faces":{"north":{"uv":[9.5,6,10.5,7],"texture":"#0"},"east":{"uv":[0,0,0,1],"texture":"#0"},"south":{"uv":[9.5,7,10.5,8],"texture":"#0"},"west":{"uv":[0,0,0,1],"texture":"#0"},"up":{"uv":[1,0,0,0],"texture":"#0"},"down":{"uv":[1,0,0,0],"texture":"#0"}}}],"gui_light":"front"}