{"display":{"thirdperson_righthand":{"rotation":[90,0,0],"translation":[0.75,1.75,6.25],"scale":[0.7,0.7,0.7]},"thirdperson_lefthand":{"rotation":[90,0,0],"translation":[-0.75,1.75,6.25],"scale":[0.7,0.7,0.7]},"firstperson_righthand":{"translation":[0,4.25,0]},"firstperson_lefthand":{"translation":[0,4.25,0]},"ground":{"translation":[0.75,0,2.25],"scale":[0.5,0.5,0.5]},"gui":{"rotation":[37,-38,0],"translation":[-1.75,2.5,0],"scale":[0.7,0.7,0.7]}},"texture_size":[32,32],"textures":{"0":"items/offhands/krusty_krab_spatula","particle":"items/offhands/krusty_krab_spatula"},"elements":[{"from":[6,0,9],"to":[8,2,15],"faces":{"north":{"uv":[6.5,2.5,7.5,3.5],"texture":"#0"},"east":{"uv":[3.5,4.5,6.5,5.5],"texture":"#0"},"south":{"uv":[4.5,6.5,5.5,7.5],"texture":"#0"},"west":{"uv":[5.5,0,8.5,1],"texture":"#0"},"up":{"uv":[6.5,4,5.5,1],"texture":"#0"},"down":{"uv":[4.5,5.5,3.5,8.5],"texture":"#0"}}},{"from":[6,0.5,0],"to":[8,1.5,9],"faces":{"north":{"uv":[6.5,3.5,7.5,4],"texture":"#0"},"east":{"uv":[5.5,4,10,4.5],"texture":"#0"},"south":{"uv":[6.5,4.5,7.5,5],"texture":"#0"},"west":{"uv":[4.5,5.5,9,6],"texture":"#0"},"up":{"uv":[4.5,4.5,3.5,0],"texture":"#0"},"down":{"uv":[5.5,0,4.5,4.5],"texture":"#0"}}},{"from":[3.5,0.5,-7],"to":[10.5,1.5,0],"faces":{"north":{"uv":[4.5,6,8,6.5],"texture":"#0"},"east":{"uv":[6.5,1,10,1.5],"texture":"#0"},"south":{"uv":[6.5,1.5,10,2],"texture":"#0"},"west":{"uv":[6.5,2,10,2.5],"texture":"#0"},"up":{"uv":[3.5,3.5,0,0],"texture":"#0"},"down":{"uv":[3.5,3.5,0,7],"texture":"#0"}}}]}