{"display":{"thirdperson_righthand":{"rotation":[0,-90,0],"translation":[-1,0.5,0.5]},"thirdperson_lefthand":{"rotation":[0,-90,0],"translation":[-1,0.5,0.5]},"firstperson_righthand":{"rotation":[38,58,-75],"translation":[1.5,2.25,1.5],"scale":[0.5,0.5,0.5]},"firstperson_lefthand":{"rotation":[38,58,-75],"translation":[1.5,2.25,1.5],"scale":[0.5,0.5,0.5]},"ground":{"rotation":[15,-8,25],"scale":[0.5,0.5,0.5]},"gui":{"rotation":[0,-180,45],"translation":[0.25,1.5,0],"scale":[0.49,0.49,0.49]},"fixed":{"translation":[0,2,-2]}},"texture_size":[32,32],"textures":{"1":"items/offhands/vs_staff_arcana"},"elements":[{"from":[7.001,0.001,6.001],"to":[8.999,10.999,7.999],"rotation":{"angle":0,"axis":"y","origin":[8,14.5,7.0005]},"faces":{"north":{"uv":[4.258,0.008,4.742,2.742],"texture":"#1"},"east":{"uv":[4.258,2.758,4.742,5.492],"texture":"#1"},"south":{"uv":[4.758,0.008,5.242,2.742],"texture":"#1"},"west":{"uv":[4.758,2.758,5.242,5.492],"texture":"#1"},"up":{"uv":[6.242,5.992,5.758,5.508],"texture":"#1"},"down":{"uv":[4.742,6.008,4.258,6.492],"texture":"#1"}}},{"from":[3.95206,13.98786,6.499],"to":[7.95406,15.98986,7.501],"rotation":{"angle":-45,"axis":"z","origin":[8,14.5,7.0005]},"faces":{"north":{"uv":[5.258,0.008,6.242,0.492],"texture":"#1"},"east":{"uv":[7.008,6.508,7.242,6.992],"texture":"#1"},"south":{"uv":[5.258,0.508,6.242,0.992],"texture":"#1"},"west":{"uv":[6.758,7.008,6.992,7.492],"texture":"#1"},"up":{"uv":[6.742,6.242,5.758,6.008],"texture":"#1"},"down":{"uv":[7.242,0.008,6.258,0.242],"texture":"#1"}}},{"from":[5.34906,-15.80195,6.5],"to":[6.34906,-11.80195,7.5],"rotation":{"angle":0,"axis":"y","origin":[8,14.5,7.0005]},"faces":{"north":{"uv":[4.758,6.008,4.992,6.992],"texture":"#1"},"east":{"uv":[5.008,6.008,5.242,6.992],"texture":"#1"},"south":{"uv":[6.258,0.258,6.492,1.242],"texture":"#1"},"west":{"uv":[6.258,1.258,6.492,2.242],"texture":"#1"},"up":{"uv":[7.742,5.742,7.508,5.508],"texture":"#1"},"down":{"uv":[7.742,6.258,7.508,6.492],"texture":"#1"}}},{"from":[-0.76164,-11.18649,6.501],"to":[0.23636,-9.18849,7.499],"rotation":{"angle":22.5,"axis":"z","origin":[8,14.5,7.0005]},"faces":{"north":{"uv":[7.008,7.008,7.242,7.492],"texture":"#1"},"east":{"uv":[7.258,0.008,7.492,0.492],"texture":"#1"},"south":{"uv":[7.258,0.508,7.492,0.992],"texture":"#1"},"west":{"uv":[7.258,1.008,7.492,1.492],"texture":"#1"},"up":{"uv":[6.992,7.742,6.758,7.508],"texture":"#1"},"down":{"uv":[7.242,7.508,7.008,7.742],"texture":"#1"}}},{"from":[16.54105,-12.93062,6.501],"to":[17.53905,-10.43262,7.499],"rotation":{"angle":-22.5,"axis":"z","origin":[8,14.5,7.0005]},"faces":{"north":{"uv":[5.508,6.508,5.742,7.242],"texture":"#1"},"east":{"uv":[6.758,4.508,6.992,5.242],"texture":"#1"},"south":{"uv":[6.758,5.258,6.992,5.992],"texture":"#1"},"west":{"uv":[7.008,4.508,7.242,5.242],"texture":"#1"},"up":{"uv":[7.492,7.742,7.258,7.508],"texture":"#1"},"down":{"uv":[7.742,7.508,7.508,7.742],"texture":"#1"}}},{"from":[-10.18907,-4.80795,6.5],"to":[-8.18907,-3.80795,7.5],"rotation":{"angle":45,"axis":"z","origin":[8,14.5,7.0005]},"faces":{"north":{"uv":[6.758,6.008,7.242,6.242],"texture":"#1"},"east":{"uv":[7.758,1.508,7.992,1.742],"texture":"#1"},"south":{"uv":[7.258,1.508,7.742,1.742],"texture":"#1"},"west":{"uv":[7.758,1.758,7.992,1.992],"texture":"#1"},"up":{"uv":[7.742,1.992,7.258,1.758],"texture":"#1"},"down":{"uv":[7.742,2.008,7.258,2.242],"texture":"#1"}}},{"from":[-0.90338,-6.44167,6.501],"to":[1.09462,-2.44367,7.499],"rotation":{"angle":22.5,"axis":"z","origin":[8,14.5,7.0005]},"faces":{"north":{"uv":[5.258,1.008,5.742,1.992],"texture":"#1"},"east":{"uv":[6.258,2.258,6.492,3.242],"texture":"#1"},"south":{"uv":[5.258,2.008,5.742,2.992],"texture":"#1"},"west":{"uv":[6.258,5.008,6.492,5.992],"texture":"#1"},"up":{"uv":[7.742,2.492,7.258,2.258],"texture":"#1"},"down":{"uv":[7.742,2.508,7.258,2.742],"texture":"#1"}}},{"from":[6.03033,-9.64124,6.5],"to":[8.03033,-5.64124,7.5],"rotation":{"angle":0,"axis":"y","origin":[8,14.5,7.0005]},"faces":{"north":{"uv":[5.258,3.008,5.742,3.992],"texture":"#1"},"east":{"uv":[5.758,6.258,5.992,7.242],"texture":"#1"},"south":{"uv":[5.258,4.008,5.742,4.992],"texture":"#1"},"west":{"uv":[6.008,6.258,6.242,7.242],"texture":"#1"},"up":{"uv":[7.742,2.992,7.258,2.758],"texture":"#1"},"down":{"uv":[7.742,3.008,7.258,3.242],"texture":"#1"}}},{"from":[-8.77586,0.28222,6.499],"to":[-4.77386,2.28422,7.501],"rotation":{"angle":45,"axis":"z","origin":[8,14.5,7.0005]},"faces":{"north":{"uv":[5.258,5.008,6.242,5.492],"texture":"#1"},"east":{"uv":[7.258,3.258,7.492,3.742],"texture":"#1"},"south":{"uv":[4.258,5.508,5.242,5.992],"texture":"#1"},"west":{"uv":[7.258,3.758,7.492,4.242],"texture":"#1"},"up":{"uv":[7.242,3.492,6.258,3.258],"texture":"#1"},"down":{"uv":[7.242,3.508,6.258,3.742],"texture":"#1"}}},{"from":[6.12666,21.55866,6.501],"to":[7.12466,23.55666,7.499],"rotation":{"angle":-22.5,"axis":"z","origin":[8,14.5,7.0005]},"faces":{"north":{"uv":[7.258,4.258,7.492,4.742],"texture":"#1"},"east":{"uv":[7.258,4.758,7.492,5.242],"texture":"#1"},"south":{"uv":[7.258,5.258,7.492,5.742],"texture":"#1"},"west":{"uv":[5.508,7.258,5.742,7.742],"texture":"#1"},"up":{"uv":[7.992,2.242,7.758,2.008],"texture":"#1"},"down":{"uv":[7.992,2.258,7.758,2.492],"texture":"#1"}}},{"from":[9.65275,22.80279,6.501],"to":[10.65075,25.30079,7.499],"rotation":{"angle":22.5,"axis":"z","origin":[8,14.5,7.0005]},"faces":{"north":{"uv":[4.758,7.008,4.992,7.742],"texture":"#1"},"east":{"uv":[5.008,7.008,5.242,7.742],"texture":"#1"},"south":{"uv":[7.008,5.258,7.242,5.992],"texture":"#1"},"west":{"uv":[6.508,7.008,6.742,7.742],"texture":"#1"},"up":{"uv":[7.992,2.742,7.758,2.508],"texture":"#1"},"down":{"uv":[7.992,2.758,7.758,2.992],"texture":"#1"}}},{"from":[5.34906,22.80195,6.5],"to":[6.34906,26.80195,7.5],"rotation":{"angle":0,"axis":"y","origin":[8,14.5,7.0005]},"faces":{"north":{"uv":[6.258,6.258,6.492,7.242],"texture":"#1"},"east":{"uv":[6.508,0.258,6.742,1.242],"texture":"#1"},"south":{"uv":[6.508,1.258,6.742,2.242],"texture":"#1"},"west":{"uv":[6.508,2.258,6.742,3.242],"texture":"#1"},"up":{"uv":[7.992,3.242,7.758,3.008],"texture":"#1"},"down":{"uv":[7.992,3.508,7.758,3.742],"texture":"#1"}}},{"from":[2.53885,20.08003,6.5],"to":[4.53885,21.08003,7.5],"rotation":{"angle":-45,"axis":"z","origin":[8,14.5,7.0005]},"faces":{"north":{"uv":[5.758,7.258,6.242,7.492],"texture":"#1"},"east":{"uv":[7.758,3.758,7.992,3.992],"texture":"#1"},"south":{"uv":[7.258,5.758,7.742,5.992],"texture":"#1"},"west":{"uv":[7.758,4.008,7.992,4.242],"texture":"#1"},"up":{"uv":[7.742,6.242,7.258,6.008],"texture":"#1"},"down":{"uv":[7.742,6.508,7.258,6.742],"texture":"#1"}}},{"from":[5.98392,14.81283,6.5],"to":[7.98392,18.81283,7.5],"rotation":{"angle":-22.5,"axis":"z","origin":[8,14.5,7.0005]},"faces":{"north":{"uv":[5.258,5.508,5.742,6.492],"texture":"#1"},"east":{"uv":[4.258,6.508,4.492,7.492],"texture":"#1"},"south":{"uv":[5.758,1.008,6.242,1.992],"texture":"#1"},"west":{"uv":[4.508,6.508,4.742,7.492],"texture":"#1"},"up":{"uv":[7.742,6.992,7.258,6.758],"texture":"#1"},"down":{"uv":[7.742,7.008,7.258,7.242],"texture":"#1"}}},{"from":[6.03133,16.64224,6.501],"to":[8.02933,20.64024,7.499],"rotation":{"angle":0,"axis":"y","origin":[8,14.5,7.0005]},"faces":{"north":{"uv":[5.758,2.008,6.242,2.992],"texture":"#1"},"east":{"uv":[6.508,5.008,6.742,5.992],"texture":"#1"},"south":{"uv":[5.758,3.008,6.242,3.992],"texture":"#1"},"west":{"uv":[5.258,6.508,5.492,7.492],"texture":"#1"},"up":{"uv":[7.742,7.492,7.258,7.258],"texture":"#1"},"down":{"uv":[7.992,0.008,7.508,0.242],"texture":"#1"}}},{"from":[5.998,10.998,6],"to":[10,12,8.002],"rotation":{"angle":0,"axis":"y","origin":[8,14.5,7.0005]},"faces":{"north":{"uv":[6.258,3.758,7.242,3.992],"texture":"#1"},"east":{"uv":[7.508,0.258,7.992,0.492],"texture":"#1"},"south":{"uv":[6.508,6.258,7.492,6.492],"texture":"#1"},"west":{"uv":[7.508,0.508,7.992,0.742],"texture":"#1"},"up":{"uv":[6.742,4.492,5.758,4.008],"texture":"#1"},"down":{"uv":[6.742,4.508,5.758,4.992],"texture":"#1"}}},{"from":[11.18198,13.14503,6.001],"to":[13.18198,14.14503,8.001],"rotation":{"angle":-45,"axis":"z","origin":[8,14.5,7.0005]},"faces":{"north":{"uv":[7.508,0.758,7.992,0.992],"texture":"#1"},"east":{"uv":[7.508,1.008,7.992,1.242],"texture":"#1"},"south":{"uv":[7.508,1.258,7.992,1.492],"texture":"#1"},"west":{"uv":[7.508,3.258,7.992,3.492],"texture":"#1"},"up":{"uv":[6.992,6.992,6.508,6.508],"texture":"#1"},"down":{"uv":[7.242,0.258,6.758,0.742],"texture":"#1"}}},{"from":[2.8166,14.14645,6.001],"to":[3.8166,16.14645,8.001],"rotation":{"angle":45,"axis":"z","origin":[8,14.5,7.0005]},"faces":{"north":{"uv":[6.258,7.258,6.492,7.742],"texture":"#1"},"east":{"uv":[6.758,0.758,7.242,1.242],"texture":"#1"},"south":{"uv":[7.508,3.508,7.742,3.992],"texture":"#1"},"west":{"uv":[6.758,1.258,7.242,1.742],"texture":"#1"},"up":{"uv":[7.742,4.492,7.508,4.008],"texture":"#1"},"down":{"uv":[4.492,7.508,4.258,7.992],"texture":"#1"}}},{"from":[-0.54453,0.12563,6.001],"to":[0.45547,2.12563,8.001],"rotation":{"angle":45,"axis":"z","origin":[8,14.5,7.0005]},"faces":{"north":{"uv":[4.508,7.992,4.742,7.508],"texture":"#1"},"east":{"uv":[6.758,3.242,7.242,2.758],"texture":"#1"},"south":{"uv":[5.258,7.992,5.492,7.508],"texture":"#1"},"west":{"uv":[6.758,4.492,7.242,4.008],"texture":"#1"},"up":{"uv":[6.242,7.992,6.008,7.508],"texture":"#1"},"down":{"uv":[5.992,7.508,5.758,7.992],"texture":"#1"}}},{"from":[-1.54453,2.12563,6.001],"to":[0.45547,3.12563,8.001],"rotation":{"angle":45,"axis":"z","origin":[8,14.5,7.0005]},"faces":{"north":{"uv":[7.508,0.992,7.992,0.758],"texture":"#1"},"east":{"uv":[7.508,1.242,7.992,1.008],"texture":"#1"},"south":{"uv":[7.508,1.492,7.992,1.258],"texture":"#1"},"west":{"uv":[7.508,3.492,7.992,3.258],"texture":"#1"},"up":{"uv":[7.242,0.742,6.758,0.258],"texture":"#1"},"down":{"uv":[6.992,6.508,6.508,6.992],"texture":"#1"}}},{"from":[6.001,-0.999,6.001],"to":[10.001,0.001,8.001],"rotation":{"angle":0,"axis":"y","origin":[8,14.5,7.0005]},"faces":{"north":{"uv":[6.258,3.992,7.242,3.758],"texture":"#1"},"east":{"uv":[7.508,0.492,7.992,0.258],"texture":"#1"},"south":{"uv":[6.508,6.492,7.492,6.258],"texture":"#1"},"west":{"uv":[7.508,0.742,7.992,0.508],"texture":"#1"},"up":{"uv":[6.742,4.992,5.758,4.508],"texture":"#1"},"down":{"uv":[6.742,4.008,5.758,4.492],"texture":"#1"}}},{"from":[15.54594,2.12705,6.001],"to":[17.54594,3.12705,8.001],"rotation":{"angle":-45,"axis":"z","origin":[8,14.5,7.0005]},"faces":{"north":{"uv":[7.508,4.742,7.992,4.508],"texture":"#1"},"east":{"uv":[7.508,4.992,7.992,4.758],"texture":"#1"},"south":{"uv":[7.508,5.242,7.992,5.008],"texture":"#1"},"west":{"uv":[7.508,5.492,7.992,5.258],"texture":"#1"},"up":{"uv":[7.242,2.742,6.758,2.258],"texture":"#1"},"down":{"uv":[7.242,1.758,6.758,2.242],"texture":"#1"}}},{"from":[15.54594,0.12705,6.001],"to":[16.54594,2.12705,8.001],"rotation":{"angle":-45,"axis":"z","origin":[8,14.5,7.0005]},"faces":{"north":{"uv":[6.258,7.742,6.492,7.258],"texture":"#1"},"east":{"uv":[6.758,1.242,7.242,0.758],"texture":"#1"},"south":{"uv":[7.508,3.992,7.742,3.508],"texture":"#1"},"west":{"uv":[6.758,1.742,7.242,1.258],"texture":"#1"},"up":{"uv":[4.492,7.992,4.258,7.508],"texture":"#1"},"down":{"uv":[7.742,4.008,7.508,4.492],"texture":"#1"}}},{"from":[2.8166,13.14645,6.001],"to":[4.8166,14.14645,8.001],"rotation":{"angle":45,"axis":"z","origin":[8,14.5,7.0005]},"faces":{"north":{"uv":[7.508,4.508,7.992,4.742],"texture":"#1"},"east":{"uv":[7.508,4.758,7.992,4.992],"texture":"#1"},"south":{"uv":[7.508,5.008,7.992,5.242],"texture":"#1"},"west":{"uv":[7.508,5.258,7.992,5.492],"texture":"#1"},"up":{"uv":[7.242,2.242,6.758,1.758],"texture":"#1"},"down":{"uv":[7.242,2.258,6.758,2.742],"texture":"#1"}}},{"from":[12.18198,14.14503,6.001],"to":[13.18198,16.14503,8.001],"rotation":{"angle":-45,"axis":"z","origin":[8,14.5,7.0005]},"faces":{"north":{"uv":[4.508,7.508,4.742,7.992],"texture":"#1"},"east":{"uv":[6.758,2.758,7.242,3.242],"texture":"#1"},"south":{"uv":[5.258,7.508,5.492,7.992],"texture":"#1"},"west":{"uv":[6.758,4.008,7.242,4.492],"texture":"#1"},"up":{"uv":[5.992,7.992,5.758,7.508],"texture":"#1"},"down":{"uv":[6.242,7.508,6.008,7.992],"texture":"#1"}}},{"from":[5.86396,-0.36538,7.001],"to":[22.86396,16.63462,7.001],"rotation":{"angle":-45,"axis":"z","origin":[8,14.5,7.0005]},"faces":{"north":{"uv":[0.008,0.008,4.242,4.242],"texture":"#1"},"east":{"uv":[0.008,0.008,0.008,4.242],"texture":"#1"},"south":{"uv":[4.242,0.008,0.008,4.242],"texture":"#1"},"west":{"uv":[0.008,0.008,0.008,4.242],"texture":"#1"},"up":{"uv":[4.242,0.008,0.008,0.008],"texture":"#1"},"down":{"uv":[4.242,0.008,0.008,0.008],"texture":"#1"}}}],"gui_light":"front"}