{"display":{"thirdperson_righthand":{"translation":[0,3,1.5]},"thirdperson_lefthand":{"translation":[0,3,1.5]},"firstperson_righthand":{"rotation":[-28,18,-30],"translation":[1.5,2.25,1.5],"scale":[0.5,0.5,0.5]},"firstperson_lefthand":{"rotation":[-28,18,-30],"translation":[1.5,2.25,1.5],"scale":[0.5,0.5,0.5]},"ground":{"rotation":[15,-8,25],"scale":[0.5,0.5,0.5]},"gui":{"rotation":[0,-180,45],"translation":[-0.75,-0.75,0],"scale":[0.45,0.45,0.45]},"fixed":{"translation":[0,2,-2]}},"texture_size":[32,32],"textures":{"6":"items/offhands/vs_staff_eagle","particle":"items/offhands/vs_staff_eagle"},"elements":[{"from":[7,-11,6],"to":[9,16,8],"rotation":{"angle":45,"axis":"y","origin":[8,1,7]},"faces":{"north":{"uv":[3,4,3.5,10.75],"texture":"#6"},"east":{"uv":[3.5,4,4,10.75],"texture":"#6"},"south":{"uv":[4,4,4.5,10.75],"texture":"#6"},"west":{"uv":[0,4.5,0.5,11.25],"texture":"#6"},"up":{"uv":[7.25,4.25,6.75,3.75],"texture":"#6"},"down":{"uv":[8.25,2.5,7.75,3],"texture":"#6"}}},{"from":[6,6,5],"to":[10,7,9],"rotation":{"angle":0,"axis":"y","origin":[0,0,-1]},"faces":{"north":{"uv":[7.75,2,8.75,2.25],"texture":"#6"},"east":{"uv":[1.25,8,2.25,8.25],"texture":"#6"},"south":{"uv":[8,3,9,3.25],"texture":"#6"},"west":{"uv":[8,3.25,9,3.5],"texture":"#6"},"up":{"uv":[6.5,1,5.5,0],"texture":"#6"},"down":{"uv":[6.5,1,5.5,2],"texture":"#6"}}},{"from":[6,-1,5],"to":[10,0,9],"rotation":{"angle":0,"axis":"y","origin":[0,0,-1]},"faces":{"north":{"uv":[8,3.5,9,3.75],"texture":"#6"},"east":{"uv":[8,3.75,9,4],"texture":"#6"},"south":{"uv":[8,4,9,4.25],"texture":"#6"},"west":{"uv":[8,4.25,9,4.5],"texture":"#6"},"up":{"uv":[6.5,3,5.5,2],"texture":"#6"},"down":{"uv":[1.5,6,0.5,7],"texture":"#6"}}},{"from":[6,-13,6.5],"to":[9,-10,7.5],"rotation":{"angle":-45,"axis":"z","origin":[8,-12,7]},"faces":{"north":{"uv":[5.75,6.5,6.5,7.25],"texture":"#6"},"east":{"uv":[8,8,8.25,8.75],"texture":"#6"},"south":{"uv":[6.5,5.75,7.25,6.5],"texture":"#6"},"west":{"uv":[8.25,0,8.5,0.75],"texture":"#6"},"up":{"uv":[9,1,8.25,0.75],"texture":"#6"},"down":{"uv":[9,1,8.25,1.25],"texture":"#6"}}},{"from":[4.58679,17,7.41781],"to":[7.58679,22,8.41781],"rotation":{"angle":22.5,"axis":"y","origin":[8,20.42493,6.42022]},"faces":{"north":{"uv":[4.5,5.5,5.25,6.75],"texture":"#6"},"east":{"uv":[7.75,0,8,1.25],"texture":"#6"},"south":{"uv":[1.5,6,2.25,7.25],"texture":"#6"},"west":{"uv":[0.5,7.75,0.75,9],"texture":"#6"},"up":{"uv":[2,8.5,1.25,8.25],"texture":"#6"},"down":{"uv":[9,2.25,8.25,2.5],"texture":"#6"}}},{"from":[2.18814,18.96389,8.56993],"to":[7.19214,20.96789,9.57393],"rotation":{"angle":-22.5,"axis":"z","origin":[8,20.42493,6.42022]},"faces":{"north":{"uv":[6,4.25,7.25,4.75],"texture":"#6"},"east":{"uv":[5.75,6,6,6.5],"texture":"#6"},"south":{"uv":[6,4.75,7.25,5.25],"texture":"#6"},"west":{"uv":[1.75,8.5,2,9],"texture":"#6"},"up":{"uv":[8.25,2.5,7,2.25],"texture":"#6"},"down":{"uv":[9,1.25,7.75,1.5],"texture":"#6"}}},{"from":[0.18914,15.96489,8.57093],"to":[2.19114,20.96689,9.57293],"rotation":{"angle":-22.5,"axis":"z","origin":[8,20.42493,6.42022]},"faces":{"north":{"uv":[5.25,6,5.75,7.25],"texture":"#6"},"east":{"uv":[0.75,7.75,1,9],"texture":"#6"},"south":{"uv":[6,5.25,6.5,6.5],"texture":"#6"},"west":{"uv":[1,7.75,1.25,9],"texture":"#6"},"up":{"uv":[9,4.75,8.5,4.5],"texture":"#6"},"down":{"uv":[9,4.75,8.5,5],"texture":"#6"}}},{"from":[-0.92177,15.29402,8.57193],"to":[1.07823,19.29402,9.57193],"rotation":{"angle":0,"axis":"y","origin":[8,20.42493,6.42022]},"faces":{"north":{"uv":[4.75,3,5.25,4],"texture":"#6"},"east":{"uv":[2.25,8,2.5,9],"texture":"#6"},"south":{"uv":[7.25,5.75,7.75,6.75],"texture":"#6"},"west":{"uv":[2.5,8,2.75,9],"texture":"#6"},"up":{"uv":[9,5.25,8.5,5],"texture":"#6"},"down":{"uv":[5.75,8.5,5.25,8.75],"texture":"#6"}}},{"from":[2.99203,12.81761,8.57293],"to":[5.49003,18.31561,9.57093],"rotation":{"angle":-45,"axis":"z","origin":[8,20.42493,6.42022]},"faces":{"north":{"uv":[0.5,4.5,1.25,6],"texture":"#6"},"east":{"uv":[2.75,4.5,3,6],"texture":"#6"},"south":{"uv":[1.25,4.5,2,6],"texture":"#6"},"west":{"uv":[2.75,7.25,3,8.75],"texture":"#6"},"up":{"uv":[9,2.75,8.25,2.5],"texture":"#6"},"down":{"uv":[9,2.75,8.25,3],"texture":"#6"}}},{"from":[0.57761,17.93601,8.57193],"to":[2.57761,19.93601,9.57193],"rotation":{"angle":-45,"axis":"z","origin":[8,20.42493,6.42022]},"faces":{"north":{"uv":[8,4.5,8.5,5],"texture":"#6"},"east":{"uv":[8.5,5.25,8.75,5.75],"texture":"#6"},"south":{"uv":[8,5,8.5,5.5],"texture":"#6"},"west":{"uv":[6.25,8.5,6.5,9],"texture":"#6"},"up":{"uv":[9,6,8.5,5.75],"texture":"#6"},"down":{"uv":[7,8.5,6.5,8.75],"texture":"#6"}}},{"from":[-2.20515,16.0998,8.57293],"to":[-0.20715,19.0978,9.57093],"rotation":{"angle":22.5,"axis":"z","origin":[8,20.42493,6.42022]},"faces":{"north":{"uv":[7.25,6.75,7.75,7.5],"texture":"#6"},"east":{"uv":[2,8.25,2.25,9],"texture":"#6"},"south":{"uv":[7.5,3,8,3.75],"texture":"#6"},"west":{"uv":[4.5,8.25,4.75,9],"texture":"#6"},"up":{"uv":[9,7.25,8.5,7],"texture":"#6"},"down":{"uv":[9,7.25,8.5,7.5],"texture":"#6"}}},{"from":[16.20715,16.0998,8.57293],"to":[18.20515,19.0978,9.57093],"rotation":{"angle":-22.5,"axis":"z","origin":[8,20.42493,6.42022]},"faces":{"north":{"uv":[4.5,7.5,5,8.25],"texture":"#6"},"east":{"uv":[4.75,8.25,5,9],"texture":"#6"},"south":{"uv":[7,7.5,7.5,8.25],"texture":"#6"},"west":{"uv":[6,8.25,6.25,9],"texture":"#6"},"up":{"uv":[9,7.75,8.5,7.5],"texture":"#6"},"down":{"uv":[9,7.75,8.5,8],"texture":"#6"}}},{"from":[13.42239,17.93601,8.57193],"to":[15.42239,19.93601,9.57193],"rotation":{"angle":45,"axis":"z","origin":[8,20.42493,6.42022]},"faces":{"north":{"uv":[5.25,8,5.75,8.5],"texture":"#6"},"east":{"uv":[8.5,8.25,8.75,8.75],"texture":"#6"},"south":{"uv":[8,5.5,8.5,6],"texture":"#6"},"west":{"uv":[8.75,0,9,0.5],"texture":"#6"},"up":{"uv":[9.25,0.75,8.75,0.5],"texture":"#6"},"down":{"uv":[9.25,2,8.75,2.25],"texture":"#6"}}},{"from":[10.50997,12.81761,8.57293],"to":[13.00797,18.31561,9.57093],"rotation":{"angle":45,"axis":"z","origin":[8,20.42493,6.42022]},"faces":{"north":{"uv":[2,4.5,2.75,6],"texture":"#6"},"east":{"uv":[5,7.5,5.25,9],"texture":"#6"},"south":{"uv":[4.5,4,5.25,5.5],"texture":"#6"},"west":{"uv":[7.5,7.5,7.75,9],"texture":"#6"},"up":{"uv":[9,6.25,8.25,6],"texture":"#6"},"down":{"uv":[7,8.25,6.25,8.5],"texture":"#6"}}},{"from":[14.92177,15.29402,8.57193],"to":[16.92177,19.29402,9.57193],"rotation":{"angle":0,"axis":"y","origin":[8,20.42493,6.42022]},"faces":{"north":{"uv":[6,7.25,6.5,8.25],"texture":"#6"},"east":{"uv":[5.75,8,6,9],"texture":"#6"},"south":{"uv":[6.5,7.25,7,8.25],"texture":"#6"},"west":{"uv":[8,6,8.25,7],"texture":"#6"},"up":{"uv":[5.75,9,5.25,8.75],"texture":"#6"},"down":{"uv":[9.25,5.25,8.75,5.5],"texture":"#6"}}},{"from":[13.80886,15.96489,8.57093],"to":[15.81086,20.96689,9.57293],"rotation":{"angle":22.5,"axis":"z","origin":[8,20.42493,6.42022]},"faces":{"north":{"uv":[6.5,0,7,1.25],"texture":"#6"},"east":{"uv":[7.75,5.25,8,6.5],"texture":"#6"},"south":{"uv":[6.5,1.25,7,2.5],"texture":"#6"},"west":{"uv":[7.75,6.5,8,7.75],"texture":"#6"},"up":{"uv":[9.25,5.75,8.75,5.5],"texture":"#6"},"down":{"uv":[7,8.75,6.5,9],"texture":"#6"}}},{"from":[8.80786,18.96389,8.56993],"to":[13.81186,20.96789,9.57393],"rotation":{"angle":22.5,"axis":"z","origin":[8,20.42493,6.42022]},"faces":{"north":{"uv":[6.5,2.5,7.75,3],"texture":"#6"},"east":{"uv":[2.75,8.75,3,9.25],"texture":"#6"},"south":{"uv":[6.5,5.25,7.75,5.75],"texture":"#6"},"west":{"uv":[8,8.75,8.25,9.25],"texture":"#6"},"up":{"uv":[9,1.75,7.75,1.5],"texture":"#6"},"down":{"uv":[9,1.75,7.75,2],"texture":"#6"}}},{"from":[8.41321,17,7.41781],"to":[11.41321,22,8.41781],"rotation":{"angle":-22.5,"axis":"y","origin":[8,20.42493,6.42022]},"faces":{"north":{"uv":[2.25,6,3,7.25],"texture":"#6"},"east":{"uv":[7.75,7.75,8,9],"texture":"#6"},"south":{"uv":[6,3,6.75,4.25],"texture":"#6"},"west":{"uv":[8,0,8.25,1.25],"texture":"#6"},"up":{"uv":[9,6.5,8.25,6.25],"texture":"#6"},"down":{"uv":[9,6.5,8.25,6.75],"texture":"#6"}}},{"from":[6.5,16,5.5],"to":[9.5,22,8.5],"rotation":{"angle":0,"axis":"y","origin":[8,20.42493,6.42022]},"faces":{"north":{"uv":[4.75,0,5.5,1.5],"texture":"#6"},"east":{"uv":[4.75,1.5,5.5,3],"texture":"#6"},"south":{"uv":[5.25,3,6,4.5],"texture":"#6"},"west":{"uv":[5.25,4.5,6,6],"texture":"#6"},"up":{"uv":[7.25,7.25,6.5,6.5],"texture":"#6"},"down":{"uv":[7.5,3,6.75,3.75],"texture":"#6"}}},{"from":[6.5,21.08421,5.94444],"to":[9.5,24.08421,8.94444],"rotation":{"angle":-22.5,"axis":"x","origin":[8,20.42493,6.42022]},"faces":{"north":{"uv":[4.5,6.75,5.25,7.5],"texture":"#6"},"east":{"uv":[7,0,7.75,0.75],"texture":"#6"},"south":{"uv":[0.5,7,1.25,7.75],"texture":"#6"},"west":{"uv":[7,0.75,7.75,1.5],"texture":"#6"},"up":{"uv":[7.75,2.25,7,1.5],"texture":"#6"},"down":{"uv":[2,7.25,1.25,8],"texture":"#6"}}},{"from":[3.72466,16.14958,8.5],"to":[6.72466,19.14958,9.5],"rotation":{"angle":45,"axis":"z","origin":[8,20.42493,6.42022]},"faces":{"north":{"uv":[2,7.25,2.75,8],"texture":"#6"},"east":{"uv":[7,8.25,7.25,9],"texture":"#6"},"south":{"uv":[7.25,3.75,8,4.5],"texture":"#6"},"west":{"uv":[7.25,8.25,7.5,9],"texture":"#6"},"up":{"uv":[9,7,8.25,6.75],"texture":"#6"},"down":{"uv":[9,8,8.25,8.25],"texture":"#6"}}},{"from":[4.5,9,8.5],"to":[11.5,17,8.5],"rotation":{"angle":-22.5,"axis":"x","origin":[8,16.92493,8.42022]},"faces":{"north":{"uv":[3,0,4.75,2],"texture":"#6"},"east":{"uv":[0,0,0,2],"texture":"#6"},"south":{"uv":[4.75,0,3,2],"texture":"#6"},"west":{"uv":[0,0,0,2],"texture":"#6"},"up":{"uv":[1.75,0,0,0],"texture":"#6"},"down":{"uv":[1.75,0,0,0],"texture":"#6"}}},{"from":[2,22.66555,9.5492],"to":[14,31.66555,9.5492],"rotation":{"angle":-22.5,"axis":"x","origin":[8,20.42493,6.42022]},"faces":{"north":{"uv":[0,0,3,2.25],"texture":"#6"},"east":{"uv":[0,0,0,2.25],"texture":"#6"},"south":{"uv":[3,0,0,2.25],"texture":"#6"},"west":{"uv":[0,0,0,2.25],"texture":"#6"},"up":{"uv":[3,0,0,0],"texture":"#6"},"down":{"uv":[3,0,0,0],"texture":"#6"}}},{"from":[7,22.08421,3.94444],"to":[9,23.08421,5.94444],"rotation":{"angle":-22.5,"axis":"x","origin":[8,20.42493,6.42022]},"faces":{"north":{"uv":[8.75,8.25,9.25,8.5],"texture":"#6"},"east":{"uv":[8.5,8.75,9,9],"texture":"#6"},"south":{"uv":[8.75,8.5,9.25,8.75],"texture":"#6"},"west":{"uv":[9,0,9.5,0.25],"texture":"#6"},"up":{"uv":[8.5,7.5,8,7],"texture":"#6"},"down":{"uv":[8.5,7.5,8,8],"texture":"#6"}}},{"from":[7,21.08421,3.94444],"to":[9,22.08421,4.94444],"rotation":{"angle":-22.5,"axis":"x","origin":[8,20.42493,6.42022]},"faces":{"north":{"uv":[9,0.25,9.5,0.5],"texture":"#6"},"east":{"uv":[1.25,7,1.5,7.25],"texture":"#6"},"south":{"uv":[0.5,9,1,9.25],"texture":"#6"},"west":{"uv":[7,7.25,7.25,7.5],"texture":"#6"},"up":{"uv":[9.5,1,9,0.75],"texture":"#6"},"down":{"uv":[9.5,1,9,1.25],"texture":"#6"}}},{"from":[7.5,-13,5.5],"to":[8.5,-10,8.5],"rotation":{"angle":-45,"axis":"x","origin":[8,-11.5,7]},"faces":{"north":{"uv":[8.25,8.25,8.5,9],"texture":"#6"},"east":{"uv":[7.25,4.5,8,5.25],"texture":"#6"},"south":{"uv":[8.5,0,8.75,0.75],"texture":"#6"},"west":{"uv":[5.25,7.25,6,8],"texture":"#6"},"up":{"uv":[1.5,9.25,1.25,8.5],"texture":"#6"},"down":{"uv":[1.75,8.5,1.5,9.25],"texture":"#6"}}}],"gui_light":"front"}