{"display":{"thirdperson_righthand":{"rotation":[-90,90,90],"translation":[1,4,0]},"thirdperson_lefthand":{"rotation":[-90,-90,-90],"translation":[-1,4,0]},"firstperson_righthand":{"rotation":[18,55,-39],"translation":[1.5,2.25,1.5],"scale":[0.5,0.5,0.5]},"firstperson_lefthand":{"rotation":[-177,-48,-153],"translation":[1.5,2.25,1.5],"scale":[0.5,0.5,0.5]},"ground":{"rotation":[15,-8,25],"scale":[0.5,0.5,0.5]},"gui":{"rotation":[0,-180,45],"translation":[1.25,1,0],"scale":[0.5,0.5,0.5]},"fixed":{"translation":[0,2,-2]}},"texture_size":[32,32],"textures":{"4":"items/offhands/vs_staff_bamboo","particle":"items/offhands/vs_staff_bamboo"},"elements":[{"from":[7,-12,6],"to":[9,21,8],"rotation":{"angle":0,"axis":"y","origin":[8,8,6]},"faces":{"north":{"uv":[0.008,2.758,0.492,10.992],"texture":"#4"},"east":{"uv":[0.508,2.758,0.992,10.992],"texture":"#4"},"south":{"uv":[1.008,2.758,1.492,10.992],"texture":"#4"},"west":{"uv":[1.508,2.758,1.992,10.992],"texture":"#4"},"up":{"uv":[4.992,2.742,4.508,2.258],"texture":"#4"},"down":{"uv":[6.242,3.508,5.758,3.992],"texture":"#4"}}},{"from":[8.05,8.8,6.8],"to":[9.45,10.2,8.2],"rotation":{"angle":-45,"axis":"y","origin":[8.5,9.5,7.5]},"faces":{"north":{"uv":[6.508,0.258,6.742,0.492],"texture":"#4"},"east":{"uv":[6.508,0.508,6.742,0.742],"texture":"#4"},"south":{"uv":[6.508,0.758,6.742,0.992],"texture":"#4"},"west":{"uv":[6.508,1.008,6.742,1.242],"texture":"#4"},"up":{"uv":[6.742,1.492,6.508,1.258],"texture":"#4"},"down":{"uv":[2.242,6.508,2.008,6.742],"texture":"#4"}}},{"from":[7.09289,9.8,7.50711],"to":[8.49289,11.2,8.90711],"rotation":{"angle":-45,"axis":"z","origin":[7.79289,10.5,8.20711]},"faces":{"north":{"uv":[6.508,2.008,6.742,2.242],"texture":"#4"},"east":{"uv":[2.258,6.508,2.492,6.742],"texture":"#4"},"south":{"uv":[6.508,2.258,6.742,2.492],"texture":"#4"},"west":{"uv":[2.508,6.508,2.742,6.742],"texture":"#4"},"up":{"uv":[6.742,2.742,6.508,2.508],"texture":"#4"},"down":{"uv":[2.992,6.508,2.758,6.742],"texture":"#4"}}},{"from":[6.41492,11.78454,5.75711],"to":[7.81492,13.18454,7.15711],"rotation":{"angle":-22.5,"axis":"x","origin":[7.11492,12.48454,6.45711]},"faces":{"north":{"uv":[6.508,2.758,6.742,2.992],"texture":"#4"},"east":{"uv":[3.008,6.508,3.242,6.742],"texture":"#4"},"south":{"uv":[6.508,3.008,6.742,3.242],"texture":"#4"},"west":{"uv":[3.258,6.508,3.492,6.742],"texture":"#4"},"up":{"uv":[6.742,3.492,6.508,3.258],"texture":"#4"},"down":{"uv":[3.742,6.508,3.508,6.742],"texture":"#4"}}},{"from":[8.37202,14.44875,5.40711],"to":[9.77202,15.84875,6.80711],"rotation":{"angle":-22.5,"axis":"z","origin":[8.82202,15.14875,6.45711]},"faces":{"north":{"uv":[3.758,6.508,3.992,6.742],"texture":"#4"},"east":{"uv":[4.008,6.508,4.242,6.742],"texture":"#4"},"south":{"uv":[4.258,6.508,4.492,6.742],"texture":"#4"},"west":{"uv":[4.508,6.508,4.742,6.742],"texture":"#4"},"up":{"uv":[4.992,6.742,4.758,6.508],"texture":"#4"},"down":{"uv":[5.242,6.508,5.008,6.742],"texture":"#4"}}},{"from":[7.12202,13.03454,5.05],"to":[8.52202,14.43454,6.45],"rotation":{"angle":-45,"axis":"x","origin":[7.82202,13.73454,5.75]},"faces":{"north":{"uv":[5.258,6.508,5.492,6.742],"texture":"#4"},"east":{"uv":[5.508,6.508,5.742,6.742],"texture":"#4"},"south":{"uv":[6.508,5.508,6.742,5.742],"texture":"#4"},"west":{"uv":[5.758,6.508,5.992,6.742],"texture":"#4"},"up":{"uv":[6.242,6.742,6.008,6.508],"texture":"#4"},"down":{"uv":[6.492,6.508,6.258,6.742],"texture":"#4"}}},{"from":[6.03223,10.86066,7.00711],"to":[7.43223,12.26066,8.40711],"rotation":{"angle":-22.5,"axis":"z","origin":[6.73223,11.56066,7.70711]},"faces":{"north":{"uv":[6.508,6.258,6.742,6.492],"texture":"#4"},"east":{"uv":[6.508,6.508,6.742,6.742],"texture":"#4"},"south":{"uv":[6.758,0.258,6.992,0.492],"texture":"#4"},"west":{"uv":[6.758,0.508,6.992,0.742],"texture":"#4"},"up":{"uv":[6.992,0.992,6.758,0.758],"texture":"#4"},"down":{"uv":[6.992,1.008,6.758,1.242],"texture":"#4"}}},{"from":[8,14.5,5],"to":[8,17.5,9],"rotation":{"angle":0,"axis":"y","origin":[8,16,7]},"faces":{"north":{"uv":[0.008,0.008,0.008,0.742],"texture":"#4"},"east":{"uv":[2.008,2.758,2.992,3.492],"texture":"#4"},"south":{"uv":[0.008,0.008,0.008,0.742],"texture":"#4"},"west":{"uv":[2.008,2.758,2.992,3.492],"texture":"#4"},"up":{"uv":[0.008,0.992,0.008,0.008],"texture":"#4"},"down":{"uv":[0.008,0.008,0.008,0.992],"texture":"#4"}}},{"from":[6,10.5,7],"to":[15,21.5,7],"rotation":{"angle":0,"axis":"y","origin":[8,8,6]},"faces":{"north":{"uv":[2.242,0.008,0.008,2.742],"texture":"#4"},"east":{"uv":[0.008,0.008,0.008,2.742],"texture":"#4"},"south":{"uv":[0.008,0.008,2.242,2.742],"texture":"#4"},"west":{"uv":[0.008,0.008,0.008,2.742],"texture":"#4"},"up":{"uv":[2.242,0.008,0.008,0.008],"texture":"#4"},"down":{"uv":[2.242,0.008,0.008,0.008],"texture":"#4"}}},{"from":[6.5,21,5.5],"to":[9.5,23,8.5],"rotation":{"angle":0,"axis":"y","origin":[8,9,6]},"faces":{"north":{"uv":[5.008,3.758,5.742,4.242],"texture":"#4"},"east":{"uv":[4.258,5.008,4.992,5.492],"texture":"#4"},"south":{"uv":[5.008,4.258,5.742,4.742],"texture":"#4"},"west":{"uv":[5.008,4.758,5.742,5.242],"texture":"#4"},"up":{"uv":[2.742,4.992,2.008,4.258],"texture":"#4"},"down":{"uv":[3.492,4.258,2.758,4.992],"texture":"#4"}}},{"from":[6.0315,22.14985,5.3],"to":[9.4315,24.54985,8.7],"rotation":{"angle":22.5,"axis":"z","origin":[7.7315,23.34985,7]},"faces":{"north":{"uv":[5.258,0.008,5.992,0.492],"texture":"#4"},"east":{"uv":[5.258,0.508,5.992,0.992],"texture":"#4"},"south":{"uv":[5.258,1.008,5.992,1.492],"texture":"#4"},"west":{"uv":[5.258,1.508,5.992,1.992],"texture":"#4"},"up":{"uv":[4.242,4.992,3.508,4.258],"texture":"#4"},"down":{"uv":[4.992,4.258,4.258,4.992],"texture":"#4"}}},{"from":[6.5,-14,5.5],"to":[9.5,-12,8.5],"rotation":{"angle":0,"axis":"y","origin":[8,0,6]},"faces":{"north":{"uv":[5.008,5.258,5.742,5.742],"texture":"#4"},"east":{"uv":[4.258,5.508,4.992,5.992],"texture":"#4"},"south":{"uv":[2.008,5.758,2.742,6.242],"texture":"#4"},"west":{"uv":[5.758,2.008,6.492,2.492],"texture":"#4"},"up":{"uv":[5.242,0.742,4.508,0.008],"texture":"#4"},"down":{"uv":[5.242,0.758,4.508,1.492],"texture":"#4"}}},{"from":[6.5685,-15.54985,5.3],"to":[9.9685,-13.14985,8.7],"rotation":{"angle":22.5,"axis":"z","origin":[8.2685,-14.34985,7]},"faces":{"north":{"uv":[5.758,2.508,6.492,2.992],"texture":"#4"},"east":{"uv":[2.758,5.758,3.492,6.242],"texture":"#4"},"south":{"uv":[5.758,3.008,6.492,3.492],"texture":"#4"},"west":{"uv":[3.508,5.758,4.242,6.242],"texture":"#4"},"up":{"uv":[5.242,2.242,4.508,1.508],"texture":"#4"},"down":{"uv":[2.742,5.008,2.008,5.742],"texture":"#4"}}},{"from":[6.8,12.8,5.8],"to":[9.2,14.2,8.2],"rotation":{"angle":0,"axis":"y","origin":[7,8,6]},"faces":{"north":{"uv":[5.258,2.008,5.742,2.242],"texture":"#4"},"east":{"uv":[3.508,6.258,3.992,6.492],"texture":"#4"},"south":{"uv":[6.258,3.508,6.742,3.742],"texture":"#4"},"west":{"uv":[6.258,3.758,6.742,3.992],"texture":"#4"},"up":{"uv":[6.242,4.492,5.758,4.008],"texture":"#4"},"down":{"uv":[6.242,4.508,5.758,4.992],"texture":"#4"}}},{"from":[8,-8.5,5],"to":[8,-5.5,9],"rotation":{"angle":0,"axis":"y","origin":[8,16,7]},"faces":{"north":{"uv":[0.008,0.008,0.008,0.742],"texture":"#4"},"east":{"uv":[2.008,3.508,2.992,4.242],"texture":"#4"},"south":{"uv":[0.008,0.008,0.008,0.742],"texture":"#4"},"west":{"uv":[2.992,3.508,2.008,4.242],"texture":"#4"},"up":{"uv":[0.008,0.992,0.008,0.008],"texture":"#4"},"down":{"uv":[0.008,0.008,0.008,0.992],"texture":"#4"}}},{"from":[6,-8.5,7],"to":[10,-5.5,7],"rotation":{"angle":0,"axis":"y","origin":[8,8,6]},"faces":{"north":{"uv":[4.008,3.508,4.992,4.242],"texture":"#4"},"east":{"uv":[0.008,0.008,0.008,0.742],"texture":"#4"},"south":{"uv":[4.008,3.508,4.992,4.242],"texture":"#4"},"west":{"uv":[0.008,0.008,0.008,0.742],"texture":"#4"},"up":{"uv":[0.992,0.008,0.008,0.008],"texture":"#4"},"down":{"uv":[0.992,0.008,0.008,0.008],"texture":"#4"}}},{"from":[6.8,-5.2,5.8],"to":[9.2,-3.8,8.2],"rotation":{"angle":0,"axis":"y","origin":[7,8,6]},"faces":{"north":{"uv":[4.008,6.258,4.492,6.492],"texture":"#4"},"east":{"uv":[6.258,4.008,6.742,4.242],"texture":"#4"},"south":{"uv":[6.258,4.258,6.742,4.492],"texture":"#4"},"west":{"uv":[4.508,6.258,4.992,6.492],"texture":"#4"},"up":{"uv":[5.492,6.242,5.008,5.758],"texture":"#4"},"down":{"uv":[6.242,5.008,5.758,5.492],"texture":"#4"}}},{"from":[6.8,-10.2,5.8],"to":[9.2,-8.8,8.2],"rotation":{"angle":0,"axis":"y","origin":[7,8,6]},"faces":{"north":{"uv":[6.258,4.508,6.742,4.742],"texture":"#4"},"east":{"uv":[6.258,4.758,6.742,4.992],"texture":"#4"},"south":{"uv":[5.008,6.258,5.492,6.492],"texture":"#4"},"west":{"uv":[6.258,5.008,6.742,5.242],"texture":"#4"},"up":{"uv":[5.992,6.242,5.508,5.758],"texture":"#4"},"down":{"uv":[6.492,0.008,6.008,0.492],"texture":"#4"}}},{"from":[6.8,17.8,5.8],"to":[9.2,19.2,8.2],"rotation":{"angle":0,"axis":"y","origin":[7,8,6]},"faces":{"north":{"uv":[6.258,5.258,6.742,5.492],"texture":"#4"},"east":{"uv":[5.508,6.258,5.992,6.492],"texture":"#4"},"south":{"uv":[6.008,6.258,6.492,6.492],"texture":"#4"},"west":{"uv":[6.508,0.008,6.992,0.242],"texture":"#4"},"up":{"uv":[6.492,0.992,6.008,0.508],"texture":"#4"},"down":{"uv":[6.492,1.008,6.008,1.492],"texture":"#4"}}},{"from":[6.5,8.5,5.5],"to":[9.5,9.5,8.5],"rotation":{"angle":-22.5,"axis":"z","origin":[8,9,7]},"faces":{"north":{"uv":[5.758,5.508,6.492,5.742],"texture":"#4"},"east":{"uv":[6.008,1.508,6.742,1.742],"texture":"#4"},"south":{"uv":[6.008,1.758,6.742,1.992],"texture":"#4"},"west":{"uv":[4.258,6.008,4.992,6.242],"texture":"#4"},"up":{"uv":[5.742,2.992,5.008,2.258],"texture":"#4"},"down":{"uv":[3.492,5.008,2.758,5.742],"texture":"#4"}}},{"from":[6.5,-2.5,5.5],"to":[9.5,-1.5,8.5],"rotation":{"angle":22.5,"axis":"z","origin":[8,-2,7]},"faces":{"north":{"uv":[6.008,5.758,6.742,5.992],"texture":"#4"},"east":{"uv":[6.008,6.008,6.742,6.242],"texture":"#4"},"south":{"uv":[2.008,6.258,2.742,6.492],"texture":"#4"},"west":{"uv":[2.758,6.258,3.492,6.492],"texture":"#4"},"up":{"uv":[5.742,3.742,5.008,3.008],"texture":"#4"},"down":{"uv":[4.242,5.008,3.508,5.742],"texture":"#4"}}}],"gui_light":"front"}