{"display":{"thirdperson_righthand":{"rotation":[-180,90,-180],"translation":[1,-0.5,0.5]},"thirdperson_lefthand":{"rotation":[0,-90,0],"translation":[-1,-0.25,0.5]},"firstperson_righthand":{"rotation":[22,60,-40],"translation":[2.25,1,1.5],"scale":[0.5,0.5,0.5]},"firstperson_lefthand":{"rotation":[-176,-75,-165],"translation":[2.25,1,1.5],"scale":[0.5,0.5,0.5]},"ground":{"rotation":[15,-8,25],"scale":[0.5,0.5,0.5]},"gui":{"rotation":[0,0,-45],"translation":[-0.75,0,0],"scale":[0.42,0.42,0.42]},"fixed":{"translation":[0,2,-2]}},"texture_size":[32,32],"textures":{"3":"items/offhands/vs_staff_druid","particle":"items/offhands/vs_staff_druid"},"elements":[{"from":[6.998,-0.002,6],"to":[9,13,8.002],"rotation":{"angle":0,"axis":"y","origin":[6.499,10.499,6.501]},"faces":{"north":{"uv":[0.008,5.008,0.992,11.492],"texture":"#3"},"east":{"uv":[1.008,5.008,1.992,11.492],"texture":"#3"},"south":{"uv":[2.008,5.008,2.992,11.492],"texture":"#3"},"west":{"uv":[3.008,5.008,3.992,11.492],"texture":"#3"},"up":{"uv":[8.492,12.992,7.508,12.008],"texture":"#3"},"down":{"uv":[12.992,8.008,12.008,8.992],"texture":"#3"}}},{"from":[5.73573,-4.35189,6.001],"to":[7.73573,0.64811,8.001],"rotation":{"angle":-22.5,"axis":"z","origin":[6.73573,-2.85189,7.001]},"faces":{"north":{"uv":[9.008,1.008,9.992,3.492],"texture":"#3"},"east":{"uv":[9.008,4.508,9.992,6.992],"texture":"#3"},"south":{"uv":[8.008,9.508,8.992,11.992],"texture":"#3"},"west":{"uv":[9.008,9.508,9.992,11.992],"texture":"#3"},"up":{"uv":[9.492,12.992,8.508,12.008],"texture":"#3"},"down":{"uv":[12.992,9.008,12.008,9.992],"texture":"#3"}}},{"from":[5.23882,-8.85403,6.002],"to":[7.23682,-3.85603,8],"rotation":{"angle":0,"axis":"y","origin":[6.23782,-7.35503,7.001]},"faces":{"north":{"uv":[10.008,1.008,10.992,3.492],"texture":"#3"},"east":{"uv":[10.008,4.508,10.992,6.992],"texture":"#3"},"south":{"uv":[10.008,9.508,10.992,11.992],"texture":"#3"},"west":{"uv":[11.008,1.008,11.992,3.492],"texture":"#3"},"up":{"uv":[10.492,12.992,9.508,12.008],"texture":"#3"},"down":{"uv":[12.992,10.008,12.008,10.992],"texture":"#3"}}},{"from":[6.23527,-15.2572,6.003],"to":[8.23127,-8.2612,7.999],"rotation":{"angle":22.5,"axis":"z","origin":[7.23327,-11.05934,7.001]},"faces":{"north":{"uv":[7.008,0.008,7.992,3.492],"texture":"#3"},"east":{"uv":[4.008,7.508,4.992,10.992],"texture":"#3"},"south":{"uv":[5.008,7.508,5.992,10.992],"texture":"#3"},"west":{"uv":[6.008,7.508,6.992,10.992],"texture":"#3"},"up":{"uv":[12.992,11.992,12.008,11.008],"texture":"#3"},"down":{"uv":[12.992,12.008,12.008,12.992],"texture":"#3"}}},{"from":[8.26227,12.3499,6.001],"to":[10.26227,17.3499,8.001],"rotation":{"angle":-22.5,"axis":"z","origin":[9.26227,15.8499,7.001]},"faces":{"north":{"uv":[11.008,3.508,11.992,5.992],"texture":"#3"},"east":{"uv":[4.008,11.008,4.992,13.492],"texture":"#3"},"south":{"uv":[5.008,11.008,5.992,13.492],"texture":"#3"},"west":{"uv":[6.008,11.008,6.992,13.492],"texture":"#3"},"up":{"uv":[13.492,3.992,12.508,3.008],"texture":"#3"},"down":{"uv":[13.492,4.008,12.508,4.992],"texture":"#3"}}},{"from":[13.31227,12.6499,6.301],"to":[14.71227,14.0499,7.701],"rotation":{"angle":-22.5,"axis":"z","origin":[9.26227,15.8499,7.001]},"faces":{"north":{"uv":[10.008,7.008,10.492,7.492],"texture":"#3"},"east":{"uv":[10.508,8.008,10.992,8.492],"texture":"#3"},"south":{"uv":[12.008,5.508,12.492,5.992],"texture":"#3"},"west":{"uv":[13.508,6.008,13.992,6.492],"texture":"#3"},"up":{"uv":[6.992,13.992,6.508,13.508],"texture":"#3"},"down":{"uv":[13.992,6.508,13.508,6.992],"texture":"#3"}}},{"from":[14.02629,13.96902,6.301],"to":[15.42629,15.36902,7.701],"rotation":{"angle":22.5,"axis":"x","origin":[14.72629,14.66902,7.001]},"faces":{"north":{"uv":[13.508,10.008,13.992,10.492],"texture":"#3"},"east":{"uv":[13.508,10.508,13.992,10.992],"texture":"#3"},"south":{"uv":[13.508,11.008,13.992,11.492],"texture":"#3"},"west":{"uv":[13.508,11.508,13.992,11.992],"texture":"#3"},"up":{"uv":[13.992,12.492,13.508,12.008],"texture":"#3"},"down":{"uv":[13.992,12.508,13.508,12.992],"texture":"#3"}}},{"from":[17.02629,16.96902,6.301],"to":[18.42629,18.36902,7.701],"rotation":{"angle":22.5,"axis":"y","origin":[17.72629,17.66902,7.001]},"faces":{"north":{"uv":[13.508,13.008,13.992,13.492],"texture":"#3"},"east":{"uv":[13.508,13.508,13.992,13.992],"texture":"#3"},"south":{"uv":[0.008,14.008,0.492,14.492],"texture":"#3"},"west":{"uv":[0.508,14.008,0.992,14.492],"texture":"#3"},"up":{"uv":[1.492,14.492,1.008,14.008],"texture":"#3"},"down":{"uv":[1.992,14.008,1.508,14.492],"texture":"#3"}}},{"from":[9.56356,15.3509,6.002],"to":[11.56156,17.3489,8],"rotation":{"angle":22.5,"axis":"z","origin":[8.56256,15.8499,7.001]},"faces":{"north":{"uv":[12.508,5.008,13.492,5.992],"texture":"#3"},"east":{"uv":[13.008,7.008,13.992,7.992],"texture":"#3"},"south":{"uv":[7.508,13.008,8.492,13.992],"texture":"#3"},"west":{"uv":[13.008,8.008,13.992,8.992],"texture":"#3"},"up":{"uv":[9.492,13.992,8.508,13.008],"texture":"#3"},"down":{"uv":[13.992,9.008,13.008,9.992],"texture":"#3"}}},{"from":[8.56056,16.3479,6.499],"to":[15.56456,18.3519,7.503],"rotation":{"angle":22.5,"axis":"z","origin":[8.56256,15.8499,7.001]},"faces":{"north":{"uv":[7.008,3.508,10.492,4.492],"texture":"#3"},"east":{"uv":[10.508,3.508,10.992,4.492],"texture":"#3"},"south":{"uv":[10.492,3.508,7.008,4.492],"texture":"#3"},"west":{"uv":[10.508,12.008,10.992,12.992],"texture":"#3"},"up":{"uv":[15.492,0.492,12.008,0.008],"texture":"#3"},"down":{"uv":[15.492,0.508,12.008,0.992],"texture":"#3"}}},{"from":[14.46256,16.2499,6.401],"to":[15.66256,18.4499,7.601],"rotation":{"angle":22.5,"axis":"z","origin":[8.56256,15.8499,7.001]},"faces":{"north":{"uv":[9.508,13.008,9.992,13.992],"texture":"#3"},"east":{"uv":[10.008,13.008,10.492,13.992],"texture":"#3"},"south":{"uv":[13.008,10.008,13.492,10.992],"texture":"#3"},"west":{"uv":[10.508,13.008,10.992,13.992],"texture":"#3"},"up":{"uv":[3.492,14.492,3.008,14.008],"texture":"#3"},"down":{"uv":[14.492,3.008,14.008,3.492],"texture":"#3"}}},{"from":[12.46256,16.2499,6.401],"to":[13.66256,18.4499,7.601],"rotation":{"angle":22.5,"axis":"z","origin":[8.56256,15.8499,7.001]},"faces":{"north":{"uv":[11.008,13.008,11.492,13.992],"texture":"#3"},"east":{"uv":[13.008,11.008,13.492,11.992],"texture":"#3"},"south":{"uv":[11.508,13.008,11.992,13.992],"texture":"#3"},"west":{"uv":[12.008,13.008,12.492,13.992],"texture":"#3"},"up":{"uv":[3.992,14.492,3.508,14.008],"texture":"#3"},"down":{"uv":[14.492,3.508,14.008,3.992],"texture":"#3"}}},{"from":[8.56256,8.3499,7.001],"to":[15.56256,18.3499,7.001],"rotation":{"angle":22.5,"axis":"z","origin":[8.56256,15.8499,7.001]},"faces":{"north":{"uv":[0.016,0.016,3.484,4.984],"texture":"#3"},"east":{"uv":[0.016,0.016,-0.008,4.984],"texture":"#3"},"south":{"uv":[3.484,0.016,0.016,4.984],"texture":"#3"},"west":{"uv":[0.016,0.016,-0.008,4.984],"texture":"#3"},"up":{"uv":[3.484,0.016,0.016,-0.008],"texture":"#3"},"down":{"uv":[3.484,0.016,0.016,-0.008],"texture":"#3"}}},{"from":[15.19093,19.13607,6.5],"to":[20.19293,21.13807,7.502],"rotation":{"angle":45,"axis":"z","origin":[15.19193,18.63707,7.001]},"faces":{"north":{"uv":[10.508,7.008,12.992,7.992],"texture":"#3"},"east":{"uv":[13.008,12.008,13.492,12.992],"texture":"#3"},"south":{"uv":[12.992,7.008,10.508,7.992],"texture":"#3"},"west":{"uv":[12.508,13.008,12.992,13.992],"texture":"#3"},"up":{"uv":[14.492,2.492,12.008,2.008],"texture":"#3"},"down":{"uv":[14.492,2.508,12.008,2.992],"texture":"#3"}}},{"from":[17.09193,19.03707,6.401],"to":[18.29193,21.23707,7.601],"rotation":{"angle":45,"axis":"z","origin":[15.19193,18.63707,7.001]},"faces":{"north":{"uv":[13.008,13.008,13.492,13.992],"texture":"#3"},"east":{"uv":[13.508,3.008,13.992,3.992],"texture":"#3"},"south":{"uv":[4.008,13.508,4.492,14.492],"texture":"#3"},"west":{"uv":[13.508,4.008,13.992,4.992],"texture":"#3"},"up":{"uv":[14.492,4.492,14.008,4.008],"texture":"#3"},"down":{"uv":[14.492,4.508,14.008,4.992],"texture":"#3"}}},{"from":[15.19193,15.13707,7.001],"to":[20.19193,20.13707,7.001],"rotation":{"angle":45,"axis":"z","origin":[15.19193,18.63707,7.001]},"faces":{"north":{"uv":[4.016,5.016,6.484,7.484],"texture":"#3"},"east":{"uv":[0.016,0.016,-0.008,2.484],"texture":"#3"},"south":{"uv":[6.484,5.016,4.016,7.484],"texture":"#3"},"west":{"uv":[0.016,0.016,-0.008,2.484],"texture":"#3"},"up":{"uv":[2.484,0.016,0.016,-0.008],"texture":"#3"},"down":{"uv":[2.484,0.016,0.016,-0.008],"texture":"#3"}}},{"from":[16.33585,22.71749,6.501],"to":[18.33585,29.71749,7.501],"rotation":{"angle":22.5,"axis":"z","origin":[18.83585,22.71749,7.001]},"faces":{"north":{"uv":[8.008,0.008,8.992,3.492],"texture":"#3"},"east":{"uv":[2.008,11.508,2.492,14.992],"texture":"#3"},"south":{"uv":[8.992,0.008,8.008,3.492],"texture":"#3"},"west":{"uv":[2.508,11.508,2.992,14.992],"texture":"#3"},"up":{"uv":[7.992,4.992,7.008,4.508],"texture":"#3"},"down":{"uv":[8.992,4.508,8.008,4.992],"texture":"#3"}}},{"from":[9.88547,26.95425,6.5],"to":[15.88747,28.95625,7.502],"rotation":{"angle":-22.5,"axis":"z","origin":[15.88647,29.45525,7.001]},"faces":{"north":{"uv":[8.008,8.508,10.992,9.492],"texture":"#3"},"east":{"uv":[4.508,13.508,4.992,14.492],"texture":"#3"},"south":{"uv":[10.992,8.508,8.008,9.492],"texture":"#3"},"west":{"uv":[5.008,13.508,5.492,14.492],"texture":"#3"},"up":{"uv":[14.992,1.492,12.008,1.008],"texture":"#3"},"down":{"uv":[14.992,1.508,12.008,1.992],"texture":"#3"}}},{"from":[7.37122,16.72605,6.501],"to":[9.37122,21.72605,7.501],"rotation":{"angle":45,"axis":"z","origin":[8.37122,17.72605,7.001]},"faces":{"north":{"uv":[11.008,8.008,11.992,10.492],"texture":"#3"},"east":{"uv":[3.008,11.508,3.492,13.992],"texture":"#3"},"south":{"uv":[11.992,8.008,11.008,10.492],"texture":"#3"},"west":{"uv":[3.508,11.508,3.992,13.992],"texture":"#3"},"up":{"uv":[9.992,7.492,9.008,7.008],"texture":"#3"},"down":{"uv":[14.492,5.008,13.508,5.492],"texture":"#3"}}},{"from":[4.83669,19.84837,6.502],"to":[6.83469,24.84637,7.5],"rotation":{"angle":0,"axis":"y","origin":[5.83569,20.84737,7.001]},"faces":{"north":{"uv":[0.008,11.508,0.992,13.992],"texture":"#3"},"east":{"uv":[12.008,3.008,12.492,5.492],"texture":"#3"},"south":{"uv":[0.992,11.508,0.008,13.992],"texture":"#3"},"west":{"uv":[7.008,12.008,7.492,14.492],"texture":"#3"},"up":{"uv":[6.492,13.992,5.508,13.508],"texture":"#3"},"down":{"uv":[14.492,5.508,13.508,5.992],"texture":"#3"}}}],"gui_light":"front"}