{"display":{"thirdperson_righthand":{"rotation":[-180,90,-180],"translation":[1,1.75,0.25]},"thirdperson_lefthand":{"rotation":[-180,-90,-180],"translation":[-1,1.75,0.25]},"firstperson_righthand":{"rotation":[36.14,65.58,-64.99],"translation":[2.25,2.25,1.5],"scale":[0.5,0.5,0.5]},"firstperson_lefthand":{"rotation":[-155,-62,-127],"translation":[1.5,2.25,1.5],"scale":[0.5,0.5,0.5]},"ground":{"rotation":[15,-8,25],"scale":[0.5,0.5,0.5]},"gui":{"rotation":[0,-180,45],"translation":[-0.25,0,0],"scale":[0.4,0.4,0.4]},"fixed":{"translation":[0,2,-2]}},"texture_size":[32,32],"textures":{"5":"items/offhands/vs_staff_adept","particle":"items/offhands/vs_staff_adept"},"elements":[{"from":[6.8,-15.2,5.8],"to":[9.2,-6.8,8.2],"faces":{"north":{"uv":[3.508,6.258,3.992,8.242],"texture":"#5"},"east":{"uv":[6.508,4.758,6.992,6.742],"texture":"#5"},"south":{"uv":[4.008,6.758,4.492,8.742],"texture":"#5"},"west":{"uv":[4.508,6.758,4.992,8.742],"texture":"#5"},"up":{"uv":[6.992,8.242,6.508,7.758],"texture":"#5"},"down":{"uv":[2.492,8.258,2.008,8.742],"texture":"#5"}}},{"from":[3.85,-14.5,6],"to":[6.85,-9.5,8],"rotation":{"angle":0,"axis":"y","origin":[-0.4,0,0]},"faces":{"north":{"uv":[7.008,0.008,7.742,1.242],"texture":"#5"},"east":{"uv":[7.008,6.008,7.492,7.242],"texture":"#5"},"south":{"uv":[7.008,1.258,7.742,2.492],"texture":"#5"},"west":{"uv":[7.008,7.258,7.492,8.492],"texture":"#5"},"up":{"uv":[8.492,1.242,7.758,0.758],"texture":"#5"},"down":{"uv":[8.492,1.258,7.758,1.742],"texture":"#5"}}},{"from":[7,-7,6],"to":[9,27,8],"faces":{"north":{"uv":[0.008,4.758,0.492,13.242],"texture":"#5"},"east":{"uv":[0.508,4.758,0.992,13.242],"texture":"#5"},"south":{"uv":[1.008,4.758,1.492,13.242],"texture":"#5"},"west":{"uv":[1.508,4.758,1.992,13.242],"texture":"#5"},"up":{"uv":[2.992,8.742,2.508,8.258],"texture":"#5"},"down":{"uv":[3.492,8.258,3.008,8.742],"texture":"#5"}}},{"from":[-1,13,7],"to":[13,32,7],"faces":{"north":{"uv":[0.008,0.008,3.492,4.742],"texture":"#5"},"east":{"uv":[0.008,0.008,-0.008,4.742],"texture":"#5"},"south":{"uv":[3.492,0.008,0.008,4.742],"texture":"#5"},"west":{"uv":[0.008,0.008,-0.008,4.742],"texture":"#5"},"up":{"uv":[3.492,0.008,0.008,-0.008],"texture":"#5"},"down":{"uv":[3.492,0.008,0.008,-0.008],"texture":"#5"}}},{"from":[6.5,13,5.5],"to":[9.5,15,8.5],"faces":{"north":{"uv":[7.758,1.758,8.492,2.242],"texture":"#5"},"east":{"uv":[2.008,7.758,2.742,8.242],"texture":"#5"},"south":{"uv":[2.758,7.758,3.492,8.242],"texture":"#5"},"west":{"uv":[5.008,7.758,5.742,8.242],"texture":"#5"},"up":{"uv":[8.242,6.742,7.508,6.008],"texture":"#5"},"down":{"uv":[8.242,6.758,7.508,7.492],"texture":"#5"}}},{"from":[6.5,24,5.5],"to":[9.5,26,8.5],"faces":{"north":{"uv":[5.758,7.758,6.492,8.242],"texture":"#5"},"east":{"uv":[8.008,4.508,8.742,4.992],"texture":"#5"},"south":{"uv":[8.008,5.008,8.742,5.492],"texture":"#5"},"west":{"uv":[8.008,5.508,8.742,5.992],"texture":"#5"},"up":{"uv":[8.242,8.242,7.508,7.508],"texture":"#5"},"down":{"uv":[8.492,0.008,7.758,0.742],"texture":"#5"}}},{"from":[6,16,5.5],"to":[10,22,8.5],"faces":{"north":{"uv":[2.008,4.758,2.992,6.242],"texture":"#5"},"east":{"uv":[2.008,6.258,2.742,7.742],"texture":"#5"},"south":{"uv":[3.008,4.758,3.992,6.242],"texture":"#5"},"west":{"uv":[2.758,6.258,3.492,7.742],"texture":"#5"},"up":{"uv":[7.992,5.242,7.008,4.508],"texture":"#5"},"down":{"uv":[7.992,5.258,7.008,5.992],"texture":"#5"}}},{"from":[5.5,17,5],"to":[10.5,21,9],"faces":{"north":{"uv":[4.008,4.758,5.242,5.742],"texture":"#5"},"east":{"uv":[5.008,6.758,5.992,7.742],"texture":"#5"},"south":{"uv":[5.258,4.758,6.492,5.742],"texture":"#5"},"west":{"uv":[6.008,6.758,6.992,7.742],"texture":"#5"},"up":{"uv":[5.242,6.742,4.008,5.758],"texture":"#5"},"down":{"uv":[6.492,5.758,5.258,6.742],"texture":"#5"}}},{"from":[1.8,-6.8,5.8],"to":[9.2,-4.4,8.2],"rotation":{"angle":0,"axis":"y","origin":[0,0.4,0]},"faces":{"north":{"uv":[7.008,2.508,8.742,2.992],"texture":"#5"},"east":{"uv":[3.508,8.258,3.992,8.742],"texture":"#5"},"south":{"uv":[7.008,3.008,8.742,3.492],"texture":"#5"},"west":{"uv":[5.008,8.258,5.492,8.742],"texture":"#5"},"up":{"uv":[8.742,3.992,7.008,3.508],"texture":"#5"},"down":{"uv":[8.742,4.008,7.008,4.492],"texture":"#5"}}}],"gui_light":"front"}