{"textures":{"0":"accessories/shark_balloon"},"elements":[{"name":"cube","from":[5.6,3.1999998,3.1999998],"to":[10.4,3.1999998,13.400001],"rotation":{"angle":0.0,"axis":"x","origin":[2.6,3.1999998,1.3999997]},"faces":{"down":{"uv":[4.0,0.0,2.0,4.25],"rotation":0,"texture":"#0","tintindex":0},"east":{"uv":[0.0,0.0,4.25,0.0],"rotation":0,"texture":"#0","tintindex":0},"north":{"uv":[0.0,0.0,2.0,0.0],"rotation":0,"texture":"#0","tintindex":0},"south":{"uv":[0.0,0.0,2.0,0.0],"rotation":0,"texture":"#0","tintindex":0},"up":{"uv":[2.0,4.25,0.0,0.0],"rotation":0,"texture":"#0","tintindex":0},"west":{"uv":[0.0,0.0,4.25,0.0],"rotation":0,"texture":"#0","tintindex":0}}},{"name":"cube","from":[5.6,8.0,3.1999998],"to":[10.4,8.0,13.400001],"rotation":{"angle":0.0,"axis":"x","origin":[2.6,3.1999998,1.3999997]},"faces":{"down":{"uv":[2.0,4.25,0.0,8.5],"rotation":0,"texture":"#0","tintindex":0},"east":{"uv":[0.0,0.0,4.25,0.0],"rotation":0,"texture":"#0","tintindex":0},"north":{"uv":[0.0,0.0,2.0,0.0],"rotation":0,"texture":"#0","tintindex":0},"south":{"uv":[0.0,0.0,2.0,0.0],"rotation":0,"texture":"#0","tintindex":0},"up":{"uv":[6.0,4.25,4.0,0.0],"rotation":0,"texture":"#0","tintindex":0},"west":{"uv":[0.0,0.0,4.25,0.0],"rotation":0,"texture":"#0","tintindex":0}}},{"name":"cube","from":[5.6,3.1999998,3.1999998],"to":[5.6,8.0,13.400001],"rotation":{"angle":0.0,"axis":"x","origin":[2.6,3.1999998,1.3999997]},"faces":{"down":{"uv":[0.0,0.0,0.0,4.25],"rotation":0,"texture":"#0","tintindex":0},"east":{"uv":[2.0,4.25,6.25,6.25],"rotation":0,"texture":"#0","tintindex":0},"north":{"uv":[0.0,0.0,0.0,2.0],"rotation":0,"texture":"#0","tintindex":0},"south":{"uv":[0.0,0.0,0.0,2.0],"rotation":0,"texture":"#0","tintindex":0},"up":{"uv":[0.0,4.25,0.0,0.0],"rotation":0,"texture":"#0","tintindex":0},"west":{"uv":[6.0,0.0,10.25,2.0],"rotation":0,"texture":"#0","tintindex":0}}},{"name":"cube","from":[10.4,3.1999998,3.1999998],"to":[10.4,8.0,13.400001],"rotation":{"angle":0.0,"axis":"x","origin":[2.6,3.1999998,1.3999997]},"faces":{"down":{"uv":[0.0,0.0,0.0,4.25],"rotation":0,"texture":"#0","tintindex":0},"east":{"uv":[6.0,2.0,10.25,4.0],"rotation":0,"texture":"#0","tintindex":0},"north":{"uv":[0.0,0.0,0.0,2.0],"rotation":0,"texture":"#0","tintindex":0},"south":{"uv":[0.0,0.0,0.0,2.0],"rotation":0,"texture":"#0","tintindex":0},"up":{"uv":[0.0,4.25,0.0,0.0],"rotation":0,"texture":"#0","tintindex":0},"west":{"uv":[2.0,6.25,6.25,8.25],"rotation":0,"texture":"#0","tintindex":0}}},{"name":"cube","from":[5.6,3.1999998,13.400001],"to":[10.4,8.0,13.400001],"rotation":{"angle":0.0,"axis":"x","origin":[2.6,3.1999998,1.3999997]},"faces":{"down":{"uv":[2.0,0.0,0.0,0.0],"rotation":0,"texture":"#0","tintindex":0},"east":{"uv":[0.0,0.0,0.0,2.0],"rotation":0,"texture":"#0","tintindex":0},"north":{"uv":[6.25,4.0,8.25,6.0],"rotation":0,"texture":"#0","tintindex":0},"south":{"uv":[6.25,6.0,8.25,8.0],"rotation":0,"texture":"#0","tintindex":0},"up":{"uv":[2.0,0.0,0.0,0.0],"rotation":0,"texture":"#0","tintindex":0},"west":{"uv":[0.0,0.0,0.0,2.0],"rotation":0,"texture":"#0","tintindex":0}}},{"name":"cube","from":[5.6,3.1999998,3.1999998],"to":[10.4,8.0,3.1999998],"rotation":{"angle":0.0,"axis":"x","origin":[2.6,3.1999998,1.3999997]},"faces":{"down":{"uv":[2.0,0.0,0.0,0.0],"rotation":0,"texture":"#0","tintindex":0},"east":{"uv":[0.0,0.0,0.0,2.0],"rotation":0,"texture":"#0","tintindex":0},"north":{"uv":[6.25,8.0,8.25,10.0],"rotation":0,"texture":"#0","tintindex":0},"south":{"uv":[2.0,8.25,4.0,10.25],"rotation":0,"texture":"#0","tintindex":0},"up":{"uv":[2.0,0.0,0.0,0.0],"rotation":0,"texture":"#0","tintindex":0},"west":{"uv":[0.0,0.0,0.0,2.0],"rotation":0,"texture":"#0","tintindex":0}}},{"name":"cube","from":[7.1,0.19999981,8.6],"to":[7.1,2.6,13.400001],"rotation":{"angle":-45.0,"axis":"x","origin":[2.6,3.1999998,1.3999997]},"faces":{"down":{"uv":[0.0,0.0,0.0,2.0],"rotation":0,"texture":"#0","tintindex":0},"east":{"uv":[10.0,8.25,12.0,9.25],"rotation":0,"texture":"#0","tintindex":0},"north":{"uv":[0.0,0.0,0.0,1.0],"rotation":0,"texture":"#0","tintindex":0},"south":{"uv":[0.0,0.0,0.0,1.0],"rotation":0,"texture":"#0","tintindex":0},"up":{"uv":[0.0,2.0,0.0,0.0],"rotation":0,"texture":"#0","tintindex":0},"west":{"uv":[10.25,1.25,12.25,2.25],"rotation":0,"texture":"#0","tintindex":0}}},{"name":"cube","from":[8.9,0.19999981,8.6],"to":[8.9,2.6,13.400001],"rotation":{"angle":-45.0,"axis":"x","origin":[2.6,3.1999998,1.3999997]},"faces":{"down":{"uv":[0.0,0.0,0.0,2.0],"rotation":0,"texture":"#0","tintindex":0},"east":{"uv":[1.75,10.25,3.75,11.25],"rotation":0,"texture":"#0","tintindex":0},"north":{"uv":[0.0,0.0,0.0,1.0],"rotation":0,"texture":"#0","tintindex":0},"south":{"uv":[0.0,0.0,0.0,1.0],"rotation":0,"texture":"#0","tintindex":0},"up":{"uv":[0.0,2.0,0.0,0.0],"rotation":0,"texture":"#0","tintindex":0},"west":{"uv":[10.25,2.25,12.25,3.25],"rotation":0,"texture":"#0","tintindex":0}}},{"name":"cube","from":[7.1,0.19999981,8.6],"to":[8.9,2.6,8.6],"rotation":{"angle":-45.0,"axis":"x","origin":[2.6,3.1999998,1.3999997]},"faces":{"down":{"uv":[0.75,0.0,0.0,0.0],"rotation":0,"texture":"#0","tintindex":0},"east":{"uv":[0.0,0.0,0.0,1.0],"rotation":0,"texture":"#0","tintindex":0},"north":{"uv":[3.25,13.5,4.0,14.5],"rotation":0,"texture":"#0","tintindex":0},"south":{"uv":[4.0,13.5,4.75,14.5],"rotation":0,"texture":"#0","tintindex":0},"up":{"uv":[0.75,0.0,0.0,0.0],"rotation":0,"texture":"#0","tintindex":0},"west":{"uv":[0.0,0.0,0.0,1.0],"rotation":0,"texture":"#0","tintindex":0}}},{"name":"cube","from":[7.1,0.19999981,13.400001],"to":[8.9,2.6,13.400001],"rotation":{"angle":-45.0,"axis":"x","origin":[2.6,3.1999998,1.3999997]},"faces":{"down":{"uv":[0.75,0.0,0.0,0.0],"rotation":0,"texture":"#0","tintindex":0},"east":{"uv":[0.0,0.0,0.0,1.0],"rotation":0,"texture":"#0","tintindex":0},"north":{"uv":[13.75,0.0,14.5,1.0],"rotation":0,"texture":"#0","tintindex":0},"south":{"uv":[13.75,2.0,14.5,3.0],"rotation":0,"texture":"#0","tintindex":0},"up":{"uv":[0.75,0.0,0.0,0.0],"rotation":0,"texture":"#0","tintindex":0},"west":{"uv":[0.0,0.0,0.0,1.0],"rotation":0,"texture":"#0","tintindex":0}}},{"name":"cube","from":[7.1,2.6,8.6],"to":[8.9,2.6,13.400001],"rotation":{"angle":-45.0,"axis":"x","origin":[2.6,3.1999998,1.3999997]},"faces":{"down":{"uv":[11.25,12.0,10.5,14.0],"rotation":0,"texture":"#0","tintindex":0},"east":{"uv":[0.0,0.0,2.0,0.0],"rotation":0,"texture":"#0","tintindex":0},"north":{"uv":[0.0,0.0,0.75,0.0],"rotation":0,"texture":"#0","tintindex":0},"south":{"uv":[0.0,0.0,0.75,0.0],"rotation":0,"texture":"#0","tintindex":0},"up":{"uv":[1.75,13.5,1.0,11.5],"rotation":0,"texture":"#0","tintindex":0},"west":{"uv":[0.0,0.0,2.0,0.0],"rotation":0,"texture":"#0","tintindex":0}}},{"name":"cube","from":[7.1,0.19999981,8.6],"to":[8.9,0.19999981,13.400001],"rotation":{"angle":-45.0,"axis":"x","origin":[2.6,3.1999998,1.3999997]},"faces":{"down":{"uv":[12.75,12.0,12.0,14.0],"rotation":0,"texture":"#0","tintindex":0},"east":{"uv":[0.0,0.0,2.0,0.0],"rotation":0,"texture":"#0","tintindex":0},"north":{"uv":[0.0,0.0,0.75,0.0],"rotation":0,"texture":"#0","tintindex":0},"south":{"uv":[0.0,0.0,0.75,0.0],"rotation":0,"texture":"#0","tintindex":0},"up":{"uv":[12.0,14.0,11.25,12.0],"rotation":0,"texture":"#0","tintindex":0},"west":{"uv":[0.0,0.0,2.0,0.0],"rotation":0,"texture":"#0","tintindex":0}}},{"name":"body2","from":[6.8,3.4999998,17.6],"to":[9.2,6.5,17.6],"rotation":{"angle":0.0,"axis":"x","origin":[3.1999998,3.1999998,3.1999998]},"faces":{"down":{"uv":[1.0,0.0,0.0,0.0],"rotation":0,"texture":"#0","tintindex":0},"east":{"uv":[0.0,0.0,0.0,1.25],"rotation":0,"texture":"#0","tintindex":0},"north":{"uv":[4.75,12.75,5.75,14.0],"rotation":0,"texture":"#0","tintindex":0},"south":{"uv":[12.75,12.0,13.75,13.25],"rotation":0,"texture":"#0","tintindex":0},"up":{"uv":[1.0,0.0,0.0,0.0],"rotation":0,"texture":"#0","tintindex":0},"west":{"uv":[0.0,0.0,0.0,1.25],"rotation":0,"texture":"#0","tintindex":0}}},{"name":"body2","from":[6.8,3.4999998,13.400001],"to":[9.2,3.4999998,17.6],"rotation":{"angle":0.0,"axis":"x","origin":[3.1999998,3.1999998,3.1999998]},"faces":{"down":{"uv":[1.0,11.5,0.0,13.25],"rotation":0,"texture":"#0","tintindex":0},"east":{"uv":[0.0,0.0,1.75,0.0],"rotation":0,"texture":"#0","tintindex":0},"north":{"uv":[0.0,0.0,1.0,0.0],"rotation":0,"texture":"#0","tintindex":0},"south":{"uv":[0.0,0.0,1.0,0.0],"rotation":0,"texture":"#0","tintindex":0},"up":{"uv":[12.25,11.0,11.25,9.25],"rotation":0,"texture":"#0","tintindex":0},"west":{"uv":[0.0,0.0,1.75,0.0],"rotation":0,"texture":"#0","tintindex":0}}},{"name":"body2","from":[6.8,6.5,13.400001],"to":[9.2,6.5,17.6],"rotation":{"angle":0.0,"axis":"x","origin":[3.1999998,3.1999998,3.1999998]},"faces":{"down":{"uv":[4.75,11.75,3.75,13.5],"rotation":0,"texture":"#0","tintindex":0},"east":{"uv":[0.0,0.0,1.75,0.0],"rotation":0,"texture":"#0","tintindex":0},"north":{"uv":[0.0,0.0,1.0,0.0],"rotation":0,"texture":"#0","tintindex":0},"south":{"uv":[0.0,0.0,1.0,0.0],"rotation":0,"texture":"#0","tintindex":0},"up":{"uv":[12.5,5.0,11.5,3.25],"rotation":0,"texture":"#0","tintindex":0},"west":{"uv":[0.0,0.0,1.75,0.0],"rotation":0,"texture":"#0","tintindex":0}}},{"name":"body2","from":[6.8,3.4999998,13.400001],"to":[6.8,6.5,17.6],"rotation":{"angle":0.0,"axis":"x","origin":[3.1999998,3.1999998,3.1999998]},"faces":{"down":{"uv":[0.0,0.0,0.0,1.75],"rotation":0,"texture":"#0","tintindex":0},"east":{"uv":[10.0,5.75,11.75,7.0],"rotation":0,"texture":"#0","tintindex":0},"north":{"uv":[0.0,0.0,0.0,1.25],"rotation":0,"texture":"#0","tintindex":0},"south":{"uv":[0.0,0.0,0.0,1.25],"rotation":0,"texture":"#0","tintindex":0},"up":{"uv":[0.0,1.75,0.0,0.0],"rotation":0,"texture":"#0","tintindex":0},"west":{"uv":[10.0,7.0,11.75,8.25],"rotation":0,"texture":"#0","tintindex":0}}},{"name":"body2","from":[9.2,3.4999998,13.400001],"to":[9.2,6.5,17.6],"rotation":{"angle":0.0,"axis":"x","origin":[3.1999998,3.1999998,3.1999998]},"faces":{"down":{"uv":[0.0,0.0,0.0,1.75],"rotation":0,"texture":"#0","tintindex":0},"east":{"uv":[0.0,10.25,1.75,11.5],"rotation":0,"texture":"#0","tintindex":0},"north":{"uv":[0.0,0.0,0.0,1.25],"rotation":0,"texture":"#0","tintindex":0},"south":{"uv":[0.0,0.0,0.0,1.25],"rotation":0,"texture":"#0","tintindex":0},"up":{"uv":[0.0,1.75,0.0,0.0],"rotation":0,"texture":"#0","tintindex":0},"west":{"uv":[10.25,0.0,12.0,1.25],"rotation":0,"texture":"#0","tintindex":0}}},{"name":"body3","from":[7.1,-5.8,14.45],"to":[7.1,-3.4000006,19.25],"rotation":{"angle":-45.0,"axis":"x","origin":[3.1999998,3.1999998,3.1999998]},"faces":{"down":{"uv":[0.0,0.0,0.0,2.0],"rotation":0,"texture":"#0","tintindex":0},"east":{"uv":[7.0,11.0,9.0,12.0],"rotation":0,"texture":"#0","tintindex":0},"north":{"uv":[0.0,0.0,0.0,1.0],"rotation":0,"texture":"#0","tintindex":0},"south":{"uv":[0.0,0.0,0.0,1.0],"rotation":0,"texture":"#0","tintindex":0},"up":{"uv":[0.0,2.0,0.0,0.0],"rotation":0,"texture":"#0","tintindex":0},"west":{"uv":[9.0,11.0,11.0,12.0],"rotation":0,"texture":"#0","tintindex":0}}},{"name":"body3","from":[8.9,-5.8,14.45],"to":[8.9,-3.4000006,19.25],"rotation":{"angle":-45.0,"axis":"x","origin":[3.1999998,3.1999998,3.1999998]},"faces":{"down":{"uv":[0.0,0.0,0.0,2.0],"rotation":0,"texture":"#0","tintindex":0},"east":{"uv":[11.0,11.0,13.0,12.0],"rotation":0,"texture":"#0","tintindex":0},"north":{"uv":[0.0,0.0,0.0,1.0],"rotation":0,"texture":"#0","tintindex":0},"south":{"uv":[0.0,0.0,0.0,1.0],"rotation":0,"texture":"#0","tintindex":0},"up":{"uv":[0.0,2.0,0.0,0.0],"rotation":0,"texture":"#0","tintindex":0},"west":{"uv":[1.75,11.25,3.75,12.25],"rotation":0,"texture":"#0","tintindex":0}}},{"name":"body3","from":[7.1,-5.8,19.25],"to":[8.9,-3.4000006,19.25],"rotation":{"angle":-45.0,"axis":"x","origin":[3.1999998,3.1999998,3.1999998]},"faces":{"down":{"uv":[0.75,0.0,0.0,0.0],"rotation":0,"texture":"#0","tintindex":0},"east":{"uv":[0.0,0.0,0.0,1.0],"rotation":0,"texture":"#0","tintindex":0},"north":{"uv":[6.5,13.75,7.25,14.75],"rotation":0,"texture":"#0","tintindex":0},"south":{"uv":[7.25,13.75,8.0,14.75],"rotation":0,"texture":"#0","tintindex":0},"up":{"uv":[0.75,0.0,0.0,0.0],"rotation":0,"texture":"#0","tintindex":0},"west":{"uv":[0.0,0.0,0.0,1.0],"rotation":0,"texture":"#0","tintindex":0}}},{"name":"body3","from":[7.1,-5.8,14.45],"to":[8.9,-3.4000006,14.45],"rotation":{"angle":-45.0,"axis":"x","origin":[3.1999998,3.1999998,3.1999998]},"faces":{"down":{"uv":[0.75,0.0,0.0,0.0],"rotation":0,"texture":"#0","tintindex":0},"east":{"uv":[0.0,0.0,0.0,1.0],"rotation":0,"texture":"#0","tintindex":0},"north":{"uv":[8.0,13.75,8.75,14.75],"rotation":0,"texture":"#0","tintindex":0},"south":{"uv":[13.75,8.0,14.5,9.0],"rotation":0,"texture":"#0","tintindex":0},"up":{"uv":[0.75,0.0,0.0,0.0],"rotation":0,"texture":"#0","tintindex":0},"west":{"uv":[0.0,0.0,0.0,1.0],"rotation":0,"texture":"#0","tintindex":0}}},{"name":"body3","from":[7.1,-5.8,14.45],"to":[8.9,-5.8,19.25],"rotation":{"angle":-45.0,"axis":"x","origin":[3.1999998,3.1999998,3.1999998]},"faces":{"down":{"uv":[2.5,12.25,1.75,14.25],"rotation":0,"texture":"#0","tintindex":0},"east":{"uv":[0.0,0.0,2.0,0.0],"rotation":0,"texture":"#0","tintindex":0},"north":{"uv":[0.0,0.0,0.75,0.0],"rotation":0,"texture":"#0","tintindex":0},"south":{"uv":[0.0,0.0,0.75,0.0],"rotation":0,"texture":"#0","tintindex":0},"up":{"uv":[13.0,2.0,12.25,0.0],"rotation":0,"texture":"#0","tintindex":0},"west":{"uv":[0.0,0.0,2.0,0.0],"rotation":0,"texture":"#0","tintindex":0}}},{"name":"body3","from":[7.1,-3.4000006,14.45],"to":[8.9,-3.4000006,19.25],"rotation":{"angle":-45.0,"axis":"x","origin":[3.1999998,3.1999998,3.1999998]},"faces":{"down":{"uv":[13.0,8.0,12.25,10.0],"rotation":0,"texture":"#0","tintindex":0},"east":{"uv":[0.0,0.0,2.0,0.0],"rotation":0,"texture":"#0","tintindex":0},"north":{"uv":[0.0,0.0,0.75,0.0],"rotation":0,"texture":"#0","tintindex":0},"south":{"uv":[0.0,0.0,0.75,0.0],"rotation":0,"texture":"#0","tintindex":0},"up":{"uv":[3.25,14.25,2.5,12.25],"rotation":0,"texture":"#0","tintindex":0},"west":{"uv":[0.0,0.0,2.0,0.0],"rotation":0,"texture":"#0","tintindex":0}}},{"name":"body4","from":[7.1,14.6,12.05],"to":[8.9,14.6,15.650001],"rotation":{"angle":45.0,"axis":"x","origin":[3.1999998,3.1999998,3.1999998]},"faces":{"down":{"uv":[13.75,0.0,13.0,1.5],"rotation":0,"texture":"#0","tintindex":0},"east":{"uv":[0.0,0.0,1.5,0.0],"rotation":0,"texture":"#0","tintindex":0},"north":{"uv":[0.0,0.0,0.75,0.0],"rotation":0,"texture":"#0","tintindex":0},"south":{"uv":[0.0,0.0,0.75,0.0],"rotation":0,"texture":"#0","tintindex":0},"up":{"uv":[6.5,14.25,5.75,12.75],"rotation":0,"texture":"#0","tintindex":0},"west":{"uv":[0.0,0.0,1.5,0.0],"rotation":0,"texture":"#0","tintindex":0}}},{"name":"body4","from":[7.1,12.2,12.05],"to":[7.1,14.6,15.650001],"rotation":{"angle":45.0,"axis":"x","origin":[3.1999998,3.1999998,3.1999998]},"faces":{"down":{"uv":[0.0,0.0,0.0,1.5],"rotation":0,"texture":"#0","tintindex":0},"east":{"uv":[12.25,2.0,13.75,3.0],"rotation":0,"texture":"#0","tintindex":0},"north":{"uv":[0.0,0.0,0.0,1.0],"rotation":0,"texture":"#0","tintindex":0},"south":{"uv":[0.0,0.0,0.0,1.0],"rotation":0,"texture":"#0","tintindex":0},"up":{"uv":[0.0,1.5,0.0,0.0],"rotation":0,"texture":"#0","tintindex":0},"west":{"uv":[12.25,10.0,13.75,11.0],"rotation":0,"texture":"#0","tintindex":0}}},{"name":"body4","from":[8.9,12.2,12.05],"to":[8.9,14.6,15.650001],"rotation":{"angle":45.0,"axis":"x","origin":[3.1999998,3.1999998,3.1999998]},"faces":{"down":{"uv":[0.0,0.0,0.0,1.5],"rotation":0,"texture":"#0","tintindex":0},"east":{"uv":[12.5,3.0,14.0,4.0],"rotation":0,"texture":"#0","tintindex":0},"north":{"uv":[0.0,0.0,0.0,1.0],"rotation":0,"texture":"#0","tintindex":0},"south":{"uv":[0.0,0.0,0.0,1.0],"rotation":0,"texture":"#0","tintindex":0},"up":{"uv":[0.0,1.5,0.0,0.0],"rotation":0,"texture":"#0","tintindex":0},"west":{"uv":[12.5,4.0,14.0,5.0],"rotation":0,"texture":"#0","tintindex":0}}},{"name":"body4","from":[7.1,12.2,15.650001],"to":[8.9,14.6,15.650001],"rotation":{"angle":45.0,"axis":"x","origin":[3.1999998,3.1999998,3.1999998]},"faces":{"down":{"uv":[0.75,0.0,0.0,0.0],"rotation":0,"texture":"#0","tintindex":0},"east":{"uv":[0.0,0.0,0.0,1.0],"rotation":0,"texture":"#0","tintindex":0},"north":{"uv":[8.75,13.75,9.5,14.75],"rotation":0,"texture":"#0","tintindex":0},"south":{"uv":[9.5,13.75,10.25,14.75],"rotation":0,"texture":"#0","tintindex":0},"up":{"uv":[0.75,0.0,0.0,0.0],"rotation":0,"texture":"#0","tintindex":0},"west":{"uv":[0.0,0.0,0.0,1.0],"rotation":0,"texture":"#0","tintindex":0}}},{"name":"body4","from":[7.1,12.2,12.05],"to":[8.9,14.6,12.05],"rotation":{"angle":45.0,"axis":"x","origin":[3.1999998,3.1999998,3.1999998]},"faces":{"down":{"uv":[0.75,0.0,0.0,0.0],"rotation":0,"texture":"#0","tintindex":0},"east":{"uv":[0.0,0.0,0.0,1.0],"rotation":0,"texture":"#0","tintindex":0},"north":{"uv":[13.75,10.0,14.5,11.0],"rotation":0,"texture":"#0","tintindex":0},"south":{"uv":[13.75,12.0,14.5,13.0],"rotation":0,"texture":"#0","tintindex":0},"up":{"uv":[0.75,0.0,0.0,0.0],"rotation":0,"texture":"#0","tintindex":0},"west":{"uv":[0.0,0.0,0.0,1.0],"rotation":0,"texture":"#0","tintindex":0}}},{"name":"body4","from":[7.1,12.2,12.05],"to":[8.9,12.2,15.650001],"rotation":{"angle":45.0,"axis":"x","origin":[3.1999998,3.1999998,3.1999998]},"faces":{"down":{"uv":[0.75,13.25,0.0,14.75],"rotation":0,"texture":"#0","tintindex":0},"east":{"uv":[0.0,0.0,1.5,0.0],"rotation":0,"texture":"#0","tintindex":0},"north":{"uv":[0.0,0.0,0.75,0.0],"rotation":0,"texture":"#0","tintindex":0},"south":{"uv":[0.0,0.0,0.75,0.0],"rotation":0,"texture":"#0","tintindex":0},"up":{"uv":[13.75,9.5,13.0,8.0],"rotation":0,"texture":"#0","tintindex":0},"west":{"uv":[0.0,0.0,1.5,0.0],"rotation":0,"texture":"#0","tintindex":0}}},{"name":"body5","from":[9.8,3.1999998,-0.40000033],"to":[14.0,4.3999996,-0.40000033],"rotation":{"angle":-45.0,"axis":"y","origin":[3.1999998,3.1999998,3.1999998]},"faces":{"down":{"uv":[1.75,0.0,0.0,0.0],"rotation":0,"texture":"#0","tintindex":0},"east":{"uv":[0.0,0.0,0.0,0.5],"rotation":0,"texture":"#0","tintindex":0},"north":{"uv":[13.0,1.5,14.75,2.0],"rotation":0,"texture":"#0","tintindex":0},"south":{"uv":[13.0,9.5,14.75,10.0],"rotation":0,"texture":"#0","tintindex":0},"up":{"uv":[1.75,0.0,0.0,0.0],"rotation":0,"texture":"#0","tintindex":0},"west":{"uv":[0.0,0.0,0.0,0.5],"rotation":0,"texture":"#0","tintindex":0}}},{"name":"body5","from":[9.8,3.1999998,1.9999998],"to":[14.0,4.3999996,1.9999998],"rotation":{"angle":-45.0,"axis":"y","origin":[3.1999998,3.1999998,3.1999998]},"faces":{"down":{"uv":[1.75,0.0,0.0,0.0],"rotation":0,"texture":"#0","tintindex":0},"east":{"uv":[0.0,0.0,0.0,0.5],"rotation":0,"texture":"#0","tintindex":0},"north":{"uv":[13.5,5.0,15.25,5.5],"rotation":0,"texture":"#0","tintindex":0},"south":{"uv":[13.5,5.5,15.25,6.0],"rotation":0,"texture":"#0","tintindex":0},"up":{"uv":[1.75,0.0,0.0,0.0],"rotation":0,"texture":"#0","tintindex":0},"west":{"uv":[0.0,0.0,0.0,0.5],"rotation":0,"texture":"#0","tintindex":0}}},{"name":"body5","from":[9.8,3.1999998,-0.40000033],"to":[9.8,4.3999996,1.9999998],"rotation":{"angle":-45.0,"axis":"y","origin":[3.1999998,3.1999998,3.1999998]},"faces":{"down":{"uv":[0.0,0.0,0.0,1.0],"rotation":0,"texture":"#0","tintindex":0},"east":{"uv":[10.25,3.25,11.25,3.75],"rotation":0,"texture":"#0","tintindex":0},"north":{"uv":[0.0,0.0,0.0,0.5],"rotation":0,"texture":"#0","tintindex":0},"south":{"uv":[0.0,0.0,0.0,0.5],"rotation":0,"texture":"#0","tintindex":0},"up":{"uv":[0.0,1.0,0.0,0.0],"rotation":0,"texture":"#0","tintindex":0},"west":{"uv":[13.75,1.0,14.75,1.5],"rotation":0,"texture":"#0","tintindex":0}}},{"name":"body5","from":[14.0,3.1999998,-0.40000033],"to":[14.0,4.3999996,1.9999998],"rotation":{"angle":-45.0,"axis":"y","origin":[3.1999998,3.1999998,3.1999998]},"faces":{"down":{"uv":[0.0,0.0,0.0,1.0],"rotation":0,"texture":"#0","tintindex":0},"east":{"uv":[13.75,9.0,14.75,9.5],"rotation":0,"texture":"#0","tintindex":0},"north":{"uv":[0.0,0.0,0.0,0.5],"rotation":0,"texture":"#0","tintindex":0},"south":{"uv":[0.0,0.0,0.0,0.5],"rotation":0,"texture":"#0","tintindex":0},"up":{"uv":[0.0,1.0,0.0,0.0],"rotation":0,"texture":"#0","tintindex":0},"west":{"uv":[13.75,13.0,14.75,13.5],"rotation":0,"texture":"#0","tintindex":0}}},{"name":"body5","from":[9.8,4.3999996,-0.40000033],"to":[14.0,4.3999996,1.9999998],"rotation":{"angle":-45.0,"axis":"y","origin":[3.1999998,3.1999998,3.1999998]},"faces":{"down":{"uv":[13.5,5.0,11.75,6.0],"rotation":0,"texture":"#0","tintindex":0},"east":{"uv":[0.0,0.0,1.0,0.0],"rotation":0,"texture":"#0","tintindex":0},"north":{"uv":[0.0,0.0,1.75,0.0],"rotation":0,"texture":"#0","tintindex":0},"south":{"uv":[0.0,0.0,1.75,0.0],"rotation":0,"texture":"#0","tintindex":0},"up":{"uv":[6.5,12.75,4.75,11.75],"rotation":0,"texture":"#0","tintindex":0},"west":{"uv":[0.0,0.0,1.0,0.0],"rotation":0,"texture":"#0","tintindex":0}}},{"name":"body5","from":[9.8,3.1999998,-0.40000033],"to":[14.0,3.1999998,1.9999998],"rotation":{"angle":-45.0,"axis":"y","origin":[3.1999998,3.1999998,3.1999998]},"faces":{"down":{"uv":[13.5,7.0,11.75,8.0],"rotation":0,"texture":"#0","tintindex":0},"east":{"uv":[0.0,0.0,1.0,0.0],"rotation":0,"texture":"#0","tintindex":0},"north":{"uv":[0.0,0.0,1.75,0.0],"rotation":0,"texture":"#0","tintindex":0},"south":{"uv":[0.0,0.0,1.75,0.0],"rotation":0,"texture":"#0","tintindex":0},"up":{"uv":[13.5,7.0,11.75,6.0],"rotation":0,"texture":"#0","tintindex":0},"west":{"uv":[0.0,0.0,1.0,0.0],"rotation":0,"texture":"#0","tintindex":0}}},{"name":"body6","from":[6.6499996,3.1999998,3.1999998],"to":[6.6499996,4.3999996,7.4],"rotation":{"angle":-45.0,"axis":"y","origin":[3.1999998,3.1999998,3.1999998]},"faces":{"down":{"uv":[0.0,0.0,0.0,1.75],"rotation":0,"texture":"#0","tintindex":0},"east":{"uv":[13.5,6.0,15.25,6.5],"rotation":0,"texture":"#0","tintindex":0},"north":{"uv":[0.0,0.0,0.0,0.5],"rotation":0,"texture":"#0","tintindex":0},"south":{"uv":[0.0,0.0,0.0,0.5],"rotation":0,"texture":"#0","tintindex":0},"up":{"uv":[0.0,1.75,0.0,0.0],"rotation":0,"texture":"#0","tintindex":0},"west":{"uv":[13.5,6.5,15.25,7.0],"rotation":0,"texture":"#0","tintindex":0}}},{"name":"body6","from":[9.05,3.1999998,3.1999998],"to":[9.05,4.3999996,7.4],"rotation":{"angle":-45.0,"axis":"y","origin":[3.1999998,3.1999998,3.1999998]},"faces":{"down":{"uv":[0.0,0.0,0.0,1.75],"rotation":0,"texture":"#0","tintindex":0},"east":{"uv":[13.5,7.0,15.25,7.5],"rotation":0,"texture":"#0","tintindex":0},"north":{"uv":[0.0,0.0,0.0,0.5],"rotation":0,"texture":"#0","tintindex":0},"south":{"uv":[0.0,0.0,0.0,0.5],"rotation":0,"texture":"#0","tintindex":0},"up":{"uv":[0.0,1.75,0.0,0.0],"rotation":0,"texture":"#0","tintindex":0},"west":{"uv":[13.5,7.5,15.25,8.0],"rotation":0,"texture":"#0","tintindex":0}}},{"name":"body6","from":[6.6499996,3.1999998,3.1999998],"to":[9.05,4.3999996,3.1999998],"rotation":{"angle":-45.0,"axis":"y","origin":[3.1999998,3.1999998,3.1999998]},"faces":{"down":{"uv":[1.0,0.0,0.0,0.0],"rotation":0,"texture":"#0","tintindex":0},"east":{"uv":[0.0,0.0,0.0,0.5],"rotation":0,"texture":"#0","tintindex":0},"north":{"uv":[13.75,13.5,14.75,14.0],"rotation":0,"texture":"#0","tintindex":0},"south":{"uv":[14.0,3.0,15.0,3.5],"rotation":0,"texture":"#0","tintindex":0},"up":{"uv":[1.0,0.0,0.0,0.0],"rotation":0,"texture":"#0","tintindex":0},"west":{"uv":[0.0,0.0,0.0,0.5],"rotation":0,"texture":"#0","tintindex":0}}},{"name":"body6","from":[6.6499996,3.1999998,7.4],"to":[9.05,4.3999996,7.4],"rotation":{"angle":-45.0,"axis":"y","origin":[3.1999998,3.1999998,3.1999998]},"faces":{"down":{"uv":[1.0,0.0,0.0,0.0],"rotation":0,"texture":"#0","tintindex":0},"east":{"uv":[0.0,0.0,0.0,0.5],"rotation":0,"texture":"#0","tintindex":0},"north":{"uv":[14.0,3.5,15.0,4.0],"rotation":0,"texture":"#0","tintindex":0},"south":{"uv":[14.0,4.0,15.0,4.5],"rotation":0,"texture":"#0","tintindex":0},"up":{"uv":[1.0,0.0,0.0,0.0],"rotation":0,"texture":"#0","tintindex":0},"west":{"uv":[0.0,0.0,0.0,0.5],"rotation":0,"texture":"#0","tintindex":0}}},{"name":"body6","from":[6.6499996,4.3999996,3.1999998],"to":[9.05,4.3999996,7.4],"rotation":{"angle":-45.0,"axis":"y","origin":[3.1999998,3.1999998,3.1999998]},"faces":{"down":{"uv":[8.5,12.0,7.5,13.75],"rotation":0,"texture":"#0","tintindex":0},"east":{"uv":[0.0,0.0,1.75,0.0],"rotation":0,"texture":"#0","tintindex":0},"north":{"uv":[0.0,0.0,1.0,0.0],"rotation":0,"texture":"#0","tintindex":0},"south":{"uv":[0.0,0.0,1.0,0.0],"rotation":0,"texture":"#0","tintindex":0},"up":{"uv":[7.5,13.75,6.5,12.0],"rotation":0,"texture":"#0","tintindex":0},"west":{"uv":[0.0,0.0,1.75,0.0],"rotation":0,"texture":"#0","tintindex":0}}},{"name":"body6","from":[6.6499996,3.1999998,3.1999998],"to":[9.05,3.1999998,7.4],"rotation":{"angle":-45.0,"axis":"y","origin":[3.1999998,3.1999998,3.1999998]},"faces":{"down":{"uv":[10.5,12.0,9.5,13.75],"rotation":0,"texture":"#0","tintindex":0},"east":{"uv":[0.0,0.0,1.75,0.0],"rotation":0,"texture":"#0","tintindex":0},"north":{"uv":[0.0,0.0,1.0,0.0],"rotation":0,"texture":"#0","tintindex":0},"south":{"uv":[0.0,0.0,1.0,0.0],"rotation":0,"texture":"#0","tintindex":0},"up":{"uv":[9.5,13.75,8.5,12.0],"rotation":0,"texture":"#0","tintindex":0},"west":{"uv":[0.0,0.0,1.75,0.0],"rotation":0,"texture":"#0","tintindex":0}}},{"name":"body_hat","from":[9.8,3.35,0.9499998],"to":[9.8,7.55,5.1499996],"rotation":{"angle":-22.5,"axis":"x","origin":[3.1999998,3.1999998,3.1999998]},"faces":{"down":{"uv":[0.0,0.0,0.0,1.75],"rotation":0,"texture":"#0","tintindex":0},"east":{"uv":[4.0,8.25,5.75,10.0],"rotation":0,"texture":"#0","tintindex":0},"north":{"uv":[0.0,0.0,0.0,1.75],"rotation":0,"texture":"#0","tintindex":0},"south":{"uv":[0.0,0.0,0.0,1.75],"rotation":0,"texture":"#0","tintindex":0},"up":{"uv":[0.0,1.75,0.0,0.0],"rotation":0,"texture":"#0","tintindex":0},"west":{"uv":[8.25,4.0,10.0,5.75],"rotation":0,"texture":"#0","tintindex":0}}},{"name":"body_hat","from":[6.2,3.35,0.9499998],"to":[6.2,7.55,5.1499996],"rotation":{"angle":-22.5,"axis":"x","origin":[3.1999998,3.1999998,3.1999998]},"faces":{"down":{"uv":[0.0,0.0,0.0,1.75],"rotation":0,"texture":"#0","tintindex":0},"east":{"uv":[8.25,5.75,10.0,7.5],"rotation":0,"texture":"#0","tintindex":0},"north":{"uv":[0.0,0.0,0.0,1.75],"rotation":0,"texture":"#0","tintindex":0},"south":{"uv":[0.0,0.0,0.0,1.75],"rotation":0,"texture":"#0","tintindex":0},"up":{"uv":[0.0,1.75,0.0,0.0],"rotation":0,"texture":"#0","tintindex":0},"west":{"uv":[8.25,7.5,10.0,9.25],"rotation":0,"texture":"#0","tintindex":0}}},{"name":"body_hat","from":[6.2,3.35,0.9499998],"to":[9.8,7.55,0.9499998],"rotation":{"angle":-22.5,"axis":"x","origin":[3.1999998,3.1999998,3.1999998]},"faces":{"down":{"uv":[1.5,0.0,0.0,0.0],"rotation":0,"texture":"#0","tintindex":0},"east":{"uv":[0.0,0.0,0.0,1.75],"rotation":0,"texture":"#0","tintindex":0},"north":{"uv":[0.0,8.5,1.5,10.25],"rotation":0,"texture":"#0","tintindex":0},"south":{"uv":[8.25,9.25,9.75,11.0],"rotation":0,"texture":"#0","tintindex":0},"up":{"uv":[1.5,0.0,0.0,0.0],"rotation":0,"texture":"#0","tintindex":0},"west":{"uv":[0.0,0.0,0.0,1.75],"rotation":0,"texture":"#0","tintindex":0}}},{"name":"body_hat","from":[6.2,7.55,0.9499998],"to":[9.8,7.55,5.1499996],"rotation":{"angle":-22.5,"axis":"x","origin":[3.1999998,3.1999998,3.1999998]},"faces":{"down":{"uv":[5.5,10.0,4.0,11.75],"rotation":0,"texture":"#0","tintindex":0},"east":{"uv":[0.0,0.0,1.75,0.0],"rotation":0,"texture":"#0","tintindex":0},"north":{"uv":[0.0,0.0,1.5,0.0],"rotation":0,"texture":"#0","tintindex":0},"south":{"uv":[0.0,0.0,1.5,0.0],"rotation":0,"texture":"#0","tintindex":0},"up":{"uv":[11.25,11.0,9.75,9.25],"rotation":0,"texture":"#0","tintindex":0},"west":{"uv":[0.0,0.0,1.75,0.0],"rotation":0,"texture":"#0","tintindex":0}}},{"name":"body_hat","from":[6.2,3.35,0.9499998],"to":[9.8,3.35,5.1499996],"rotation":{"angle":-22.5,"axis":"x","origin":[3.1999998,3.1999998,3.1999998]},"faces":{"down":{"uv":[7.0,10.0,5.5,11.75],"rotation":0,"texture":"#0","tintindex":0},"east":{"uv":[0.0,0.0,1.75,0.0],"rotation":0,"texture":"#0","tintindex":0},"north":{"uv":[0.0,0.0,1.5,0.0],"rotation":0,"texture":"#0","tintindex":0},"south":{"uv":[0.0,0.0,1.5,0.0],"rotation":0,"texture":"#0","tintindex":0},"up":{"uv":[11.5,5.75,10.0,4.0],"rotation":0,"texture":"#0","tintindex":0},"west":{"uv":[0.0,0.0,1.75,0.0],"rotation":0,"texture":"#0","tintindex":0}}},{"name":"cube","from":[7.4,2.6,7.4],"to":[8.6,3.1999998,8.6],"rotation":{"angle":0.0,"axis":"x","origin":[3.1999998,3.1999998,3.1999998]},"faces":{"down":{"uv":[2.0,8.5,1.5,9.0],"rotation":0,"texture":"#0","tintindex":0},"east":{"uv":[1.5,9.0,2.0,9.25],"rotation":0,"texture":"#0","tintindex":0},"north":{"uv":[5.75,8.75,6.25,9.0],"rotation":0,"texture":"#0","tintindex":0},"south":{"uv":[5.75,9.0,6.25,9.25],"rotation":0,"texture":"#0","tintindex":0},"up":{"uv":[6.25,8.75,5.75,8.25],"rotation":0,"texture":"#0","tintindex":0},"west":{"uv":[1.5,9.25,2.0,9.5],"rotation":0,"texture":"#0","tintindex":0}}},{"name":"cube","from":[6.8,1.9999998,6.8],"to":[6.8,2.6,9.2],"rotation":{"angle":0.0,"axis":"x","origin":[3.1999998,3.1999998,3.1999998]},"faces":{"down":{"uv":[0.0,0.0,0.0,1.0],"rotation":0,"texture":"#0","tintindex":0},"east":{"uv":[4.75,14.0,5.75,14.25],"rotation":0,"texture":"#0","tintindex":0},"north":{"uv":[0.0,0.0,0.0,0.25],"rotation":0,"texture":"#0","tintindex":0},"south":{"uv":[0.0,0.0,0.0,0.25],"rotation":0,"texture":"#0","tintindex":0},"up":{"uv":[0.0,1.0,0.0,0.0],"rotation":0,"texture":"#0","tintindex":0},"west":{"uv":[14.0,4.75,15.0,5.0],"rotation":0,"texture":"#0","tintindex":0}}},{"name":"cube","from":[6.8,1.9999998,6.8],"to":[9.2,1.9999998,9.2],"rotation":{"angle":0.0,"axis":"x","origin":[3.1999998,3.1999998,3.1999998]},"faces":{"down":{"uv":[14.0,11.0,13.0,12.0],"rotation":0,"texture":"#0","tintindex":0},"east":{"uv":[0.0,0.0,1.0,0.0],"rotation":0,"texture":"#0","tintindex":0},"north":{"uv":[0.0,0.0,1.0,0.0],"rotation":0,"texture":"#0","tintindex":0},"south":{"uv":[0.0,0.0,1.0,0.0],"rotation":0,"texture":"#0","tintindex":0},"up":{"uv":[8.0,11.0,7.0,10.0],"rotation":0,"texture":"#0","tintindex":0},"west":{"uv":[0.0,0.0,1.0,0.0],"rotation":0,"texture":"#0","tintindex":0}}},{"name":"cube","from":[6.8,2.6,6.8],"to":[9.2,2.6,9.2],"rotation":{"angle":0.0,"axis":"x","origin":[3.1999998,3.1999998,3.1999998]},"faces":{"down":{"uv":[1.75,13.5,0.75,14.5],"rotation":0,"texture":"#0","tintindex":0},"east":{"uv":[0.0,0.0,1.0,0.0],"rotation":0,"texture":"#0","tintindex":0},"north":{"uv":[0.0,0.0,1.0,0.0],"rotation":0,"texture":"#0","tintindex":0},"south":{"uv":[0.0,0.0,1.0,0.0],"rotation":0,"texture":"#0","tintindex":0},"up":{"uv":[13.75,14.25,12.75,13.25],"rotation":0,"texture":"#0","tintindex":0},"west":{"uv":[0.0,0.0,1.0,0.0],"rotation":0,"texture":"#0","tintindex":0}}},{"name":"cube","from":[9.2,1.9999998,6.8],"to":[9.2,2.6,9.2],"rotation":{"angle":0.0,"axis":"x","origin":[3.1999998,3.1999998,3.1999998]},"faces":{"down":{"uv":[0.0,0.0,0.0,1.0],"rotation":0,"texture":"#0","tintindex":0},"east":{"uv":[10.25,14.0,11.25,14.25],"rotation":0,"texture":"#0","tintindex":0},"north":{"uv":[0.0,0.0,0.0,0.25],"rotation":0,"texture":"#0","tintindex":0},"south":{"uv":[0.0,0.0,0.0,0.25],"rotation":0,"texture":"#0","tintindex":0},"up":{"uv":[0.0,1.0,0.0,0.0],"rotation":0,"texture":"#0","tintindex":0},"west":{"uv":[14.0,11.0,15.0,11.25],"rotation":0,"texture":"#0","tintindex":0}}},{"name":"cube","from":[6.8,1.9999998,6.8],"to":[9.2,2.6,6.8],"rotation":{"angle":0.0,"axis":"x","origin":[3.1999998,3.1999998,3.1999998]},"faces":{"down":{"uv":[1.0,0.0,0.0,0.0],"rotation":0,"texture":"#0","tintindex":0},"east":{"uv":[0.0,0.0,0.0,0.25],"rotation":0,"texture":"#0","tintindex":0},"north":{"uv":[11.25,14.0,12.25,14.25],"rotation":0,"texture":"#0","tintindex":0},"south":{"uv":[14.0,11.25,15.0,11.5],"rotation":0,"texture":"#0","tintindex":0},"up":{"uv":[1.0,0.0,0.0,0.0],"rotation":0,"texture":"#0","tintindex":0},"west":{"uv":[0.0,0.0,0.0,0.25],"rotation":0,"texture":"#0","tintindex":0}}},{"name":"cube","from":[6.8,1.9999998,9.2],"to":[9.2,2.6,9.2],"rotation":{"angle":0.0,"axis":"x","origin":[3.1999998,3.1999998,3.1999998]},"faces":{"down":{"uv":[1.0,0.0,0.0,0.0],"rotation":0,"texture":"#0","tintindex":0},"east":{"uv":[0.0,0.0,0.0,0.25],"rotation":0,"texture":"#0","tintindex":0},"north":{"uv":[10.25,3.75,11.25,4.0],"rotation":0,"texture":"#0","tintindex":0},"south":{"uv":[14.0,4.5,15.0,4.75],"rotation":0,"texture":"#0","tintindex":0},"up":{"uv":[1.0,0.0,0.0,0.0],"rotation":0,"texture":"#0","tintindex":0},"west":{"uv":[0.0,0.0,0.0,0.25],"rotation":0,"texture":"#0","tintindex":0}}}],"display":{"head":{"translation":[0.0,-6.4,0.0],"rotation":[0.0,0.0,0.0],"scale":[3.8095,3.8095,3.8095]}}}