{"textures":{"0":"pets/nocsy_dragon_saddled_version"},"elements":[{"name":"cube","from":[7.4613953,-3.4020367,-1.8093033],"to":[9.17568,8.597963,-0.09501743],"rotation":{"angle":0.0,"axis":"x","origin":[7.6567726,-9.432347,9.397863]},"faces":{"down":{"uv":[9.75,5.15625,9.625,5.28125],"rotation":0,"texture":"#0","tintindex":0},"east":{"uv":[5.875,7.84375,6.0,8.71875],"rotation":0,"texture":"#0","tintindex":0},"north":{"uv":[5.75,7.84375,5.875,8.71875],"rotation":0,"texture":"#0","tintindex":0},"south":{"uv":[6.21875,7.84375,6.34375,8.71875],"rotation":0,"texture":"#0","tintindex":0},"up":{"uv":[5.21875,9.75,5.09375,9.625],"rotation":0,"texture":"#0","tintindex":0},"west":{"uv":[6.34375,7.84375,6.46875,8.71875],"rotation":0,"texture":"#0","tintindex":0}}},{"name":"cube","from":[8.404253,-3.4020367,-1.8093033],"to":[8.404253,31.740814,25.61927],"rotation":{"angle":0.0,"axis":"x","origin":[7.6567726,-9.432347,9.397863]},"faces":{"down":{"uv":[0.0,0.0,0.0,2.0],"rotation":0,"texture":"#0","tintindex":0},"east":{"uv":[0.0,2.5625,2.0,5.125],"rotation":0,"texture":"#0","tintindex":0},"north":{"uv":[0.0,0.0,0.0,2.5625],"rotation":0,"texture":"#0","tintindex":0},"south":{"uv":[0.0,0.0,0.0,2.5625],"rotation":0,"texture":"#0","tintindex":0},"up":{"uv":[0.0,2.0,0.0,0.0],"rotation":0,"texture":"#0","tintindex":0},"west":{"uv":[2.0,2.5625,4.0,5.125],"rotation":0,"texture":"#0","tintindex":0}}},{"name":"cube","from":[7.5471096,11.948309,2.0684814],"to":[9.089967,13.491169,11.325626],"rotation":{"angle":-45.0,"axis":"x","origin":[6.7996297,0.85336685,19.855005]},"faces":{"down":{"uv":[4.46875,8.28125,4.34375,8.96875],"rotation":0,"texture":"#0","tintindex":0},"east":{"uv":[8.09375,1.0,8.78125,1.125],"rotation":0,"texture":"#0","tintindex":0},"north":{"uv":[5.21875,9.625,5.34375,9.75],"rotation":0,"texture":"#0","tintindex":0},"south":{"uv":[9.625,5.28125,9.75,5.40625],"rotation":0,"texture":"#0","tintindex":0},"up":{"uv":[8.34375,5.0625,8.21875,4.375],"rotation":0,"texture":"#0","tintindex":0},"west":{"uv":[8.15625,0.3125,8.84375,0.4375],"rotation":0,"texture":"#0","tintindex":0}}},{"name":"cube","from":[7.5471096,-3.9163237,-3.609303],"to":[9.089967,-2.3734655,-0.35216045],"rotation":{"angle":0.0,"axis":"x","origin":[6.7996297,0.85336685,19.855005]},"faces":{"down":{"uv":[8.0625,9.1875,7.9375,9.4375],"rotation":0,"texture":"#0","tintindex":0},"east":{"uv":[9.1875,3.8125,9.4375,3.9375],"rotation":0,"texture":"#0","tintindex":0},"north":{"uv":[5.34375,9.625,5.46875,9.75],"rotation":0,"texture":"#0","tintindex":0},"south":{"uv":[9.625,5.5625,9.75,5.6875],"rotation":0,"texture":"#0","tintindex":0},"up":{"uv":[7.21875,9.4375,7.09375,9.1875],"rotation":0,"texture":"#0","tintindex":0},"west":{"uv":[9.1875,3.9375,9.4375,4.0625],"rotation":0,"texture":"#0","tintindex":0}}},{"name":"cube","from":[7.375681,-8.16121,-2.6734028],"to":[9.261395,-6.275497,-0.78768826],"rotation":{"angle":22.5,"axis":"x","origin":[6.7996297,0.25336647,8.240721]},"faces":{"down":{"uv":[9.75,6.3125,9.625,6.4375],"rotation":0,"texture":"#0","tintindex":0},"east":{"uv":[9.625,5.90625,9.75,6.03125],"rotation":0,"texture":"#0","tintindex":0},"north":{"uv":[5.59375,9.625,5.71875,9.75],"rotation":0,"texture":"#0","tintindex":0},"south":{"uv":[9.625,6.03125,9.75,6.15625],"rotation":0,"texture":"#0","tintindex":0},"up":{"uv":[6.40625,9.75,6.28125,9.625],"rotation":0,"texture":"#0","tintindex":0},"west":{"uv":[6.15625,9.625,6.28125,9.75],"rotation":0,"texture":"#0","tintindex":0}}},{"name":"cube","from":[7.632824,-11.276014,0.060064316],"to":[9.004252,-9.904588,1.4314928],"rotation":{"angle":45.0,"axis":"x","origin":[6.7996297,0.25336647,8.240721]},"faces":{"down":{"uv":[9.75,7.25,9.625,7.375],"rotation":0,"texture":"#0","tintindex":0},"east":{"uv":[9.625,7.0,9.75,7.125],"rotation":0,"texture":"#0","tintindex":0},"north":{"uv":[9.625,6.6875,9.75,6.8125],"rotation":0,"texture":"#0","tintindex":0},"south":{"uv":[7.125,9.625,7.25,9.75],"rotation":0,"texture":"#0","tintindex":0},"up":{"uv":[7.375,9.75,7.25,9.625],"rotation":0,"texture":"#0","tintindex":0},"west":{"uv":[9.625,7.125,9.75,7.25],"rotation":0,"texture":"#0","tintindex":0}}},{"name":"cube","from":[7.8899665,2.8173466,-5.27432],"to":[8.747109,4.5316324,-4.417177],"rotation":{"angle":-22.5,"axis":"x","origin":[6.7996297,0.25336647,8.240721]},"faces":{"down":{"uv":[9.125,9.90625,9.03125,10.0],"rotation":0,"texture":"#0","tintindex":0},"east":{"uv":[9.78125,9.625,9.875,9.78125],"rotation":0,"texture":"#0","tintindex":0},"north":{"uv":[9.625,9.78125,9.71875,9.9375],"rotation":0,"texture":"#0","tintindex":0},"south":{"uv":[9.71875,9.78125,9.8125,9.9375],"rotation":0,"texture":"#0","tintindex":0},"up":{"uv":[10.0,8.3125,9.90625,8.21875],"rotation":0,"texture":"#0","tintindex":0},"west":{"uv":[0.125,9.8125,0.21875,9.96875],"rotation":0,"texture":"#0","tintindex":0}}},{"name":"cube","from":[7.5513954,7.707348,7.201393],"to":[9.085681,9.241634,18.164251],"rotation":{"angle":-22.5,"axis":"x","origin":[6.7996297,0.85336685,19.855005]},"faces":{"down":{"uv":[4.34375,8.0,4.21875,8.8125],"rotation":0,"texture":"#0","tintindex":0},"east":{"uv":[7.9375,1.125,8.75,1.25],"rotation":0,"texture":"#0","tintindex":0},"north":{"uv":[9.625,7.375,9.75,7.5],"rotation":0,"texture":"#0","tintindex":0},"south":{"uv":[7.96875,9.625,8.09375,9.75],"rotation":0,"texture":"#0","tintindex":0},"up":{"uv":[4.21875,8.8125,4.09375,8.0],"rotation":0,"texture":"#0","tintindex":0},"west":{"uv":[7.9375,1.25,8.75,1.375],"rotation":0,"texture":"#0","tintindex":0}}},{"name":"cube","from":[7.5471096,6.4567356,15.249809],"to":[9.089967,7.999592,26.221237],"rotation":{"angle":0.0,"axis":"x","origin":[6.7996297,12.8121395,33.271263]},"faces":{"down":{"uv":[6.59375,8.0625,6.46875,8.875],"rotation":0,"texture":"#0","tintindex":0},"east":{"uv":[7.9375,1.375,8.75,1.5],"rotation":0,"texture":"#0","tintindex":0},"north":{"uv":[8.09375,9.625,8.21875,9.75],"rotation":0,"texture":"#0","tintindex":0},"south":{"uv":[9.625,8.21875,9.75,8.34375],"rotation":0,"texture":"#0","tintindex":0},"up":{"uv":[7.5625,8.8125,7.4375,8.0],"rotation":0,"texture":"#0","tintindex":0},"west":{"uv":[7.9375,6.25,8.75,6.375],"rotation":0,"texture":"#0","tintindex":0}}},{"name":"cube","from":[7.375681,6.328163,24.335526],"to":[9.261395,8.213877,27.935524],"rotation":{"angle":0.0,"axis":"x","origin":[6.7996297,12.554995,32.799835]},"faces":{"down":{"uv":[8.3125,9.1875,8.1875,9.4375],"rotation":0,"texture":"#0","tintindex":0},"east":{"uv":[9.1875,4.71875,9.4375,4.84375],"rotation":0,"texture":"#0","tintindex":0},"north":{"uv":[9.625,8.8125,9.75,8.9375],"rotation":0,"texture":"#0","tintindex":0},"south":{"uv":[9.0,9.625,9.125,9.75],"rotation":0,"texture":"#0","tintindex":0},"up":{"uv":[8.1875,9.4375,8.0625,9.1875],"rotation":0,"texture":"#0","tintindex":0},"west":{"uv":[9.1875,6.25,9.4375,6.375],"rotation":0,"texture":"#0","tintindex":0}}},{"name":"cube","from":[7.632824,2.5118465,29.685707],"to":[9.004252,3.883277,31.057144],"rotation":{"angle":22.5,"axis":"x","origin":[6.7996297,10.669283,39.314117]},"faces":{"down":{"uv":[4.21875,9.65625,4.09375,9.78125],"rotation":0,"texture":"#0","tintindex":0},"east":{"uv":[9.65625,0.25,9.78125,0.375],"rotation":0,"texture":"#0","tintindex":0},"north":{"uv":[9.625,9.21875,9.75,9.34375],"rotation":0,"texture":"#0","tintindex":0},"south":{"uv":[9.65625,2.40625,9.78125,2.53125],"rotation":0,"texture":"#0","tintindex":0},"up":{"uv":[3.71875,9.78125,3.59375,9.65625],"rotation":0,"texture":"#0","tintindex":0},"west":{"uv":[2.96875,9.65625,3.09375,9.78125],"rotation":0,"texture":"#0","tintindex":0}}},{"name":"cube","from":[7.8899665,2.7689905,30.285713],"to":[8.747109,3.626133,32.0],"rotation":{"angle":22.5,"axis":"x","origin":[6.7996297,10.669283,39.314117]},"faces":{"down":{"uv":[1.46875,9.8125,1.375,9.96875],"rotation":0,"texture":"#0","tintindex":0},"east":{"uv":[9.8125,0.0,9.96875,0.09375],"rotation":0,"texture":"#0","tintindex":0},"north":{"uv":[9.90625,9.71875,10.0,9.8125],"rotation":0,"texture":"#0","tintindex":0},"south":{"uv":[9.90625,9.8125,10.0,9.90625],"rotation":0,"texture":"#0","tintindex":0},"up":{"uv":[9.90625,0.96875,9.8125,0.8125],"rotation":0,"texture":"#0","tintindex":0},"west":{"uv":[0.21875,9.8125,0.375,9.90625],"rotation":0,"texture":"#0","tintindex":0}}},{"name":"cube","from":[7.465681,3.2430763,2.6023111],"to":[9.171395,11.805933,4.3080254],"rotation":{"angle":22.5,"axis":"x","origin":[6.7996297,16.881939,13.855007]},"faces":{"down":{"uv":[9.78125,6.875,9.65625,7.0],"rotation":0,"texture":"#0","tintindex":0},"east":{"uv":[3.96875,8.34375,4.09375,8.96875],"rotation":0,"texture":"#0","tintindex":0},"north":{"uv":[3.84375,8.34375,3.96875,8.96875],"rotation":0,"texture":"#0","tintindex":0},"south":{"uv":[8.34375,4.375,8.46875,5.0],"rotation":0,"texture":"#0","tintindex":0},"up":{"uv":[9.78125,6.5625,9.65625,6.4375],"rotation":0,"texture":"#0","tintindex":0},"west":{"uv":[2.09375,8.375,2.21875,9.0],"rotation":0,"texture":"#0","tintindex":0}}},{"name":"cube","from":[7.4613953,4.838272,6.702921],"to":[9.17568,24.552555,8.417206],"rotation":{"angle":45.0,"axis":"x","origin":[6.7996297,16.881939,18.055006]},"faces":{"down":{"uv":[8.34375,9.65625,8.21875,9.78125],"rotation":0,"texture":"#0","tintindex":0},"east":{"uv":[2.625,7.25,2.75,8.6875],"rotation":0,"texture":"#0","tintindex":0},"north":{"uv":[2.5,7.25,2.625,8.6875],"rotation":0,"texture":"#0","tintindex":0},"south":{"uv":[2.75,7.25,2.875,8.6875],"rotation":0,"texture":"#0","tintindex":0},"up":{"uv":[7.6875,9.78125,7.5625,9.65625],"rotation":0,"texture":"#0","tintindex":0},"west":{"uv":[5.5,7.25,5.625,8.6875],"rotation":0,"texture":"#0","tintindex":0}}},{"name":"cube","from":[7.2899666,28.57283,15.332382],"to":[9.34711,31.487122,17.389524],"rotation":{"angle":45.0,"axis":"x","origin":[8.318538,30.029976,16.360952]},"faces":{"down":{"uv":[8.78125,9.65625,8.65625,9.78125],"rotation":0,"texture":"#0","tintindex":0},"east":{"uv":[9.34375,2.90625,9.46875,3.09375],"rotation":0,"texture":"#0","tintindex":0},"north":{"uv":[8.875,9.3125,9.0,9.5],"rotation":0,"texture":"#0","tintindex":0},"south":{"uv":[5.78125,9.34375,5.90625,9.53125],"rotation":0,"texture":"#0","tintindex":0},"up":{"uv":[8.65625,9.78125,8.53125,9.65625],"rotation":0,"texture":"#0","tintindex":0},"west":{"uv":[9.34375,8.65625,9.46875,8.84375],"rotation":0,"texture":"#0","tintindex":0}}},{"name":"cube","from":[7.5471096,30.457138,16.992887],"to":[9.089967,32.0,18.535748],"rotation":{"angle":-22.5,"axis":"x","origin":[8.318538,31.228577,17.764317]},"faces":{"down":{"uv":[9.8125,0.0,9.6875,0.125],"rotation":0,"texture":"#0","tintindex":0},"east":{"uv":[9.40625,9.65625,9.53125,9.78125],"rotation":0,"texture":"#0","tintindex":0},"north":{"uv":[8.78125,9.65625,8.90625,9.78125],"rotation":0,"texture":"#0","tintindex":0},"south":{"uv":[9.53125,9.65625,9.65625,9.78125],"rotation":0,"texture":"#0","tintindex":0},"up":{"uv":[9.78125,9.78125,9.65625,9.65625],"rotation":0,"texture":"#0","tintindex":0},"west":{"uv":[9.65625,9.53125,9.78125,9.65625],"rotation":0,"texture":"#0","tintindex":0}}},{"name":"cube","from":[7.8899665,30.899307,17.058851],"to":[8.747109,31.756447,19.63028],"rotation":{"angle":0.0,"axis":"x","origin":[8.318538,31.327873,18.344564]},"faces":{"down":{"uv":[3.09375,9.4375,3.0,9.65625],"rotation":0,"texture":"#0","tintindex":0},"east":{"uv":[9.46875,1.5,9.6875,1.59375],"rotation":0,"texture":"#0","tintindex":0},"north":{"uv":[9.90625,9.90625,10.0,10.0],"rotation":0,"texture":"#0","tintindex":0},"south":{"uv":[9.9375,0.625,10.03125,0.71875],"rotation":0,"texture":"#0","tintindex":0},"up":{"uv":[6.71875,9.375,6.625,9.15625],"rotation":0,"texture":"#0","tintindex":0},"west":{"uv":[9.46875,2.0625,9.6875,2.15625],"rotation":0,"texture":"#0","tintindex":0}}}],"display":{"head":{"translation":[0.0,34.032776,34.62952],"rotation":[0.0,0.0,0.0],"scale":[3.7333333,3.7333333,3.7333333]}}}