{"textures":{"0":"pets/nocsy_dragon_saddled_version"},"elements":[{"name":"cube","from":[6.824319,-3.4020367,-1.8093033],"to":[8.538605,8.597963,-0.09501743],"rotation":{"angle":0.0,"axis":"x","origin":[8.343227,-9.432347,9.397863]},"faces":{"down":{"uv":[7.0,9.5625,6.875,9.6875],"rotation":0,"texture":"#0","tintindex":0},"east":{"uv":[1.84375,7.8125,1.96875,8.6875],"rotation":0,"texture":"#0","tintindex":0},"north":{"uv":[1.71875,7.8125,1.84375,8.6875],"rotation":0,"texture":"#0","tintindex":0},"south":{"uv":[1.96875,7.8125,2.09375,8.6875],"rotation":0,"texture":"#0","tintindex":0},"up":{"uv":[6.875,9.6875,6.75,9.5625],"rotation":0,"texture":"#0","tintindex":0},"west":{"uv":[4.875,7.84375,5.0,8.71875],"rotation":0,"texture":"#0","tintindex":0}}},{"name":"cube","from":[7.595747,-3.4020367,-1.8093033],"to":[7.595747,31.740814,25.61927],"rotation":{"angle":0.0,"axis":"x","origin":[8.343227,-9.432347,9.397863]},"faces":{"down":{"uv":[0.0,0.0,0.0,2.0],"rotation":0,"texture":"#0","tintindex":0},"east":{"uv":[0.0,0.0,2.0,2.5625],"rotation":0,"texture":"#0","tintindex":0},"north":{"uv":[0.0,0.0,0.0,2.5625],"rotation":0,"texture":"#0","tintindex":0},"south":{"uv":[0.0,0.0,0.0,2.5625],"rotation":0,"texture":"#0","tintindex":0},"up":{"uv":[0.0,2.0,0.0,0.0],"rotation":0,"texture":"#0","tintindex":0},"west":{"uv":[2.0,0.0,4.0,2.5625],"rotation":0,"texture":"#0","tintindex":0}}},{"name":"cube","from":[6.9100327,11.948309,2.0684814],"to":[8.45289,13.491169,11.325626],"rotation":{"angle":-45.0,"axis":"x","origin":[9.20037,0.85336685,19.855005]},"faces":{"down":{"uv":[7.34375,8.1875,7.21875,8.875],"rotation":0,"texture":"#0","tintindex":0},"east":{"uv":[7.96875,6.125,8.65625,6.25],"rotation":0,"texture":"#0","tintindex":0},"north":{"uv":[7.0,9.5625,7.125,9.6875],"rotation":0,"texture":"#0","tintindex":0},"south":{"uv":[9.5625,7.59375,9.6875,7.71875],"rotation":0,"texture":"#0","tintindex":0},"up":{"uv":[6.125,8.84375,6.0,8.15625],"rotation":0,"texture":"#0","tintindex":0},"west":{"uv":[8.09375,0.875,8.78125,1.0],"rotation":0,"texture":"#0","tintindex":0}}},{"name":"cube","from":[6.9100327,-3.9163237,-3.609303],"to":[8.45289,-2.3734655,-0.35216045],"rotation":{"angle":0.0,"axis":"x","origin":[9.20037,0.85336685,19.855005]},"faces":{"down":{"uv":[6.0625,9.15625,5.9375,9.40625],"rotation":0,"texture":"#0","tintindex":0},"east":{"uv":[9.15625,4.9375,9.40625,5.0625],"rotation":0,"texture":"#0","tintindex":0},"north":{"uv":[9.5625,7.71875,9.6875,7.84375],"rotation":0,"texture":"#0","tintindex":0},"south":{"uv":[7.84375,9.5625,7.96875,9.6875],"rotation":0,"texture":"#0","tintindex":0},"up":{"uv":[4.71875,9.40625,4.59375,9.15625],"rotation":0,"texture":"#0","tintindex":0},"west":{"uv":[9.15625,5.46875,9.40625,5.59375],"rotation":0,"texture":"#0","tintindex":0}}},{"name":"cube","from":[6.7386045,-8.16121,-2.6734028],"to":[8.624319,-6.275497,-0.78768826],"rotation":{"angle":22.5,"axis":"x","origin":[9.20037,0.25336647,8.240721]},"faces":{"down":{"uv":[9.6875,9.40625,9.5625,9.53125],"rotation":0,"texture":"#0","tintindex":0},"east":{"uv":[9.5625,7.96875,9.6875,8.09375],"rotation":0,"texture":"#0","tintindex":0},"north":{"uv":[9.5625,7.84375,9.6875,7.96875],"rotation":0,"texture":"#0","tintindex":0},"south":{"uv":[9.5625,8.09375,9.6875,8.21875],"rotation":0,"texture":"#0","tintindex":0},"up":{"uv":[9.6875,8.5625,9.5625,8.4375],"rotation":0,"texture":"#0","tintindex":0},"west":{"uv":[8.40625,9.5625,8.53125,9.6875],"rotation":0,"texture":"#0","tintindex":0}}},{"name":"cube","from":[6.995747,-11.276014,0.060064316],"to":[8.367176,-9.904588,1.4314928],"rotation":{"angle":45.0,"axis":"x","origin":[9.20037,0.25336647,8.240721]},"faces":{"down":{"uv":[9.71875,1.6875,9.59375,1.8125],"rotation":0,"texture":"#0","tintindex":0},"east":{"uv":[0.53125,9.59375,0.65625,9.71875],"rotation":0,"texture":"#0","tintindex":0},"north":{"uv":[0.0,9.59375,0.125,9.71875],"rotation":0,"texture":"#0","tintindex":0},"south":{"uv":[9.59375,0.6875,9.71875,0.8125],"rotation":0,"texture":"#0","tintindex":0},"up":{"uv":[9.71875,1.3125,9.59375,1.1875],"rotation":0,"texture":"#0","tintindex":0},"west":{"uv":[9.59375,1.0625,9.71875,1.1875],"rotation":0,"texture":"#0","tintindex":0}}},{"name":"cube","from":[7.25289,2.8173466,-5.27432],"to":[8.110033,4.5316324,-4.417177],"rotation":{"angle":-22.5,"axis":"x","origin":[9.20037,0.25336647,8.240721]},"faces":{"down":{"uv":[9.5,9.875,9.40625,9.96875],"rotation":0,"texture":"#0","tintindex":0},"east":{"uv":[9.78125,6.8125,9.875,6.96875],"rotation":0,"texture":"#0","tintindex":0},"north":{"uv":[9.78125,6.40625,9.875,6.5625],"rotation":0,"texture":"#0","tintindex":0},"south":{"uv":[7.5,9.78125,7.59375,9.9375],"rotation":0,"texture":"#0","tintindex":0},"up":{"uv":[9.40625,9.96875,9.3125,9.875],"rotation":0,"texture":"#0","tintindex":0},"west":{"uv":[7.59375,9.78125,7.6875,9.9375],"rotation":0,"texture":"#0","tintindex":0}}},{"name":"cube","from":[6.914318,7.707348,7.201393],"to":[8.448605,9.241634,18.164251],"rotation":{"angle":-22.5,"axis":"x","origin":[9.20037,0.85336685,19.855005]},"faces":{"down":{"uv":[0.75,8.0,0.625,8.8125],"rotation":0,"texture":"#0","tintindex":0},"east":{"uv":[7.78125,3.375,8.59375,3.5],"rotation":0,"texture":"#0","tintindex":0},"north":{"uv":[9.59375,2.15625,9.71875,2.28125],"rotation":0,"texture":"#0","tintindex":0},"south":{"uv":[9.59375,2.625,9.71875,2.75],"rotation":0,"texture":"#0","tintindex":0},"up":{"uv":[4.875,8.6875,4.75,7.875],"rotation":0,"texture":"#0","tintindex":0},"west":{"uv":[7.78125,3.5,8.59375,3.625],"rotation":0,"texture":"#0","tintindex":0}}},{"name":"cube","from":[6.9100327,6.4567356,15.249809],"to":[8.45289,7.999592,26.221237],"rotation":{"angle":0.0,"axis":"x","origin":[9.20037,12.8121395,33.271263]},"faces":{"down":{"uv":[3.59375,8.0,3.46875,8.8125],"rotation":0,"texture":"#0","tintindex":0},"east":{"uv":[7.78125,3.625,8.59375,3.75],"rotation":0,"texture":"#0","tintindex":0},"north":{"uv":[9.59375,2.75,9.71875,2.875],"rotation":0,"texture":"#0","tintindex":0},"south":{"uv":[9.59375,2.875,9.71875,3.0],"rotation":0,"texture":"#0","tintindex":0},"up":{"uv":[3.46875,8.8125,3.34375,8.0],"rotation":0,"texture":"#0","tintindex":0},"west":{"uv":[7.90625,0.4375,8.71875,0.5625],"rotation":0,"texture":"#0","tintindex":0}}},{"name":"cube","from":[6.7386045,6.328163,24.335526],"to":[8.624319,8.213877,27.935524],"rotation":{"angle":0.0,"axis":"x","origin":[9.20037,12.554995,32.799835]},"faces":{"down":{"uv":[9.28125,8.1875,9.15625,8.4375],"rotation":0,"texture":"#0","tintindex":0},"east":{"uv":[9.15625,6.0,9.40625,6.125],"rotation":0,"texture":"#0","tintindex":0},"north":{"uv":[9.59375,3.40625,9.71875,3.53125],"rotation":0,"texture":"#0","tintindex":0},"south":{"uv":[9.59375,3.53125,9.71875,3.65625],"rotation":0,"texture":"#0","tintindex":0},"up":{"uv":[6.625,9.40625,6.5,9.15625],"rotation":0,"texture":"#0","tintindex":0},"west":{"uv":[9.15625,6.125,9.40625,6.25],"rotation":0,"texture":"#0","tintindex":0}}},{"name":"cube","from":[6.995747,2.5118465,29.685707],"to":[8.367176,3.883277,31.057144],"rotation":{"angle":22.5,"axis":"x","origin":[9.20037,10.669283,39.314117]},"faces":{"down":{"uv":[6.0,9.59375,5.875,9.71875],"rotation":0,"texture":"#0","tintindex":0},"east":{"uv":[4.375,9.59375,4.5,9.71875],"rotation":0,"texture":"#0","tintindex":0},"north":{"uv":[9.59375,4.0625,9.71875,4.1875],"rotation":0,"texture":"#0","tintindex":0},"south":{"uv":[9.59375,4.59375,9.71875,4.71875],"rotation":0,"texture":"#0","tintindex":0},"up":{"uv":[9.71875,5.90625,9.59375,5.78125],"rotation":0,"texture":"#0","tintindex":0},"west":{"uv":[9.59375,4.90625,9.71875,5.03125],"rotation":0,"texture":"#0","tintindex":0}}},{"name":"cube","from":[7.25289,2.7689905,30.285713],"to":[8.110033,3.626133,32.0],"rotation":{"angle":22.5,"axis":"x","origin":[9.20037,10.669283,39.314117]},"faces":{"down":{"uv":[8.5625,9.78125,8.46875,9.9375],"rotation":0,"texture":"#0","tintindex":0},"east":{"uv":[9.75,5.59375,9.90625,5.6875],"rotation":0,"texture":"#0","tintindex":0},"north":{"uv":[9.875,9.4375,9.96875,9.53125],"rotation":0,"texture":"#0","tintindex":0},"south":{"uv":[9.875,9.53125,9.96875,9.625],"rotation":0,"texture":"#0","tintindex":0},"up":{"uv":[8.28125,9.9375,8.1875,9.78125],"rotation":0,"texture":"#0","tintindex":0},"west":{"uv":[9.75,6.0625,9.90625,6.15625],"rotation":0,"texture":"#0","tintindex":0}}},{"name":"cube","from":[6.828604,3.2430763,2.6023111],"to":[8.534319,11.805933,4.3080254],"rotation":{"angle":22.5,"axis":"x","origin":[9.20037,16.881939,13.855007]},"faces":{"down":{"uv":[9.71875,6.5625,9.59375,6.6875],"rotation":0,"texture":"#0","tintindex":0},"east":{"uv":[4.59375,8.3125,4.71875,8.9375],"rotation":0,"texture":"#0","tintindex":0},"north":{"uv":[4.46875,8.3125,4.59375,8.9375],"rotation":0,"texture":"#0","tintindex":0},"south":{"uv":[3.59375,8.34375,3.71875,8.96875],"rotation":0,"texture":"#0","tintindex":0},"up":{"uv":[6.59375,9.71875,6.46875,9.59375],"rotation":0,"texture":"#0","tintindex":0},"west":{"uv":[3.71875,8.34375,3.84375,8.96875],"rotation":0,"texture":"#0","tintindex":0}}},{"name":"cube","from":[6.824319,4.838272,6.702921],"to":[8.538605,24.552555,8.417206],"rotation":{"angle":45.0,"axis":"x","origin":[9.20037,16.881939,18.055006]},"faces":{"down":{"uv":[9.71875,8.5625,9.59375,8.6875],"rotation":0,"texture":"#0","tintindex":0},"east":{"uv":[5.375,7.0625,5.5,8.5],"rotation":0,"texture":"#0","tintindex":0},"north":{"uv":[2.125,6.9375,2.25,8.375],"rotation":0,"texture":"#0","tintindex":0},"south":{"uv":[2.25,7.25,2.375,8.6875],"rotation":0,"texture":"#0","tintindex":0},"up":{"uv":[7.5625,9.71875,7.4375,9.59375],"rotation":0,"texture":"#0","tintindex":0},"west":{"uv":[2.375,7.25,2.5,8.6875],"rotation":0,"texture":"#0","tintindex":0}}},{"name":"cube","from":[6.65289,28.57283,15.332382],"to":[8.710033,31.487122,17.389524],"rotation":{"angle":45.0,"axis":"x","origin":[7.6814613,30.029976,16.360952]},"faces":{"down":{"uv":[9.71875,9.09375,9.59375,9.21875],"rotation":0,"texture":"#0","tintindex":0},"east":{"uv":[7.375,9.28125,7.5,9.46875],"rotation":0,"texture":"#0","tintindex":0},"north":{"uv":[6.375,9.28125,6.5,9.46875],"rotation":0,"texture":"#0","tintindex":0},"south":{"uv":[9.3125,6.6875,9.4375,6.875],"rotation":0,"texture":"#0","tintindex":0},"up":{"uv":[9.71875,8.8125,9.59375,8.6875],"rotation":0,"texture":"#0","tintindex":0},"west":{"uv":[8.3125,9.3125,8.4375,9.5],"rotation":0,"texture":"#0","tintindex":0}}},{"name":"cube","from":[6.9100327,30.457138,16.992887],"to":[8.45289,32.0,18.535748],"rotation":{"angle":-22.5,"axis":"x","origin":[7.6814613,31.228577,17.764317]},"faces":{"down":{"uv":[1.28125,9.625,1.15625,9.75],"rotation":0,"texture":"#0","tintindex":0},"east":{"uv":[9.625,0.4375,9.75,0.5625],"rotation":0,"texture":"#0","tintindex":0},"north":{"uv":[0.375,9.625,0.5,9.75],"rotation":0,"texture":"#0","tintindex":0},"south":{"uv":[9.625,0.5625,9.75,0.6875],"rotation":0,"texture":"#0","tintindex":0},"up":{"uv":[1.15625,9.75,1.03125,9.625],"rotation":0,"texture":"#0","tintindex":0},"west":{"uv":[0.90625,9.625,1.03125,9.75],"rotation":0,"texture":"#0","tintindex":0}}},{"name":"cube","from":[7.25289,30.899307,17.058851],"to":[8.110033,31.756447,19.63028],"rotation":{"angle":0.0,"axis":"x","origin":[7.6814613,31.327873,18.344564]},"faces":{"down":{"uv":[7.4375,8.5625,7.34375,8.78125],"rotation":0,"texture":"#0","tintindex":0},"east":{"uv":[9.34375,9.4375,9.5625,9.53125],"rotation":0,"texture":"#0","tintindex":0},"north":{"uv":[9.875,9.625,9.96875,9.71875],"rotation":0,"texture":"#0","tintindex":0},"south":{"uv":[0.21875,9.90625,0.3125,10.0],"rotation":0,"texture":"#0","tintindex":0},"up":{"uv":[6.59375,7.46875,6.5,7.25],"rotation":0,"texture":"#0","tintindex":0},"west":{"uv":[9.46875,0.875,9.6875,0.96875],"rotation":0,"texture":"#0","tintindex":0}}}],"display":{"head":{"translation":[0.0,34.032776,34.62952],"rotation":[0.0,0.0,0.0],"scale":[3.7333333,3.7333333,3.7333333]}}}