{"display":{"thirdperson_righthand":{"rotation":[0,90,0],"translation":[0,0.5,2]},"thirdperson_lefthand":{"rotation":[0,90,0],"translation":[0,0.5,2]},"firstperson_righthand":{"rotation":[0,90,0],"translation":[4,0.5,-3]},"firstperson_lefthand":{"rotation":[0,90,0],"translation":[4,0.5,-3]},"ground":{"translation":[0,2,0],"scale":[0.75,0.75,0.75]},"gui":{"rotation":[0,-180,45],"translation":[-1.5,-1.5,0],"scale":[0.75,0.75,0.75]},"fixed":{"rotation":[0,0,-45],"translation":[-2,-2,-0.25],"scale":[0.9,0.9,0.9]}},"texture_size":[32,32],"textures":{"1":"armor/phoenix/axe","particle":"armor/phoenix/axe"},"elements":[{"from":[1,10,8],"to":[15,20,8],"rotation":{"angle":0,"axis":"y","origin":[3,13,7]},"faces":{"north":{"uv":[0.016,0.016,6.984,4.984],"texture":"#1"},"east":{"uv":[0.016,0.016,0.016,4.984],"texture":"#1"},"south":{"uv":[0.016,5.016,6.984,9.984],"texture":"#1"},"west":{"uv":[0.016,0.016,0.016,4.984],"texture":"#1"},"up":{"uv":[6.984,0.016,0.016,0.016],"texture":"#1"},"down":{"uv":[6.984,0.016,0.016,0.016],"texture":"#1"}}},{"from":[4,13.5,7.5],"to":[12,16.5,8.5],"rotation":{"angle":0,"axis":"y","origin":[3,13.5,6.5]},"faces":{"north":{"uv":[7.016,0.016,10.984,1.484],"texture":"#1"},"east":{"uv":[0.016,12.016,0.484,13.484],"texture":"#1"},"south":{"uv":[7.016,1.516,10.984,2.984],"texture":"#1"},"west":{"uv":[0.516,12.016,0.984,13.484],"texture":"#1"},"up":{"uv":[14.984,1.984,11.016,1.516],"texture":"#1"},"down":{"uv":[14.984,2.016,11.016,2.484],"texture":"#1"}}},{"from":[6,13,6.5],"to":[10,17,9.5],"rotation":{"angle":45,"axis":"z","origin":[8,15,8]},"faces":{"north":{"uv":[8.016,9.016,9.984,10.984],"texture":"#1"},"east":{"uv":[4.516,10.016,5.984,11.984],"texture":"#1"},"south":{"uv":[0.016,10.016,1.984,11.984],"texture":"#1"},"west":{"uv":[10.016,4.516,11.484,6.484],"texture":"#1"},"up":{"uv":[11.984,7.984,10.016,6.516],"texture":"#1"},"down":{"uv":[11.984,8.016,10.016,9.484],"texture":"#1"}}},{"from":[7,2,7],"to":[9,14,9],"faces":{"north":{"uv":[7.016,3.016,7.984,8.984],"texture":"#1"},"east":{"uv":[8.016,3.016,8.984,8.984],"texture":"#1"},"south":{"uv":[9.016,3.016,9.984,8.984],"texture":"#1"},"west":{"uv":[7.016,9.016,7.984,14.984],"texture":"#1"},"up":{"uv":[4.484,12.484,3.516,11.516],"texture":"#1"},"down":{"uv":[12.484,10.016,11.516,10.984],"texture":"#1"}}},{"from":[5.5,11,6.5],"to":[10.5,12,9.5],"rotation":{"angle":0,"axis":"y","origin":[0,11,0]},"faces":{"north":{"uv":[11.016,2.516,13.484,2.984],"texture":"#1"},"east":{"uv":[4.516,12.016,5.984,12.484],"texture":"#1"},"south":{"uv":[11.516,9.516,13.984,9.984],"texture":"#1"},"west":{"uv":[12.016,6.516,13.484,6.984],"texture":"#1"},"up":{"uv":[4.484,11.484,2.016,10.016],"texture":"#1"},"down":{"uv":[12.484,3.016,10.016,4.484],"texture":"#1"}}},{"from":[4.69344,0.4588,8],"to":[6.69344,4.4588,8],"rotation":{"angle":-22.5,"axis":"z","origin":[5.69344,1.4588,7]},"faces":{"north":{"uv":[6.016,10.016,6.984,11.984],"texture":"#1"},"east":{"uv":[0.016,0.016,0.016,1.984],"texture":"#1"},"south":{"uv":[8.016,11.016,8.984,12.984],"texture":"#1"},"west":{"uv":[0.016,0.016,0.016,1.984],"texture":"#1"},"up":{"uv":[0.984,0.016,0.016,0.016],"texture":"#1"},"down":{"uv":[0.984,0.016,0.016,0.016],"texture":"#1"}}},{"from":[9.30656,0.4588,8],"to":[11.30656,4.4588,8],"rotation":{"angle":22.5,"axis":"z","origin":[10.30656,1.4588,7]},"faces":{"north":{"uv":[9.016,11.016,9.984,12.984],"texture":"#1"},"east":{"uv":[0.016,0.016,0.016,1.984],"texture":"#1"},"south":{"uv":[10.016,11.016,10.984,12.984],"texture":"#1"},"west":{"uv":[0.016,0.016,0.016,1.984],"texture":"#1"},"up":{"uv":[0.984,0.016,0.016,0.016],"texture":"#1"},"down":{"uv":[0.984,0.016,0.016,0.016],"texture":"#1"}}},{"from":[6.5,0,6.5],"to":[9.5,2,9.5],"faces":{"north":{"uv":[11.016,11.016,12.484,11.984],"texture":"#1"},"east":{"uv":[2.016,11.516,3.484,12.484],"texture":"#1"},"south":{"uv":[11.516,4.516,12.984,5.484],"texture":"#1"},"west":{"uv":[11.516,5.516,12.984,6.484],"texture":"#1"},"up":{"uv":[11.484,10.984,10.016,9.516],"texture":"#1"},"down":{"uv":[12.484,0.016,11.016,1.484],"texture":"#1"}}}],"gui_light":"front"}