{"display":{"thirdperson_righthand":{"translation":[0,3,0],"scale":[0.5,0.5,0.5]},"firstperson_righthand":{"rotation":[-35,0,0],"translation":[0,6.25,0]},"firstperson_lefthand":{"rotation":[-35,0,0],"translation":[0,6.25,0]},"gui":{"rotation":[0,-180,0],"translation":[0,8.5,0],"scale":[1.5,1.5,1.5]},"head":{"translation":[0,-32.25,0],"scale":[1.61,1.61,1.61]},"fixed":{"rotation":[0,-180,0],"translation":[0,0,-1.25]}},"textures":{"2":"armor/phoenix/boots","1":"armor/phoenix/boots"},"elements":[{"from":[3.5,-0.5,5.5],"to":[8.5,5.5,10.5],"rotation":{"angle":0,"axis":"y","origin":[0,-15.5,0]},"faces":{"north":{"uv":[0.032,0.032,3.968,4.968],"texture":"#2"},"east":{"uv":[4.032,0.032,7.968,4.968],"texture":"#2"},"south":{"uv":[0.032,5.032,3.968,9.968],"texture":"#2"},"west":{"uv":[4.032,5.032,7.968,9.968],"texture":"#2"},"up":{"uv":[11.968,13.968,8.032,10.032],"texture":"#2"},"down":{"uv":[15.968,0.032,12.032,3.968],"texture":"#2"}}},{"from":[7.5,-0.5,5.5],"to":[12.5,5.5,10.5],"rotation":{"angle":0,"axis":"y","origin":[4,-15.5,0]},"faces":{"north":{"uv":[8.032,0.032,11.968,4.968],"texture":"#2"},"east":{"uv":[8.032,5.032,11.968,9.968],"texture":"#2"},"south":{"uv":[0.032,10.032,3.968,14.968],"texture":"#2"},"west":{"uv":[4.032,10.032,7.968,14.968],"texture":"#2"},"up":{"uv":[15.968,7.968,12.032,4.032],"texture":"#2"},"down":{"uv":[15.968,8.032,12.032,11.968],"texture":"#2"}}}],"gui_light":"front"}