{"display":{"thirdperson_righthand":{"rotation":[90,-90,23],"translation":[0,1,0],"scale":[0.85,0.85,0.85]},"thirdperson_lefthand":{"rotation":[0,90,68],"translation":[0,1,0],"scale":[0.85,0.85,0.85]},"firstperson_righthand":{"rotation":[0,-90,0],"translation":[1.13,3.2,1.13],"scale":[0.68,0.68,0.68]},"firstperson_lefthand":{"rotation":[0,90,0],"translation":[1.13,3.2,1.13],"scale":[0.68,0.68,0.68]},"ground":{"rotation":[-45,45,45],"translation":[0,2,0],"scale":[0.5,0.5,0.5]},"gui":{"rotation":[-180,0,150],"translation":[1.5,-1.75,0],"scale":[0.65,0.65,0.65]},"fixed":{"rotation":[0,0,-45],"translation":[-3.25,-2,-0.25],"scale":[0.9,0.9,0.9]}},"texture_size":[64,64],"textures":{"1":"armor/phoenix/bow_0","particle":"armor/phoenix/bow_0"},"elements":[{"from":[-2.62868,1,8],"to":[21.37132,23,8],"rotation":{"angle":0,"axis":"y","origin":[2.37132,15.79289,0]},"faces":{"north":{"uv":[0.008,0.008,5.992,5.492],"texture":"#1"},"east":{"uv":[0.008,0.008,0.008,5.492],"texture":"#1"},"south":{"uv":[0.008,5.508,5.992,10.992],"texture":"#1"},"west":{"uv":[0.008,0.008,0.008,5.492],"texture":"#1"},"up":{"uv":[5.992,0.008,0.008,0.008],"texture":"#1"},"down":{"uv":[5.992,0.008,0.008,0.008],"texture":"#1"}}},{"from":[3,3,6.5],"to":[7,7,9.5],"rotation":{"angle":45,"axis":"z","origin":[5,5,8]},"faces":{"north":{"uv":[6.508,3.008,7.492,3.992],"texture":"#1"},"east":{"uv":[7.008,0.008,7.742,0.992],"texture":"#1"},"south":{"uv":[6.508,4.008,7.492,4.992],"texture":"#1"},"west":{"uv":[7.008,1.008,7.742,1.992],"texture":"#1"},"up":{"uv":[7.992,2.742,7.008,2.008],"texture":"#1"},"down":{"uv":[7.492,7.008,6.508,7.742],"texture":"#1"}}},{"from":[5.34315,-5.24264,7],"to":[7.34315,-1.24264,9],"rotation":{"angle":45,"axis":"z","origin":[-1.65685,-0.24264,0]},"faces":{"north":{"uv":[8.758,3.508,9.242,4.492],"texture":"#1"},"east":{"uv":[8.758,4.508,9.242,5.492],"texture":"#1"},"south":{"uv":[8.758,5.508,9.242,6.492],"texture":"#1"},"west":{"uv":[8.758,6.508,9.242,7.492],"texture":"#1"},"up":{"uv":[6.492,9.492,6.008,9.008],"texture":"#1"},"down":{"uv":[9.742,0.008,9.258,0.492],"texture":"#1"}}},{"from":[7.25,-0.29289,6.5],"to":[10.25,2.70711,9.5],"rotation":{"angle":-45,"axis":"z","origin":[8.25,1.20711,8]},"faces":{"north":{"uv":[8.008,2.758,8.742,3.492],"texture":"#1"},"east":{"uv":[8.008,3.508,8.742,4.242],"texture":"#1"},"south":{"uv":[8.008,4.258,8.742,4.992],"texture":"#1"},"west":{"uv":[8.008,5.008,8.742,5.742],"texture":"#1"},"up":{"uv":[8.742,6.492,8.008,5.758],"texture":"#1"},"down":{"uv":[8.742,6.508,8.008,7.242],"texture":"#1"}}},{"from":[9.37132,0,7],"to":[12.37132,1,9],"rotation":{"angle":0,"axis":"y","origin":[2.37132,15.79289,0]},"faces":{"north":{"uv":[9.008,2.508,9.742,2.742],"texture":"#1"},"east":{"uv":[7.008,2.758,7.492,2.992],"texture":"#1"},"south":{"uv":[9.258,5.008,9.992,5.242],"texture":"#1"},"west":{"uv":[9.258,5.758,9.742,5.992],"texture":"#1"},"up":{"uv":[9.242,1.992,8.508,1.508],"texture":"#1"},"down":{"uv":[9.492,8.508,8.758,8.992],"texture":"#1"}}},{"from":[3.9,8.9,6.9],"to":[6.1,15.1,9.1],"rotation":{"angle":0,"axis":"y","origin":[-3,2,0]},"faces":{"north":{"uv":[7.508,2.758,7.992,4.242],"texture":"#1"},"east":{"uv":[7.508,4.258,7.992,5.742],"texture":"#1"},"south":{"uv":[7.508,5.758,7.992,7.242],"texture":"#1"},"west":{"uv":[7.508,7.258,7.992,8.742],"texture":"#1"},"up":{"uv":[9.742,0.992,9.258,0.508],"texture":"#1"},"down":{"uv":[9.742,1.008,9.258,1.492],"texture":"#1"}}},{"from":[4,6,7],"to":[6,18,9],"rotation":{"angle":0,"axis":"y","origin":[-3,2,0]},"faces":{"north":{"uv":[6.008,0.008,6.492,2.992],"texture":"#1"},"east":{"uv":[6.008,3.008,6.492,5.992],"texture":"#1"},"south":{"uv":[6.008,6.008,6.492,8.992],"texture":"#1"},"west":{"uv":[6.508,0.008,6.992,2.992],"texture":"#1"},"up":{"uv":[9.742,1.992,9.258,1.508],"texture":"#1"},"down":{"uv":[9.742,3.508,9.258,3.992],"texture":"#1"}}},{"from":[3,17,6.5],"to":[7,21,9.5],"rotation":{"angle":45,"axis":"z","origin":[5,19,8]},"faces":{"north":{"uv":[6.508,5.008,7.492,5.992],"texture":"#1"},"east":{"uv":[7.758,0.008,8.492,0.992],"texture":"#1"},"south":{"uv":[6.508,6.008,7.492,6.992],"texture":"#1"},"west":{"uv":[7.758,1.008,8.492,1.992],"texture":"#1"},"up":{"uv":[7.492,8.492,6.508,7.758],"texture":"#1"},"down":{"uv":[8.992,2.008,8.008,2.742],"texture":"#1"}}},{"from":[5.34315,25.24264,7],"to":[7.34315,29.24264,9],"rotation":{"angle":-45,"axis":"z","origin":[-1.65685,24.24264,0]},"faces":{"north":{"uv":[7.258,8.758,7.742,9.742],"texture":"#1"},"east":{"uv":[8.758,7.508,9.242,8.492],"texture":"#1"},"south":{"uv":[7.758,8.758,8.242,9.742],"texture":"#1"},"west":{"uv":[8.258,8.758,8.742,9.742],"texture":"#1"},"up":{"uv":[9.742,4.492,9.258,4.008],"texture":"#1"},"down":{"uv":[9.742,4.508,9.258,4.992],"texture":"#1"}}},{"from":[7.25,21.29289,6.5],"to":[10.25,24.29289,9.5],"rotation":{"angle":45,"axis":"z","origin":[8.25,22.79289,8]},"faces":{"north":{"uv":[8.008,7.258,8.742,7.992],"texture":"#1"},"east":{"uv":[8.008,8.008,8.742,8.742],"texture":"#1"},"south":{"uv":[8.508,0.008,9.242,0.742],"texture":"#1"},"west":{"uv":[8.508,0.758,9.242,1.492],"texture":"#1"},"up":{"uv":[7.242,9.242,6.508,8.508],"texture":"#1"},"down":{"uv":[9.492,2.758,8.758,3.492],"texture":"#1"}}},{"from":[9.37132,23,7],"to":[12.37132,24,9],"rotation":{"angle":0,"axis":"y","origin":[2.37132,6.20711,0]},"faces":{"north":{"uv":[9.258,5.258,9.992,5.492],"texture":"#1"},"east":{"uv":[9.258,6.008,9.742,6.242],"texture":"#1"},"south":{"uv":[9.258,5.508,9.992,5.742],"texture":"#1"},"west":{"uv":[9.258,6.258,9.742,6.492],"texture":"#1"},"up":{"uv":[9.742,2.492,9.008,2.008],"texture":"#1"},"down":{"uv":[9.492,9.008,8.758,9.492],"texture":"#1"}}}],"gui_light":"front"}