{"display":{"thirdperson_righthand":{"rotation":[50,0,0],"scale":[0.5,0.5,0.5]},"thirdperson_lefthand":{"rotation":[50,0,0],"scale":[0.5,0.5,0.5]},"gui":{"rotation":[0,-180,0],"translation":[0,1.75,0],"scale":[0.5,0.5,0.5]},"head":{"translation":[0,-47,0],"scale":[1.65,1.65,1.65]},"fixed":{"translation":[0,2.5,-4],"scale":[0.7,0.7,0.7]}},"texture_size":[64,64],"textures":{"3":"armor/phoenix/chestplate","4":"armor/phoenix/wings","particle":"armor/phoenix/chestplate"},"elements":[{"from":[7,-1,5],"to":[9,0,6],"rotation":{"angle":0,"axis":"y","origin":[7,-1,5]},"faces":{"north":{"uv":[1.508,6.008,1.992,6.242],"texture":"#3"},"east":{"uv":[5.258,9.508,5.492,9.742],"texture":"#3"},"south":{"uv":[1.508,6.258,1.992,6.492],"texture":"#3"},"west":{"uv":[3.758,9.758,3.992,9.992],"texture":"#3"},"up":{"uv":[4.492,10.492,4.008,10.258],"texture":"#3"},"down":{"uv":[4.992,10.258,4.508,10.492],"texture":"#3"}}},{"from":[6,0,5],"to":[10,3,6],"rotation":{"angle":0,"axis":"y","origin":[7,0,5]},"faces":{"north":{"uv":[8.508,3.508,9.492,4.242],"texture":"#3"},"east":{"uv":[5.508,9.008,5.742,9.742],"texture":"#3"},"south":{"uv":[3.008,9.008,3.992,9.742],"texture":"#3"},"west":{"uv":[5.758,9.008,5.992,9.742],"texture":"#3"},"up":{"uv":[2.992,9.742,2.008,9.508],"texture":"#3"},"down":{"uv":[7.992,9.508,7.008,9.742],"texture":"#3"}}},{"from":[4,6,5],"to":[12,10,6],"rotation":{"angle":0,"axis":"y","origin":[7,7,5]},"faces":{"north":{"uv":[2.008,3.008,3.992,3.992],"texture":"#3"},"east":{"uv":[6.508,10.008,6.742,10.992],"texture":"#3"},"south":{"uv":[4.008,0.008,5.992,0.992],"texture":"#3"},"west":{"uv":[6.758,10.008,6.992,10.992],"texture":"#3"},"up":{"uv":[11.492,4.242,9.508,4.008],"texture":"#3"},"down":{"uv":[8.492,9.758,6.508,9.992],"texture":"#3"}}},{"from":[5,6.7315,8.65015],"to":[11,10.7315,10.65015],"rotation":{"angle":-22.5,"axis":"x","origin":[8,9.2315,9.65015]},"faces":{"north":{"uv":[6.508,1.258,7.992,2.242],"texture":"#3"},"east":{"uv":[3.258,9.758,3.742,10.742],"texture":"#3"},"south":{"uv":[1.508,6.508,2.992,7.492],"texture":"#3"},"west":{"uv":[8.508,9.758,8.992,10.742],"texture":"#3"},"up":{"uv":[5.492,9.492,4.008,9.008],"texture":"#3"},"down":{"uv":[10.492,4.258,9.008,4.742],"texture":"#3"}}},{"from":[4,4,5.5],"to":[12,6,5.5],"rotation":{"angle":0,"axis":"y","origin":[7,5,5.5]},"faces":{"north":{"uv":[0.008,7.508,1.992,7.992],"texture":"#3"},"east":{"uv":[0.008,0.008,0.008,0.492],"texture":"#3"},"south":{"uv":[7.508,0.008,9.492,0.492],"texture":"#3"},"west":{"uv":[0.008,0.008,0.008,0.492],"texture":"#3"},"up":{"uv":[1.992,0.008,0.008,0.008],"texture":"#3"},"down":{"uv":[1.992,0.008,0.008,0.008],"texture":"#3"}}},{"from":[3.75,-0.25,5.75],"to":[12.25,12.25,10.25],"rotation":{"angle":0,"axis":"y","origin":[0,-11.5,0]},"faces":{"north":{"uv":[0.008,0.008,1.992,2.992],"texture":"#3"},"east":{"uv":[0.008,3.008,0.992,5.992],"texture":"#3"},"south":{"uv":[2.008,0.008,3.992,2.992],"texture":"#3"},"west":{"uv":[1.008,3.008,1.992,5.992],"texture":"#3"},"up":{"uv":[5.992,1.992,4.008,1.008],"texture":"#3"},"down":{"uv":[3.992,4.008,2.008,4.992],"texture":"#3"}}},{"from":[-0.5,7.5,5.5],"to":[4.5,12.5,10.5],"rotation":{"angle":0,"axis":"y","origin":[1,7,6]},"faces":{"north":{"uv":[2.008,7.508,2.992,8.492],"texture":"#3"},"east":{"uv":[7.508,2.258,8.492,3.242],"texture":"#3"},"south":{"uv":[7.508,3.258,8.492,4.242],"texture":"#3"},"west":{"uv":[7.008,7.508,7.992,8.492],"texture":"#3"},"up":{"uv":[6.992,8.742,6.008,7.758],"texture":"#3"},"down":{"uv":[0.992,8.008,0.008,8.992],"texture":"#3"}}},{"from":[-0.3,3.7,5.7],"to":[4.3,8.3,10.3],"rotation":{"angle":0,"axis":"y","origin":[1,3,6]},"faces":{"north":{"uv":[8.008,0.508,8.992,1.492],"texture":"#3"},"east":{"uv":[1.008,8.008,1.992,8.992],"texture":"#3"},"south":{"uv":[3.008,8.008,3.992,8.992],"texture":"#3"},"west":{"uv":[4.008,8.008,4.992,8.992],"texture":"#3"},"up":{"uv":[8.992,5.242,8.008,4.258],"texture":"#3"},"down":{"uv":[5.992,8.008,5.008,8.992],"texture":"#3"}}},{"from":[11.7,3.7,5.7],"to":[16.3,8.3,10.3],"rotation":{"angle":0,"axis":"y","origin":[15,3,6]},"faces":{"north":{"uv":[8.008,5.258,8.992,6.242],"texture":"#3"},"east":{"uv":[8.008,6.258,8.992,7.242],"texture":"#3"},"south":{"uv":[8.008,7.258,8.992,8.242],"texture":"#3"},"west":{"uv":[8.008,8.258,8.992,9.242],"texture":"#3"},"up":{"uv":[9.492,2.492,8.508,1.508],"texture":"#3"},"down":{"uv":[2.992,8.508,2.008,9.492],"texture":"#3"}}},{"from":[11.5,7.5,5.5],"to":[16.5,12.5,10.5],"rotation":{"angle":0,"axis":"y","origin":[15,7,6]},"faces":{"north":{"uv":[8.508,2.508,9.492,3.492],"texture":"#3"},"east":{"uv":[7.008,8.508,7.992,9.492],"texture":"#3"},"south":{"uv":[6.008,8.758,6.992,9.742],"texture":"#3"},"west":{"uv":[0.008,9.008,0.992,9.992],"texture":"#3"},"up":{"uv":[9.992,1.492,9.008,0.508],"texture":"#3"},"down":{"uv":[1.992,9.008,1.008,9.992],"texture":"#3"}}},{"from":[-0.98567,8.15747,5],"to":[4.01433,10.15747,11],"rotation":{"angle":22.5,"axis":"z","origin":[1.51433,8.65747,8]},"faces":{"north":{"uv":[9.008,8.758,10.242,9.242],"texture":"#3"},"east":{"uv":[9.008,4.758,10.492,5.242],"texture":"#3"},"south":{"uv":[8.008,9.258,9.242,9.742],"texture":"#3"},"west":{"uv":[9.008,5.258,10.492,5.742],"texture":"#3"},"up":{"uv":[5.242,3.492,4.008,2.008],"texture":"#3"},"down":{"uv":[5.242,3.508,4.008,4.992],"texture":"#3"}}},{"from":[-0.99567,10.14747,4.99],"to":[3.02433,11.16747,11.01],"rotation":{"angle":22.5,"axis":"z","origin":[1.51433,8.65747,8]},"faces":{"north":{"uv":[7.008,10.008,7.992,10.242],"texture":"#3"},"east":{"uv":[0.008,7.258,1.492,7.492],"texture":"#3"},"south":{"uv":[10.008,9.758,10.992,9.992],"texture":"#3"},"west":{"uv":[10.008,1.008,11.492,1.242],"texture":"#3"},"up":{"uv":[7.492,3.742,6.508,2.258],"texture":"#3"},"down":{"uv":[3.992,6.508,3.008,7.992],"texture":"#3"}}},{"from":[-1,11,5],"to":[4,13,11],"rotation":{"angle":0,"axis":"y","origin":[0,-9,0]},"faces":{"north":{"uv":[9.258,9.258,10.492,9.742],"texture":"#3"},"east":{"uv":[9.008,5.758,10.492,6.242],"texture":"#3"},"south":{"uv":[9.508,0.008,10.742,0.492],"texture":"#3"},"west":{"uv":[9.008,6.258,10.492,6.742],"texture":"#3"},"up":{"uv":[3.242,6.492,2.008,5.008],"texture":"#3"},"down":{"uv":[4.492,5.008,3.258,6.492],"texture":"#3"}}},{"from":[-1.5,12,5.5],"to":[2.5,14,10.5],"rotation":{"angle":0,"axis":"y","origin":[0.5,-8,-0.5]},"faces":{"north":{"uv":[9.008,9.758,9.992,10.242],"texture":"#3"},"east":{"uv":[9.508,1.508,10.742,1.992],"texture":"#3"},"south":{"uv":[0.008,10.008,0.992,10.492],"texture":"#3"},"west":{"uv":[9.508,2.008,10.742,2.492],"texture":"#3"},"up":{"uv":[7.492,4.992,6.508,3.758],"texture":"#3"},"down":{"uv":[6.992,6.508,6.008,7.742],"texture":"#3"}}},{"from":[-1.9588,13.30656,7.5],"to":[-0.9588,16.30656,9.5],"rotation":{"angle":22.5,"axis":"z","origin":[-0.9588,14.30656,8]},"faces":{"north":{"uv":[8.008,10.008,8.242,10.742],"texture":"#3"},"east":{"uv":[6.008,1.258,6.492,1.992],"texture":"#3"},"south":{"uv":[8.258,10.008,8.492,10.742],"texture":"#3"},"west":{"uv":[7.508,0.508,7.992,1.242],"texture":"#3"},"up":{"uv":[5.242,10.742,5.008,10.258],"texture":"#3"},"down":{"uv":[5.492,10.258,5.258,10.742],"texture":"#3"}}},{"from":[16.9588,13.30656,7.5],"to":[17.9588,16.30656,9.5],"rotation":{"angle":-22.5,"axis":"z","origin":[16.9588,14.30656,8]},"faces":{"north":{"uv":[3.008,10.258,3.242,10.992],"texture":"#3"},"east":{"uv":[7.508,4.258,7.992,4.992],"texture":"#3"},"south":{"uv":[3.758,10.258,3.992,10.992],"texture":"#3"},"west":{"uv":[8.008,1.508,8.492,2.242],"texture":"#3"},"up":{"uv":[5.742,10.742,5.508,10.258],"texture":"#3"},"down":{"uv":[5.992,10.258,5.758,10.742],"texture":"#3"}}},{"from":[11.98567,8.15747,5],"to":[16.98567,10.15747,11],"rotation":{"angle":-22.5,"axis":"z","origin":[14.48567,8.65747,8]},"faces":{"north":{"uv":[9.508,2.508,10.742,2.992],"texture":"#3"},"east":{"uv":[9.008,6.758,10.492,7.242],"texture":"#3"},"south":{"uv":[9.508,3.008,10.742,3.492],"texture":"#3"},"west":{"uv":[9.008,7.258,10.492,7.742],"texture":"#3"},"up":{"uv":[5.742,6.492,4.508,5.008],"texture":"#3"},"down":{"uv":[6.492,2.008,5.258,3.492],"texture":"#3"}}},{"from":[12.97567,10.14747,4.99],"to":[16.99567,11.16747,11.01],"rotation":{"angle":-22.5,"axis":"z","origin":[14.48567,8.65747,8]},"faces":{"north":{"uv":[10.008,10.008,10.992,10.242],"texture":"#3"},"east":{"uv":[10.008,1.258,11.492,1.492],"texture":"#3"},"south":{"uv":[2.008,10.258,2.992,10.492],"texture":"#3"},"west":{"uv":[3.758,10.008,5.242,10.242],"texture":"#3"},"up":{"uv":[4.992,7.992,4.008,6.508],"texture":"#3"},"down":{"uv":[5.992,6.508,5.008,7.992],"texture":"#3"}}},{"from":[12,11,5],"to":[17,13,11],"rotation":{"angle":0,"axis":"y","origin":[16,-9,0]},"faces":{"north":{"uv":[9.508,3.508,10.742,3.992],"texture":"#3"},"east":{"uv":[9.008,7.758,10.492,8.242],"texture":"#3"},"south":{"uv":[4.008,9.508,5.242,9.992],"texture":"#3"},"west":{"uv":[9.008,8.258,10.492,8.742],"texture":"#3"},"up":{"uv":[6.492,4.992,5.258,3.508],"texture":"#3"},"down":{"uv":[6.992,5.008,5.758,6.492],"texture":"#3"}}},{"from":[13.5,12,5.5],"to":[17.5,14,10.5],"rotation":{"angle":0,"axis":"y","origin":[15.5,-8,-0.5]},"faces":{"north":{"uv":[10.008,0.508,10.992,0.992],"texture":"#3"},"east":{"uv":[2.008,9.758,3.242,10.242],"texture":"#3"},"south":{"uv":[1.008,10.008,1.992,10.492],"texture":"#3"},"west":{"uv":[5.258,9.758,6.492,10.242],"texture":"#3"},"up":{"uv":[7.992,6.242,7.008,5.008],"texture":"#3"},"down":{"uv":[7.992,6.258,7.008,7.492],"texture":"#3"}}},{"from":[5,2,10.75],"to":[11,7,10.75],"rotation":{"angle":0,"axis":"y","origin":[8,5,10.75]},"faces":{"north":{"uv":[0.008,6.008,1.492,7.242],"texture":"#3"},"east":{"uv":[0.008,0.008,0.008,1.242],"texture":"#3"},"south":{"uv":[6.008,0.008,7.492,1.242],"texture":"#3"},"west":{"uv":[0.008,0.008,0.008,1.242],"texture":"#3"},"up":{"uv":[1.492,0.008,0.008,0.008],"texture":"#3"},"down":{"uv":[1.492,0.008,0.008,0.008],"texture":"#3"}}},{"from":[6,9,10],"to":[10,12,11],"rotation":{"angle":0,"axis":"y","origin":[8,11,10]},"faces":{"north":{"uv":[6,2,7,2.75],"texture":"#4"},"east":{"uv":[7.5,5.5,7.75,6.25],"texture":"#4"},"south":{"uv":[6,2.75,7,3.5],"texture":"#4"},"west":{"uv":[6,7.5,6.25,8.25],"texture":"#4"},"up":{"uv":[8,3.25,7,3],"texture":"#4"},"down":{"uv":[8,3.25,7,3.5],"texture":"#4"}}},{"from":[8.49,6.99,9.99],"to":[10.51,11.01,12.01],"rotation":{"angle":0,"axis":"y","origin":[7.5,11,11]},"faces":{"north":{"uv":[6,4.5,6.5,5.5],"texture":"#4"},"east":{"uv":[6,5.5,6.5,6.5],"texture":"#4"},"south":{"uv":[6.5,4.5,7,5.5],"texture":"#4"},"west":{"uv":[6.5,5.5,7,6.5],"texture":"#4"},"up":{"uv":[7.5,6,7,5.5],"texture":"#4"},"down":{"uv":[7.5,6,7,6.5],"texture":"#4"}}},{"from":[7.20711,8.94389,11.99],"to":[19.22711,10.96389,13.01],"rotation":{"angle":45,"axis":"z","origin":[11.21711,11.95389,11]},"faces":{"north":{"uv":[6,0,9,0.5],"texture":"#4"},"east":{"uv":[6.25,7.5,6.5,8],"texture":"#4"},"south":{"uv":[6,0.5,9,1],"texture":"#4"},"west":{"uv":[7.5,6.25,7.75,6.75],"texture":"#4"},"up":{"uv":[9,3.75,6,3.5],"texture":"#4"},"down":{"uv":[9,3.75,6,4],"texture":"#4"}}},{"from":[15.52747,15.67998,12],"to":[17.52747,17.67998,13],"rotation":{"angle":-22.5,"axis":"z","origin":[12.52747,9.67998,11.01]},"faces":{"north":{"uv":[7,6.5,7.5,7],"texture":"#4"},"east":{"uv":[6.5,7.5,6.75,8],"texture":"#4"},"south":{"uv":[7,7,7.5,7.5],"texture":"#4"},"west":{"uv":[6.75,7.5,7,8],"texture":"#4"},"up":{"uv":[8,7,7.5,6.75],"texture":"#4"},"down":{"uv":[7.5,7.5,7,7.75],"texture":"#4"}}},{"from":[-1.52747,15.67998,12],"to":[0.47253,17.67998,13],"rotation":{"angle":22.5,"axis":"z","origin":[3.47253,9.67998,11.01]},"faces":{"north":{"uv":[7.5,2,8,2.5],"texture":"#4"},"east":{"uv":[7.5,7,7.75,7.5],"texture":"#4"},"south":{"uv":[7.5,2.5,8,3],"texture":"#4"},"west":{"uv":[7.5,7.5,7.75,8],"texture":"#4"},"up":{"uv":[8.25,5.75,7.75,5.5],"texture":"#4"},"down":{"uv":[8.25,5.75,7.75,6],"texture":"#4"}}},{"from":[6.46493,-6.81347,12.5],"to":[18.46493,12.18653,12.5],"rotation":{"angle":22.5,"axis":"z","origin":[10.46493,15.18653,11]},"faces":{"north":{"uv":[0,0,3,4.75],"texture":"#4"},"east":{"uv":[0,0,0,4.75],"texture":"#4"},"south":{"uv":[3,0,6,4.75],"texture":"#4"},"west":{"uv":[0,0,0,4.75],"texture":"#4"},"up":{"uv":[3,0,0,0],"texture":"#4"},"down":{"uv":[3,0,0,0],"texture":"#4"}}},{"from":[-2.46493,-6.81347,12.5],"to":[9.53507,12.18653,12.5],"rotation":{"angle":-22.5,"axis":"z","origin":[5.53507,15.18653,11]},"faces":{"north":{"uv":[0,4.75,3,9.5],"texture":"#4"},"east":{"uv":[0,0,0,4.75],"texture":"#4"},"south":{"uv":[3,4.75,6,9.5],"texture":"#4"},"west":{"uv":[0,0,0,4.75],"texture":"#4"},"up":{"uv":[3,0,0,0],"texture":"#4"},"down":{"uv":[3,0,0,0],"texture":"#4"}}},{"from":[-3.22711,8.94389,11.99],"to":[8.79289,10.96389,13.01],"rotation":{"angle":-45,"axis":"z","origin":[4.78289,11.95389,11]},"faces":{"north":{"uv":[6,1,9,1.5],"texture":"#4"},"east":{"uv":[7.75,6,8,6.5],"texture":"#4"},"south":{"uv":[6,1.5,9,2],"texture":"#4"},"west":{"uv":[7,7.75,7.25,8.25],"texture":"#4"},"up":{"uv":[9,4.25,6,4],"texture":"#4"},"down":{"uv":[9,4.25,6,4.5],"texture":"#4"}}},{"from":[5.49,6.99,9.99],"to":[7.51,11.01,12.01],"rotation":{"angle":0,"axis":"y","origin":[4.5,11,11]},"faces":{"north":{"uv":[6,6.5,6.5,7.5],"texture":"#4"},"east":{"uv":[6.5,6.5,7,7.5],"texture":"#4"},"south":{"uv":[7,2,7.5,3],"texture":"#4"},"west":{"uv":[7,4.5,7.5,5.5],"texture":"#4"},"up":{"uv":[8,5,7.5,4.5],"texture":"#4"},"down":{"uv":[8,5,7.5,5.5],"texture":"#4"}}}],"gui_light":"front"}