{"display":{"thirdperson_righthand":{"rotation":[35,0,0],"translation":[0,2.75,2.75],"scale":[0.8,0.8,0.8]},"firstperson_righthand":{"translation":[1.5,5,0]},"firstperson_lefthand":{"translation":[1.5,5,0]},"ground":{"translation":[0,5,0]},"gui":{"rotation":[0,-180,0],"translation":[0,5.5,0],"scale":[1.25,1.25,1.25]},"head":{"translation":[0,-23,0],"scale":[1.61,1.61,1.61]}},"texture_size":[32,32],"textures":{"2":"armor/phoenix/leggings","particle":"armor/phoenix/leggings"},"elements":[{"from":[7.74,-0.26,5.74],"to":[12.26,7.26,10.26],"rotation":{"angle":0,"axis":"y","origin":[4,-16.5,0]},"faces":{"north":{"uv":[0.016,0.016,1.984,3.484],"texture":"#2"},"east":{"uv":[2.016,0.016,3.984,3.484],"texture":"#2"},"south":{"uv":[0.016,3.516,1.984,6.984],"texture":"#2"},"west":{"uv":[2.016,3.516,3.984,6.984],"texture":"#2"},"up":{"uv":[9.984,6.984,8.016,5.016],"texture":"#2"},"down":{"uv":[11.984,2.516,10.016,4.484],"texture":"#2"}}},{"from":[3.74,-0.26,5.74],"to":[8.26,7.26,10.26],"rotation":{"angle":0,"axis":"y","origin":[0,-16.5,0]},"faces":{"north":{"uv":[4.016,0.016,5.984,3.484],"texture":"#2"},"east":{"uv":[4.016,3.516,5.984,6.984],"texture":"#2"},"south":{"uv":[6.016,0.016,7.984,3.484],"texture":"#2"},"west":{"uv":[6.016,3.516,7.984,6.984],"texture":"#2"},"up":{"uv":[11.984,6.484,10.016,4.516],"texture":"#2"},"down":{"uv":[11.984,6.516,10.016,8.484],"texture":"#2"}}},{"from":[10.24954,2.25792,5.49],"to":[14.24954,7.25792,10.49],"rotation":{"angle":22.5,"axis":"z","origin":[13.24954,2.25792,5.49]},"faces":{"north":{"uv":[8.016,0.016,9.984,2.484],"texture":"#2"},"east":{"uv":[0.016,7.016,2.484,9.484],"texture":"#2"},"south":{"uv":[8.016,2.516,9.984,4.984],"texture":"#2"},"west":{"uv":[2.516,7.016,4.984,9.484],"texture":"#2"},"up":{"uv":[1.984,11.984,0.016,9.516],"texture":"#2"},"down":{"uv":[3.984,9.516,2.016,11.984],"texture":"#2"}}},{"from":[1.75046,2.25792,5.49],"to":[5.75046,7.25792,10.49],"rotation":{"angle":-22.5,"axis":"z","origin":[2.75046,2.25792,5.49]},"faces":{"north":{"uv":[4.016,9.516,5.984,11.984],"texture":"#2"},"east":{"uv":[5.016,7.016,7.484,9.484],"texture":"#2"},"south":{"uv":[6.016,9.516,7.984,11.984],"texture":"#2"},"west":{"uv":[7.516,7.016,9.984,9.484],"texture":"#2"},"up":{"uv":[9.984,11.984,8.016,9.516],"texture":"#2"},"down":{"uv":[11.984,0.016,10.016,2.484],"texture":"#2"}}}],"gui_light":"front"}