{"display":{"thirdperson_righthand":{"rotation":[0,90,0],"translation":[0,0.5,2]},"thirdperson_lefthand":{"rotation":[0,90,0],"translation":[0,0.5,2]},"firstperson_righthand":{"rotation":[0,90,0],"translation":[4,-0.5,-3]},"firstperson_lefthand":{"rotation":[0,90,0],"translation":[4,-0.5,-3]},"ground":{"rotation":[-45,45,45],"translation":[0,2,0],"scale":[0.5,0.5,0.5]},"gui":{"rotation":[-180,0,150],"translation":[0.75,-1,0],"scale":[0.8,0.8,0.78]},"fixed":{"rotation":[0,0,-45],"translation":[-2,-2,-0.25],"scale":[0.9,0.9,0.9]}},"texture_size":[32,32],"textures":{"1":"armor/phoenix/pickaxe","particle":"armor/phoenix/pickaxe"},"elements":[{"from":[6.5,0,6.5],"to":[9.5,2,9.5],"faces":{"north":{"uv":[10.016,6.016,11.484,6.984],"texture":"#1"},"east":{"uv":[10.016,7.016,11.484,7.984],"texture":"#1"},"south":{"uv":[8.016,10.016,9.484,10.984],"texture":"#1"},"west":{"uv":[10.016,8.016,11.484,8.984],"texture":"#1"},"up":{"uv":[4.484,9.984,3.016,8.516],"texture":"#1"},"down":{"uv":[5.984,8.516,4.516,9.984],"texture":"#1"}}},{"from":[7,2,7],"to":[9,14,9],"faces":{"north":{"uv":[0.016,0.016,0.984,5.984],"texture":"#1"},"east":{"uv":[1.016,0.016,1.984,5.984],"texture":"#1"},"south":{"uv":[2.016,0.016,2.984,5.984],"texture":"#1"},"west":{"uv":[3.016,0.016,3.984,5.984],"texture":"#1"},"up":{"uv":[3.984,6.984,3.016,6.016],"texture":"#1"},"down":{"uv":[7.984,6.016,7.016,6.984],"texture":"#1"}}},{"from":[6,13,6.5],"to":[10,17,9.5],"rotation":{"angle":45,"axis":"z","origin":[8,15,8]},"faces":{"north":{"uv":[7.016,4.016,8.984,5.984],"texture":"#1"},"east":{"uv":[0.016,7.516,1.484,9.484],"texture":"#1"},"south":{"uv":[6.016,7.016,7.984,8.984],"texture":"#1"},"west":{"uv":[1.516,7.516,2.984,9.484],"texture":"#1"},"up":{"uv":[9.984,7.484,8.016,6.016],"texture":"#1"},"down":{"uv":[9.984,7.516,8.016,8.984],"texture":"#1"}}},{"from":[0.46447,9.87868,8],"to":[6.46447,12.87868,8],"rotation":{"angle":45,"axis":"z","origin":[0.46447,10.87868,8]},"faces":{"north":{"uv":[4.016,4.016,6.984,5.484],"texture":"#1"},"east":{"uv":[0.016,0.016,0.016,1.484],"texture":"#1"},"south":{"uv":[4.016,5.516,6.984,6.984],"texture":"#1"},"west":{"uv":[0.016,0.016,0.016,1.484],"texture":"#1"},"up":{"uv":[2.984,0.016,0.016,0.016],"texture":"#1"},"down":{"uv":[2.984,0.016,0.016,0.016],"texture":"#1"}}},{"from":[3,15,7],"to":[13,17,9],"rotation":{"angle":0,"axis":"y","origin":[8,18,7.5]},"faces":{"north":{"uv":[4.016,0.016,8.984,0.984],"texture":"#1"},"east":{"uv":[10.016,9.016,10.984,9.984],"texture":"#1"},"south":{"uv":[4.016,1.016,8.984,1.984],"texture":"#1"},"west":{"uv":[9.516,10.016,10.484,10.984],"texture":"#1"},"up":{"uv":[8.984,2.984,4.016,2.016],"texture":"#1"},"down":{"uv":[8.984,3.016,4.016,3.984],"texture":"#1"}}},{"from":[4,14,7.5],"to":[12,15,8.5],"rotation":{"angle":0,"axis":"y","origin":[8,15,8]},"faces":{"north":{"uv":[6.016,9.016,9.984,9.484],"texture":"#1"},"east":{"uv":[10.516,4.516,10.984,4.984],"texture":"#1"},"south":{"uv":[6.016,9.516,9.984,9.984],"texture":"#1"},"west":{"uv":[5.016,10.516,5.484,10.984],"texture":"#1"},"up":{"uv":[3.984,10.484,0.016,10.016],"texture":"#1"},"down":{"uv":[7.984,10.016,4.016,10.484],"texture":"#1"}}},{"from":[9.53553,9.87868,8],"to":[15.53553,12.87868,8],"rotation":{"angle":-45,"axis":"z","origin":[15.53553,10.87868,8]},"faces":{"north":{"uv":[0.016,6.016,2.984,7.484],"texture":"#1"},"east":{"uv":[0.016,0.016,0.016,1.484],"texture":"#1"},"south":{"uv":[3.016,7.016,5.984,8.484],"texture":"#1"},"west":{"uv":[0.016,0.016,0.016,1.484],"texture":"#1"},"up":{"uv":[2.984,0.016,0.016,0.016],"texture":"#1"},"down":{"uv":[2.984,0.016,0.016,0.016],"texture":"#1"}}},{"from":[7,17,7],"to":[9,18,9],"rotation":{"angle":-45,"axis":"y","origin":[8,18,8]},"faces":{"north":{"uv":[10.516,3.016,11.484,3.484],"texture":"#1"},"east":{"uv":[10.516,3.516,11.484,3.984],"texture":"#1"},"south":{"uv":[4.016,10.516,4.984,10.984],"texture":"#1"},"west":{"uv":[10.516,4.016,11.484,4.484],"texture":"#1"},"up":{"uv":[0.984,11.484,0.016,10.516],"texture":"#1"},"down":{"uv":[11.484,0.016,10.516,0.984],"texture":"#1"}}},{"from":[6.5,3,6.5],"to":[9.5,4,9.5],"faces":{"north":{"uv":[0.016,9.516,1.484,9.984],"texture":"#1"},"east":{"uv":[1.516,9.516,2.984,9.984],"texture":"#1"},"south":{"uv":[1.016,10.516,2.484,10.984],"texture":"#1"},"west":{"uv":[10.516,1.016,11.984,1.484],"texture":"#1"},"up":{"uv":[10.484,1.484,9.016,0.016],"texture":"#1"},"down":{"uv":[10.484,1.516,9.016,2.984],"texture":"#1"}}},{"from":[6.5,11,6.5],"to":[9.5,12,9.5],"faces":{"north":{"uv":[10.516,1.516,11.984,1.984],"texture":"#1"},"east":{"uv":[10.516,2.016,11.984,2.484],"texture":"#1"},"south":{"uv":[2.516,10.516,3.984,10.984],"texture":"#1"},"west":{"uv":[10.516,2.516,11.984,2.984],"texture":"#1"},"up":{"uv":[10.484,4.484,9.016,3.016],"texture":"#1"},"down":{"uv":[10.484,4.516,9.016,5.984],"texture":"#1"}}}],"gui_light":"front"}