{"display":{"thirdperson_righthand":{"rotation":[0,90,0],"translation":[0,0.5,2]},"thirdperson_lefthand":{"rotation":[0,90,0],"translation":[0,0.5,2]},"firstperson_righthand":{"rotation":[0,90,0],"translation":[4,-0.5,-3]},"firstperson_lefthand":{"rotation":[0,90,0],"translation":[4,-0.5,-3]},"ground":{"rotation":[-45,45,45],"translation":[0,2,0],"scale":[0.5,0.5,0.5]},"gui":{"rotation":[-180,0,150],"translation":[0.75,-1.5,0],"scale":[0.75,0.75,0.75]},"fixed":{"rotation":[0,0,-45],"translation":[-2,-2,-0.25],"scale":[0.9,0.9,0.9]}},"texture_size":[32,32],"textures":{"1":"armor/phoenix/shovel","particle":"armor/phoenix/shovel"},"elements":[{"from":[6.5,0,6.5],"to":[9.5,2,9.5],"faces":{"north":{"uv":[10.016,5.516,11.484,6.484],"texture":"#1"},"east":{"uv":[10.016,6.516,11.484,7.484],"texture":"#1"},"south":{"uv":[7.516,10.016,8.984,10.984],"texture":"#1"},"west":{"uv":[10.016,7.516,11.484,8.484],"texture":"#1"},"up":{"uv":[3.984,9.484,2.516,8.016],"texture":"#1"},"down":{"uv":[9.984,4.016,8.516,5.484],"texture":"#1"}}},{"from":[7,2,7],"to":[9,13,9],"faces":{"north":{"uv":[4.016,0.016,4.984,5.484],"texture":"#1"},"east":{"uv":[5.016,0.016,5.984,5.484],"texture":"#1"},"south":{"uv":[4.016,5.516,4.984,10.984],"texture":"#1"},"west":{"uv":[5.016,5.516,5.984,10.984],"texture":"#1"},"up":{"uv":[8.484,9.984,7.516,9.016],"texture":"#1"},"down":{"uv":[3.984,9.516,3.016,10.484],"texture":"#1"}}},{"from":[6.5,3,6.5],"to":[9.5,4,9.5],"faces":{"north":{"uv":[6.016,10.516,7.484,10.984],"texture":"#1"},"east":{"uv":[11.016,0.016,12.484,0.484],"texture":"#1"},"south":{"uv":[11.016,0.516,12.484,0.984],"texture":"#1"},"west":{"uv":[1.016,11.016,2.484,11.484],"texture":"#1"},"up":{"uv":[9.984,6.984,8.516,5.516],"texture":"#1"},"down":{"uv":[9.984,7.016,8.516,8.484],"texture":"#1"}}},{"from":[4.5,9,8],"to":[11.5,11,8],"rotation":{"angle":0,"axis":"y","origin":[0,6,0.5]},"faces":{"north":{"uv":[6.016,0.016,9.484,0.984],"texture":"#1"},"east":{"uv":[0.016,0.016,0.016,0.984],"texture":"#1"},"south":{"uv":[6.016,1.016,9.484,1.984],"texture":"#1"},"west":{"uv":[0.016,0.016,0.016,0.984],"texture":"#1"},"up":{"uv":[3.484,0.016,0.016,0.016],"texture":"#1"},"down":{"uv":[3.484,0.016,0.016,0.016],"texture":"#1"}}},{"from":[6.5,11,6.5],"to":[9.5,14,9.5],"rotation":{"angle":0,"axis":"y","origin":[0,9,0]},"faces":{"north":{"uv":[8.516,8.516,9.984,9.984],"texture":"#1"},"east":{"uv":[0.016,9.016,1.484,10.484],"texture":"#1"},"south":{"uv":[6.016,9.016,7.484,10.484],"texture":"#1"},"west":{"uv":[9.516,0.016,10.984,1.484],"texture":"#1"},"up":{"uv":[2.984,10.984,1.516,9.516],"texture":"#1"},"down":{"uv":[11.484,4.016,10.016,5.484],"texture":"#1"}}},{"from":[2.24963,12.86276,7.015],"to":[7.21963,14.83276,8.985],"rotation":{"angle":22.5,"axis":"z","origin":[7.23463,16.84776,7.5]},"faces":{"north":{"uv":[6.016,2.016,8.484,2.984],"texture":"#1"},"east":{"uv":[9.016,10.016,9.984,10.984],"texture":"#1"},"south":{"uv":[6.016,3.016,8.484,3.984],"texture":"#1"},"west":{"uv":[10.016,9.016,10.984,9.984],"texture":"#1"},"up":{"uv":[8.484,4.984,6.016,4.016],"texture":"#1"},"down":{"uv":[8.484,5.016,6.016,5.984],"texture":"#1"}}},{"from":[8.77537,12.85776,7.01],"to":[13.75537,14.83776,8.99],"rotation":{"angle":-22.5,"axis":"z","origin":[8.76537,16.84776,7.5]},"faces":{"north":{"uv":[6.016,6.016,8.484,6.984],"texture":"#1"},"east":{"uv":[10.016,10.016,10.984,10.984],"texture":"#1"},"south":{"uv":[6.016,7.016,8.484,7.984],"texture":"#1"},"west":{"uv":[0.016,10.516,0.984,11.484],"texture":"#1"},"up":{"uv":[2.484,8.984,0.016,8.016],"texture":"#1"},"down":{"uv":[8.484,8.016,6.016,8.984],"texture":"#1"}}},{"from":[5.5,13.9,7.5],"to":[10.5,15.9,8.5],"rotation":{"angle":0,"axis":"y","origin":[0,11.9,0]},"faces":{"north":{"uv":[8.516,2.016,10.984,2.984],"texture":"#1"},"east":{"uv":[3.016,10.516,3.484,11.484],"texture":"#1"},"south":{"uv":[8.516,3.016,10.984,3.984],"texture":"#1"},"west":{"uv":[3.516,10.516,3.984,11.484],"texture":"#1"},"up":{"uv":[11.984,1.984,9.516,1.516],"texture":"#1"},"down":{"uv":[12.484,8.516,10.016,8.984],"texture":"#1"}}},{"from":[4,13,8],"to":[12,21,8],"rotation":{"angle":0,"axis":"y","origin":[8,14,7]},"faces":{"north":{"uv":[0.016,0.016,3.984,3.984],"texture":"#1"},"east":{"uv":[0.016,0.016,0.016,3.984],"texture":"#1"},"south":{"uv":[0.016,4.016,3.984,7.984],"texture":"#1"},"west":{"uv":[0.016,0.016,0.016,3.984],"texture":"#1"},"up":{"uv":[3.984,0.016,0.016,0.016],"texture":"#1"},"down":{"uv":[3.984,0.016,0.016,0.016],"texture":"#1"}}}],"gui_light":"front"}