{"display":{"thirdperson_righthand":{"rotation":[67,0,0],"translation":[0,1,1.75],"scale":[0.2,0.2,0.2]},"thirdperson_lefthand":{"rotation":[67,0,0],"translation":[0,1,1.75],"scale":[0.2,0.2,0.2]},"ground":{"translation":[0,6,0]},"gui":{"rotation":[0,-180,0],"translation":[0,-4,0],"scale":[0.4,0.4,0.4]},"head":{"translation":[0,-32.25,0],"scale":[1.61,1.61,1.61]},"fixed":{"translation":[0,-4,-2.5],"scale":[0.5,0.5,0.5]}},"texture_size":[128,128],"textures":{"2":"armor/phoenix/statue","particle":"armor/phoenix/statue"},"elements":[{"name":"head","from":[6,12,6],"to":[10,16,10],"rotation":{"angle":0,"axis":"y","origin":[4,0.25,4]},"faces":{"north":{"uv":[0.004,4.754,0.996,5.746],"texture":"#2"},"east":{"uv":[1.004,4.754,1.996,5.746],"texture":"#2"},"south":{"uv":[2.004,4.754,2.996,5.746],"texture":"#2"},"west":{"uv":[5.004,2.004,5.996,2.996],"texture":"#2"},"up":{"uv":[3.996,5.996,3.004,5.004],"texture":"#2"},"down":{"uv":[5.996,3.004,5.004,3.996],"texture":"#2"}}},{"name":"body","from":[6,6,7],"to":[10,12,9],"rotation":{"angle":0,"axis":"y","origin":[4,0.25,4]},"faces":{"north":{"uv":[3.004,2.004,3.996,3.496],"texture":"#2"},"east":{"uv":[6.004,3.379,6.496,4.871],"texture":"#2"},"south":{"uv":[3.004,3.504,3.996,4.996],"texture":"#2"},"west":{"uv":[3.754,6.004,4.246,7.496],"texture":"#2"},"up":{"uv":[8.246,1.246,7.254,0.754],"texture":"#2"},"down":{"uv":[8.246,1.254,7.254,1.746],"texture":"#2"}}},{"name":"right_arm","from":[10,6,7],"to":[12,12,9],"rotation":{"angle":0,"axis":"y","origin":[4,0.25,4]},"faces":{"north":{"uv":[4.254,6.004,4.746,7.496],"texture":"#2"},"east":{"uv":[4.754,6.004,5.246,7.496],"texture":"#2"},"south":{"uv":[6.004,4.879,6.496,6.371],"texture":"#2"},"west":{"uv":[5.254,6.004,5.746,7.496],"texture":"#2"},"up":{"uv":[5.121,9.496,4.629,9.004],"texture":"#2"},"down":{"uv":[5.621,9.004,5.129,9.496],"texture":"#2"}}},{"name":"left_arm","from":[4,6,7],"to":[6,12,9],"rotation":{"angle":0,"axis":"y","origin":[4,0.25,4]},"faces":{"north":{"uv":[5.754,6.379,6.246,7.871],"texture":"#2"},"east":{"uv":[6.254,6.379,6.746,7.871],"texture":"#2"},"south":{"uv":[6.504,3.379,6.996,4.871],"texture":"#2"},"west":{"uv":[6.504,4.879,6.996,6.371],"texture":"#2"},"up":{"uv":[9.496,6.496,9.004,6.004],"texture":"#2"},"down":{"uv":[9.496,6.504,9.004,6.996],"texture":"#2"}}},{"name":"right_leg","from":[8,0,7],"to":[10,6,9],"rotation":{"angle":0,"axis":"y","origin":[4,0.25,4]},"faces":{"north":{"uv":[0.004,6.754,0.496,8.246],"texture":"#2"},"east":{"uv":[6.754,0.004,7.246,1.496],"texture":"#2"},"south":{"uv":[0.504,6.754,0.996,8.246],"texture":"#2"},"west":{"uv":[1.004,6.754,1.496,8.246],"texture":"#2"},"up":{"uv":[0.496,9.621,0.004,9.129],"texture":"#2"},"down":{"uv":[0.996,9.129,0.504,9.621],"texture":"#2"}}},{"name":"left_leg","from":[6,0,7],"to":[8,6,9],"rotation":{"angle":0,"axis":"y","origin":[4,0.25,4]},"faces":{"north":{"uv":[1.504,6.754,1.996,8.246],"texture":"#2"},"east":{"uv":[6.754,1.504,7.246,2.996],"texture":"#2"},"south":{"uv":[2.004,6.754,2.496,8.246],"texture":"#2"},"west":{"uv":[2.504,6.754,2.996,8.246],"texture":"#2"},"up":{"uv":[9.621,1.121,9.129,0.629],"texture":"#2"},"down":{"uv":[9.621,2.629,9.129,3.121],"texture":"#2"}}},{"from":[7.5,5.5,6.5],"to":[8.5,6,7],"rotation":{"angle":0,"axis":"y","origin":[7.5,5.5,6.5]},"faces":{"north":{"uv":[8.254,2.629,8.496,2.746],"texture":"#2"},"east":{"uv":[7.129,8.379,7.246,8.496],"texture":"#2"},"south":{"uv":[9.254,0.504,9.496,0.621],"texture":"#2"},"west":{"uv":[8.504,2.629,8.621,2.746],"texture":"#2"},"up":{"uv":[1.246,9.496,1.004,9.379],"texture":"#2"},"down":{"uv":[9.746,6.879,9.504,6.996],"texture":"#2"}}},{"from":[7,6,6.5],"to":[9,7.5,7],"rotation":{"angle":0,"axis":"y","origin":[7.5,6,6.5]},"faces":{"north":{"uv":[9.879,7.379,10.371,7.746],"texture":"#2"},"east":{"uv":[6.379,10.629,6.496,10.996],"texture":"#2"},"south":{"uv":[7.629,9.879,8.121,10.246],"texture":"#2"},"west":{"uv":[6.504,10.629,6.621,10.996],"texture":"#2"},"up":{"uv":[10.996,5.871,10.504,5.754],"texture":"#2"},"down":{"uv":[6.371,10.504,5.879,10.621],"texture":"#2"}}},{"from":[6,9,6.5],"to":[10,11,7],"rotation":{"angle":0,"axis":"y","origin":[7.5,9.5,6.5]},"faces":{"north":{"uv":[7.254,6.004,8.246,6.496],"texture":"#2"},"east":{"uv":[7.129,7.879,7.246,8.371],"texture":"#2"},"south":{"uv":[7.254,6.504,8.246,6.996],"texture":"#2"},"west":{"uv":[7.379,10.379,7.496,10.871],"texture":"#2"},"up":{"uv":[10.996,6.621,10.004,6.504],"texture":"#2"},"down":{"uv":[11.121,0.879,10.129,0.996],"texture":"#2"}}},{"from":[6.5,9.36575,8.32507],"to":[9.5,11.36575,9.32507],"rotation":{"angle":-22.5,"axis":"x","origin":[8,10.61575,8.82507]},"faces":{"north":{"uv":[8.254,6.004,8.996,6.496],"texture":"#2"},"east":{"uv":[9.254,10.129,9.496,10.621],"texture":"#2"},"south":{"uv":[8.254,6.504,8.996,6.996],"texture":"#2"},"west":{"uv":[1.004,10.254,1.246,10.746],"texture":"#2"},"up":{"uv":[10.621,8.996,9.879,8.754],"texture":"#2"},"down":{"uv":[1.746,10.004,1.004,10.246],"texture":"#2"}}},{"from":[6,8,6.75],"to":[10,9,6.75],"rotation":{"angle":0,"axis":"y","origin":[7.5,8.5,6.75]},"faces":{"north":{"uv":[9.379,9.004,10.371,9.246],"texture":"#2"},"east":{"uv":[0.004,0.004,0.004,0.246],"texture":"#2"},"south":{"uv":[9.504,6.629,10.496,6.871],"texture":"#2"},"west":{"uv":[0.004,0.004,0.004,0.246],"texture":"#2"},"up":{"uv":[0.996,0.004,0.004,0.004],"texture":"#2"},"down":{"uv":[0.996,0.004,0.004,0.004],"texture":"#2"}}},{"from":[5.875,5.875,6.875],"to":[10.125,12.125,9.125],"rotation":{"angle":0,"axis":"y","origin":[4,0.25,4]},"faces":{"north":{"uv":[4.004,2.004,4.996,3.496],"texture":"#2"},"east":{"uv":[6.754,6.379,7.246,7.871],"texture":"#2"},"south":{"uv":[4.004,3.504,4.996,4.996],"texture":"#2"},"west":{"uv":[7.004,3.004,7.496,4.496],"texture":"#2"},"up":{"uv":[8.246,2.246,7.254,1.754],"texture":"#2"},"down":{"uv":[8.246,2.254,7.254,2.746],"texture":"#2"}}},{"from":[3.75,9.75,6.75],"to":[6.25,12.25,9.25],"rotation":{"angle":0,"axis":"y","origin":[4.5,9.5,7]},"faces":{"north":{"uv":[9.129,5.129,9.621,5.621],"texture":"#2"},"east":{"uv":[5.629,9.129,6.121,9.621],"texture":"#2"},"south":{"uv":[6.129,9.129,6.621,9.621],"texture":"#2"},"west":{"uv":[6.629,9.129,7.121,9.621],"texture":"#2"},"up":{"uv":[7.621,9.621,7.129,9.129],"texture":"#2"},"down":{"uv":[9.746,0.004,9.254,0.496],"texture":"#2"}}},{"from":[3.85,7.85,6.85],"to":[6.15,10.15,9.15],"rotation":{"angle":0,"axis":"y","origin":[4.5,7.5,7]},"faces":{"north":{"uv":[9.504,2.129,9.996,2.621],"texture":"#2"},"east":{"uv":[3.379,9.504,3.871,9.996],"texture":"#2"},"south":{"uv":[4.629,9.504,5.121,9.996],"texture":"#2"},"west":{"uv":[5.129,9.504,5.621,9.996],"texture":"#2"},"up":{"uv":[9.996,6.121,9.504,5.629],"texture":"#2"},"down":{"uv":[9.996,6.129,9.504,6.621],"texture":"#2"}}},{"from":[9.85,7.85,6.85],"to":[12.15,10.15,9.15],"rotation":{"angle":0,"axis":"y","origin":[11.5,7.5,7]},"faces":{"north":{"uv":[0.004,9.629,0.496,10.121],"texture":"#2"},"east":{"uv":[0.504,9.629,0.996,10.121],"texture":"#2"},"south":{"uv":[9.629,0.504,10.121,0.996],"texture":"#2"},"west":{"uv":[9.629,2.629,10.121,3.121],"texture":"#2"},"up":{"uv":[10.121,4.121,9.629,3.629],"texture":"#2"},"down":{"uv":[10.121,4.879,9.629,5.371],"texture":"#2"}}},{"from":[9.75,9.75,6.75],"to":[12.25,12.25,9.25],"rotation":{"angle":0,"axis":"y","origin":[11.5,9.5,7]},"faces":{"north":{"uv":[2.379,9.254,2.871,9.746],"texture":"#2"},"east":{"uv":[2.879,9.254,3.371,9.746],"texture":"#2"},"south":{"uv":[9.254,3.129,9.746,3.621],"texture":"#2"},"west":{"uv":[8.129,9.254,8.621,9.746],"texture":"#2"},"up":{"uv":[9.121,9.746,8.629,9.254],"texture":"#2"},"down":{"uv":[9.621,9.254,9.129,9.746],"texture":"#2"}}},{"from":[3.50716,10.07874,6.5],"to":[6.00716,11.07874,9.5],"rotation":{"angle":22.5,"axis":"z","origin":[4.75716,10.32874,8]},"faces":{"north":{"uv":[10.004,6.254,10.621,6.496],"texture":"#2"},"east":{"uv":[9.879,4.379,10.621,4.621],"texture":"#2"},"south":{"uv":[10.129,0.629,10.746,0.871],"texture":"#2"},"west":{"uv":[9.879,4.629,10.621,4.871],"texture":"#2"},"up":{"uv":[7.871,7.746,7.254,7.004],"texture":"#2"},"down":{"uv":[8.121,2.754,7.504,3.496],"texture":"#2"}}},{"from":[3.50216,11.07374,6.495],"to":[5.51216,11.58374,9.505],"rotation":{"angle":22.5,"axis":"z","origin":[4.75716,10.32874,8]},"faces":{"north":{"uv":[10.379,7.629,10.871,7.746],"texture":"#2"},"east":{"uv":[10.254,3.379,10.996,3.496],"texture":"#2"},"south":{"uv":[10.504,5.629,10.996,5.746],"texture":"#2"},"west":{"uv":[10.379,0.504,11.121,0.621],"texture":"#2"},"up":{"uv":[4.121,8.996,3.629,8.254],"texture":"#2"},"down":{"uv":[4.621,8.254,4.129,8.996],"texture":"#2"}}},{"from":[3.5,11.5,6.5],"to":[6,12.5,9.5],"rotation":{"angle":0,"axis":"y","origin":[4,1.5,4]},"faces":{"north":{"uv":[10.129,2.629,10.746,2.871],"texture":"#2"},"east":{"uv":[9.879,6.879,10.621,7.121],"texture":"#2"},"south":{"uv":[10.129,2.879,10.746,3.121],"texture":"#2"},"west":{"uv":[9.879,7.129,10.621,7.371],"texture":"#2"},"up":{"uv":[8.121,4.246,7.504,3.504],"texture":"#2"},"down":{"uv":[4.371,7.504,3.754,8.246],"texture":"#2"}}},{"from":[3.25,12,6.75],"to":[5.25,13,9.25],"rotation":{"angle":0,"axis":"y","origin":[4.25,2,3.75]},"faces":{"north":{"uv":[10.129,9.254,10.621,9.496],"texture":"#2"},"east":{"uv":[10.129,3.629,10.746,3.871],"texture":"#2"},"south":{"uv":[10.129,9.504,10.621,9.746],"texture":"#2"},"west":{"uv":[10.129,3.879,10.746,4.121],"texture":"#2"},"up":{"uv":[3.121,9.246,2.629,8.629],"texture":"#2"},"down":{"uv":[9.121,2.629,8.629,3.246],"texture":"#2"}}},{"from":[3.0206,12.65328,7.75],"to":[3.5206,14.15328,8.75],"rotation":{"angle":22.5,"axis":"z","origin":[3.5206,13.15328,8]},"faces":{"north":{"uv":[1.879,10.629,1.996,10.996],"texture":"#2"},"east":{"uv":[2.379,8.879,2.621,9.246],"texture":"#2"},"south":{"uv":[3.629,10.629,3.746,10.996],"texture":"#2"},"west":{"uv":[9.129,1.129,9.371,1.496],"texture":"#2"},"up":{"uv":[8.371,10.871,8.254,10.629],"texture":"#2"},"down":{"uv":[10.746,8.254,10.629,8.496],"texture":"#2"}}},{"from":[12.4794,12.65328,7.75],"to":[12.9794,14.15328,8.75],"rotation":{"angle":-22.5,"axis":"z","origin":[12.4794,13.15328,8]},"faces":{"north":{"uv":[6.629,10.629,6.746,10.996],"texture":"#2"},"east":{"uv":[6.879,10.379,7.121,10.746],"texture":"#2"},"south":{"uv":[6.754,10.629,6.871,10.996],"texture":"#2"},"west":{"uv":[7.129,10.379,7.371,10.746],"texture":"#2"},"up":{"uv":[8.996,10.871,8.879,10.629],"texture":"#2"},"down":{"uv":[9.121,10.629,9.004,10.871],"texture":"#2"}}},{"from":[9.99284,10.07874,6.5],"to":[12.49284,11.07874,9.5],"rotation":{"angle":-22.5,"axis":"z","origin":[11.24284,10.32874,8]},"faces":{"north":{"uv":[6.879,10.129,7.496,10.371],"texture":"#2"},"east":{"uv":[9.879,8.254,10.621,8.496],"texture":"#2"},"south":{"uv":[8.129,10.129,8.746,10.371],"texture":"#2"},"west":{"uv":[9.879,8.504,10.621,8.746],"texture":"#2"},"up":{"uv":[7.871,8.496,7.254,7.754],"texture":"#2"},"down":{"uv":[3.621,7.879,3.004,8.621],"texture":"#2"}}},{"from":[10.48784,11.07374,6.495],"to":[12.49784,11.58374,9.505],"rotation":{"angle":-22.5,"axis":"z","origin":[11.24284,10.32874,8]},"faces":{"north":{"uv":[10.504,5.879,10.996,5.996],"texture":"#2"},"east":{"uv":[5.379,10.379,6.121,10.496],"texture":"#2"},"south":{"uv":[6.379,10.504,6.871,10.621],"texture":"#2"},"west":{"uv":[6.129,10.379,6.871,10.496],"texture":"#2"},"up":{"uv":[5.121,8.996,4.629,8.254],"texture":"#2"},"down":{"uv":[5.621,8.254,5.129,8.996],"texture":"#2"}}},{"from":[10,11.5,6.5],"to":[12.5,12.5,9.5],"rotation":{"angle":0,"axis":"y","origin":[12,1.5,4]},"faces":{"north":{"uv":[5.629,10.129,6.246,10.371],"texture":"#2"},"east":{"uv":[9.879,7.754,10.621,7.996],"texture":"#2"},"south":{"uv":[6.254,10.129,6.871,10.371],"texture":"#2"},"west":{"uv":[9.879,8.004,10.621,8.246],"texture":"#2"},"up":{"uv":[4.996,8.246,4.379,7.504],"texture":"#2"},"down":{"uv":[5.621,7.504,5.004,8.246],"texture":"#2"}}},{"from":[10.75,12,6.75],"to":[12.75,13,9.25],"rotation":{"angle":0,"axis":"y","origin":[11.75,2,3.75]},"faces":{"north":{"uv":[10.129,9.754,10.621,9.996],"texture":"#2"},"east":{"uv":[10.129,4.879,10.746,5.121],"texture":"#2"},"south":{"uv":[10.129,10.004,10.621,10.246],"texture":"#2"},"west":{"uv":[10.129,5.129,10.746,5.371],"texture":"#2"},"up":{"uv":[9.371,8.621,8.879,8.004],"texture":"#2"},"down":{"uv":[9.371,8.629,8.879,9.246],"texture":"#2"}}},{"from":[6.5,7,9.375],"to":[9.5,9.5,9.375],"rotation":{"angle":0,"axis":"y","origin":[8,8.5,9.375]},"faces":{"north":{"uv":[5.629,7.879,6.371,8.496],"texture":"#2"},"east":{"uv":[0.004,0.004,0.004,0.621],"texture":"#2"},"south":{"uv":[6.379,7.879,7.121,8.496],"texture":"#2"},"west":{"uv":[0.004,0.004,0.004,0.621],"texture":"#2"},"up":{"uv":[0.746,0.004,0.004,0.004],"texture":"#2"},"down":{"uv":[0.746,0.004,0.004,0.004],"texture":"#2"}}},{"from":[7.87,2.37,6.87],"to":[10.13,6.13,9.13],"rotation":{"angle":0,"axis":"y","origin":[6,-5.75,4]},"faces":{"north":{"uv":[8.129,2.754,8.621,3.621],"texture":"#2"},"east":{"uv":[0.004,8.254,0.496,9.121],"texture":"#2"},"south":{"uv":[8.254,0.004,8.746,0.871],"texture":"#2"},"west":{"uv":[0.504,8.254,0.996,9.121],"texture":"#2"},"up":{"uv":[9.871,4.871,9.379,4.379],"texture":"#2"},"down":{"uv":[8.121,9.379,7.629,9.871],"texture":"#2"}}},{"from":[5.87,2.37,6.87],"to":[8.13,6.13,9.13],"rotation":{"angle":0,"axis":"y","origin":[4,-5.75,4]},"faces":{"north":{"uv":[7.879,7.004,8.371,7.871],"texture":"#2"},"east":{"uv":[7.879,7.879,8.371,8.746],"texture":"#2"},"south":{"uv":[8.004,4.254,8.496,5.121],"texture":"#2"},"west":{"uv":[8.004,5.129,8.496,5.996],"texture":"#2"},"up":{"uv":[9.871,1.621,9.379,1.129],"texture":"#2"},"down":{"uv":[9.871,1.629,9.379,2.121],"texture":"#2"}}},{"from":[9.12477,3.62896,6.745],"to":[11.12477,6.12896,9.245],"rotation":{"angle":22.5,"axis":"z","origin":[10.62477,3.62896,6.745]},"faces":{"north":{"uv":[3.129,8.629,3.621,9.246],"texture":"#2"},"east":{"uv":[8.129,3.629,8.746,4.246],"texture":"#2"},"south":{"uv":[8.379,8.629,8.871,9.246],"texture":"#2"},"west":{"uv":[1.379,8.254,1.996,8.871],"texture":"#2"},"up":{"uv":[9.246,0.621,8.754,0.004],"texture":"#2"},"down":{"uv":[9.246,3.254,8.754,3.871],"texture":"#2"}}},{"from":[4.87523,3.62896,6.745],"to":[6.87523,6.12896,9.245],"rotation":{"angle":-22.5,"axis":"z","origin":[5.37523,3.62896,6.745]},"faces":{"north":{"uv":[7.629,8.754,8.121,9.371],"texture":"#2"},"east":{"uv":[2.004,8.254,2.621,8.871],"texture":"#2"},"south":{"uv":[1.379,8.879,1.871,9.496],"texture":"#2"},"west":{"uv":[8.254,2.004,8.871,2.621],"texture":"#2"},"up":{"uv":[9.371,2.121,8.879,1.504],"texture":"#2"},"down":{"uv":[2.371,8.879,1.879,9.496],"texture":"#2"}}},{"from":[5.75,-0.25,6.75],"to":[8.25,2.75,9.25],"rotation":{"angle":0,"axis":"y","origin":[4,-7.75,4]},"faces":{"north":{"uv":[8.379,8.004,8.871,8.621],"texture":"#2"},"east":{"uv":[8.504,4.254,8.996,4.871],"texture":"#2"},"south":{"uv":[8.504,4.879,8.996,5.496],"texture":"#2"},"west":{"uv":[5.629,8.504,6.121,9.121],"texture":"#2"},"up":{"uv":[9.871,8.496,9.379,8.004],"texture":"#2"},"down":{"uv":[9.871,8.504,9.379,8.996],"texture":"#2"}}},{"from":[7.75,-0.25,6.75],"to":[10.25,2.75,9.25],"rotation":{"angle":0,"axis":"y","origin":[6,-7.75,4]},"faces":{"north":{"uv":[6.129,8.504,6.621,9.121],"texture":"#2"},"east":{"uv":[6.629,8.504,7.121,9.121],"texture":"#2"},"south":{"uv":[7.129,8.504,7.621,9.121],"texture":"#2"},"west":{"uv":[8.629,0.879,9.121,1.496],"texture":"#2"},"up":{"uv":[1.496,9.996,1.004,9.504],"texture":"#2"},"down":{"uv":[1.996,9.504,1.504,9.996],"texture":"#2"}}},{"from":[7,10,9],"to":[9,11.5,9.5],"rotation":{"angle":0,"axis":"y","origin":[8,11,9]},"faces":{"north":{"uv":[5.129,10.004,5.621,10.371],"texture":"#2"},"east":{"uv":[10.629,6.879,10.746,7.246],"texture":"#2"},"south":{"uv":[10.004,5.629,10.496,5.996],"texture":"#2"},"west":{"uv":[10.629,7.254,10.746,7.621],"texture":"#2"},"up":{"uv":[11.121,4.496,10.629,4.379],"texture":"#2"},"down":{"uv":[11.121,4.504,10.629,4.621],"texture":"#2"}}},{"from":[8.245,8.995,8.995],"to":[9.255,11.005,10.005],"rotation":{"angle":0,"axis":"y","origin":[7.75,11,9.5]},"faces":{"north":{"uv":[10.254,1.004,10.496,1.496],"texture":"#2"},"east":{"uv":[1.254,10.254,1.496,10.746],"texture":"#2"},"south":{"uv":[1.504,10.254,1.746,10.746],"texture":"#2"},"west":{"uv":[10.254,1.504,10.496,1.996],"texture":"#2"},"up":{"uv":[3.621,10.871,3.379,10.629],"texture":"#2"},"down":{"uv":[4.871,10.629,4.629,10.871],"texture":"#2"}}},{"from":[7.60355,9.97194,9.995],"to":[13.61355,10.98194,10.505],"rotation":{"angle":45,"axis":"z","origin":[9.60855,11.47694,9.5]},"faces":{"north":{"uv":[8.379,7.004,9.871,7.246],"texture":"#2"},"east":{"uv":[10.629,9.004,10.746,9.246],"texture":"#2"},"south":{"uv":[8.379,7.254,9.871,7.496],"texture":"#2"},"west":{"uv":[9.129,10.629,9.246,10.871],"texture":"#2"},"up":{"uv":[11.246,3.621,9.754,3.504],"texture":"#2"},"down":{"uv":[11.496,2.504,10.004,2.621],"texture":"#2"}}},{"from":[11.76374,13.33999,10],"to":[12.76374,14.33999,10.5],"rotation":{"angle":-22.5,"axis":"z","origin":[10.26374,10.33999,9.505]},"faces":{"north":{"uv":[5.129,10.629,5.371,10.871],"texture":"#2"},"east":{"uv":[9.254,10.629,9.371,10.871],"texture":"#2"},"south":{"uv":[5.879,10.629,6.121,10.871],"texture":"#2"},"west":{"uv":[10.629,9.254,10.746,9.496],"texture":"#2"},"up":{"uv":[9.871,1.121,9.629,1.004],"texture":"#2"},"down":{"uv":[10.871,9.504,10.629,9.621],"texture":"#2"}}},{"from":[3.23626,13.33999,10],"to":[4.23626,14.33999,10.5],"rotation":{"angle":22.5,"axis":"z","origin":[5.73626,10.33999,9.505]},"faces":{"north":{"uv":[6.129,10.629,6.371,10.871],"texture":"#2"},"east":{"uv":[9.379,10.629,9.496,10.871],"texture":"#2"},"south":{"uv":[10.629,6.254,10.871,6.496],"texture":"#2"},"west":{"uv":[9.629,10.629,9.746,10.871],"texture":"#2"},"up":{"uv":[10.871,9.746,10.629,9.629],"texture":"#2"},"down":{"uv":[9.996,10.629,9.754,10.746],"texture":"#2"}}},{"from":[7.23246,2.09326,10.25],"to":[13.23246,11.59326,10.25],"rotation":{"angle":22.5,"axis":"z","origin":[9.23246,13.09326,9.5]},"faces":{"north":{"uv":[0.004,0.004,1.496,2.371],"texture":"#2"},"east":{"uv":[0.004,0.004,0.004,2.371],"texture":"#2"},"south":{"uv":[1.504,0.004,2.996,2.371],"texture":"#2"},"west":{"uv":[0.004,0.004,0.004,2.371],"texture":"#2"},"up":{"uv":[1.496,0.004,0.004,0.004],"texture":"#2"},"down":{"uv":[1.496,0.004,0.004,0.004],"texture":"#2"}}},{"from":[2.76754,2.09326,10.25],"to":[8.76754,11.59326,10.25],"rotation":{"angle":-22.5,"axis":"z","origin":[6.76754,13.09326,9.5]},"faces":{"north":{"uv":[0.004,2.379,1.496,4.746],"texture":"#2"},"east":{"uv":[0.004,0.004,0.004,2.371],"texture":"#2"},"south":{"uv":[1.504,2.379,2.996,4.746],"texture":"#2"},"west":{"uv":[0.004,0.004,0.004,2.371],"texture":"#2"},"up":{"uv":[1.496,0.004,0.004,0.004],"texture":"#2"},"down":{"uv":[1.496,0.004,0.004,0.004],"texture":"#2"}}},{"from":[2.38645,9.97194,9.995],"to":[8.39645,10.98194,10.505],"rotation":{"angle":-45,"axis":"z","origin":[6.39145,11.47694,9.5]},"faces":{"north":{"uv":[8.379,7.504,9.871,7.746],"texture":"#2"},"east":{"uv":[10.629,9.754,10.746,9.996],"texture":"#2"},"south":{"uv":[8.379,7.754,9.871,7.996],"texture":"#2"},"west":{"uv":[10.004,10.629,10.121,10.871],"texture":"#2"},"up":{"uv":[11.496,6.121,10.004,6.004],"texture":"#2"},"down":{"uv":[11.496,6.129,10.004,6.246],"texture":"#2"}}},{"from":[6.745,8.995,8.995],"to":[7.755,11.005,10.005],"rotation":{"angle":0,"axis":"y","origin":[6.25,11,9.5]},"faces":{"north":{"uv":[2.254,10.254,2.496,10.746],"texture":"#2"},"east":{"uv":[7.504,10.254,7.746,10.746],"texture":"#2"},"south":{"uv":[7.754,10.254,7.996,10.746],"texture":"#2"},"west":{"uv":[10.129,10.254,10.371,10.746],"texture":"#2"},"up":{"uv":[10.871,4.871,10.629,4.629],"texture":"#2"},"down":{"uv":[5.121,10.629,4.879,10.871],"texture":"#2"}}},{"from":[5,6.5,6],"to":[5.5,7.5,9.5],"rotation":{"angle":0,"axis":"y","origin":[4,0,4]},"faces":{"north":{"uv":[2.254,9.504,2.371,9.746],"texture":"#2"},"east":{"uv":[9.629,4.129,10.496,4.371],"texture":"#2"},"south":{"uv":[4.129,9.504,4.246,9.746],"texture":"#2"},"west":{"uv":[9.629,5.379,10.496,5.621],"texture":"#2"},"up":{"uv":[3.121,10.996,3.004,10.129],"texture":"#2"},"down":{"uv":[4.621,10.129,4.504,10.996],"texture":"#2"}}},{"from":[5.25,5.5,9.5],"to":[5.25,8.5,11],"rotation":{"angle":0,"axis":"y","origin":[4.25,0,8]},"faces":{"north":{"uv":[0.004,0.004,0.004,0.746],"texture":"#2"},"east":{"uv":[4.254,9.004,4.621,9.746],"texture":"#2"},"south":{"uv":[0.004,0.004,0.004,0.746],"texture":"#2"},"west":{"uv":[9.004,4.379,9.371,5.121],"texture":"#2"},"up":{"uv":[0.004,0.371,0.004,0.004],"texture":"#2"},"down":{"uv":[0.004,0.004,0.004,0.371],"texture":"#2"}}},{"from":[4.75,6.5,9.125],"to":[5.75,7.5,10.125],"rotation":{"angle":-45,"axis":"x","origin":[5.25,7,9.625]},"faces":{"north":{"uv":[7.254,2.754,7.496,2.996],"texture":"#2"},"east":{"uv":[7.629,8.504,7.871,8.746],"texture":"#2"},"south":{"uv":[3.379,9.254,3.621,9.496],"texture":"#2"},"west":{"uv":[9.379,4.879,9.621,5.121],"texture":"#2"},"up":{"uv":[10.621,7.621,10.379,7.379],"texture":"#2"},"down":{"uv":[8.246,10.379,8.004,10.621],"texture":"#2"}}},{"from":[5.25,5.5,3.5],"to":[5.25,8.5,6.5],"rotation":{"angle":0,"axis":"y","origin":[4.75,7,5.5]},"faces":{"north":{"uv":[0.004,0.004,0.004,0.746],"texture":"#2"},"east":{"uv":[3.004,7.129,3.746,7.871],"texture":"#2"},"south":{"uv":[0.004,0.004,0.004,0.746],"texture":"#2"},"west":{"uv":[7.254,0.004,7.996,0.746],"texture":"#2"},"up":{"uv":[0.004,0.746,0.004,0.004],"texture":"#2"},"down":{"uv":[0.004,0.004,0.004,0.746],"texture":"#2"}}},{"from":[5.25,5,-2.5],"to":[5.25,9,4],"rotation":{"angle":0,"axis":"y","origin":[4.75,7,2.5]},"faces":{"north":{"uv":[0.004,0.004,0.004,0.996],"texture":"#2"},"east":{"uv":[3.004,0.004,4.621,0.996],"texture":"#2"},"south":{"uv":[0.004,0.004,0.004,0.996],"texture":"#2"},"west":{"uv":[3.004,1.004,4.621,1.996],"texture":"#2"},"up":{"uv":[0.004,1.621,0.004,0.004],"texture":"#2"},"down":{"uv":[0.004,0.004,0.004,1.621],"texture":"#2"}}},{"from":[5.375,3,0],"to":[5.375,5,2.5],"rotation":{"angle":-22.5,"axis":"x","origin":[5.375,4,1.25]},"faces":{"north":{"uv":[0.004,0.004,0.004,0.496],"texture":"#2"},"east":{"uv":[8.504,5.504,9.121,5.996],"texture":"#2"},"south":{"uv":[0.004,0.004,0.004,0.496],"texture":"#2"},"west":{"uv":[8.879,2.129,9.496,2.621],"texture":"#2"},"up":{"uv":[0.004,0.621,0.004,0.004],"texture":"#2"},"down":{"uv":[0.004,0.004,0.004,0.621],"texture":"#2"}}},{"from":[5.375,9,0],"to":[5.375,11,2.5],"rotation":{"angle":22.5,"axis":"x","origin":[5.375,10,1.25]},"faces":{"north":{"uv":[0.004,0.004,0.004,0.496],"texture":"#2"},"east":{"uv":[3.629,9.004,4.246,9.496],"texture":"#2"},"south":{"uv":[0.004,0.004,0.004,0.496],"texture":"#2"},"west":{"uv":[9.004,3.879,9.621,4.371],"texture":"#2"},"up":{"uv":[0.004,0.621,0.004,0.004],"texture":"#2"},"down":{"uv":[0.004,0.004,0.004,0.621],"texture":"#2"}}},{"from":[5.375,4,-3],"to":[5.375,5.5,-1],"rotation":{"angle":-22.5,"axis":"x","origin":[5.375,5,-1.75]},"faces":{"north":{"uv":[0.004,0.004,0.004,0.371],"texture":"#2"},"east":{"uv":[3.379,10.004,3.871,10.371],"texture":"#2"},"south":{"uv":[0.004,0.004,0.004,0.371],"texture":"#2"},"west":{"uv":[4.629,10.004,5.121,10.371],"texture":"#2"},"up":{"uv":[0.004,0.496,0.004,0.004],"texture":"#2"},"down":{"uv":[0.004,0.004,0.004,0.496],"texture":"#2"}}},{"from":[5,6,2],"to":[5.5,8,4],"rotation":{"angle":0,"axis":"y","origin":[5,7,3]},"faces":{"north":{"uv":[2.879,10.504,2.996,10.996],"texture":"#2"},"east":{"uv":[6.629,9.629,7.121,10.121],"texture":"#2"},"south":{"uv":[10.379,10.504,10.496,10.996],"texture":"#2"},"west":{"uv":[7.129,9.629,7.621,10.121],"texture":"#2"},"up":{"uv":[10.621,10.996,10.504,10.504],"texture":"#2"},"down":{"uv":[1.871,10.629,1.754,11.121],"texture":"#2"}}},{"from":[5,6.5,-1],"to":[5.5,7.5,2],"rotation":{"angle":0,"axis":"y","origin":[5,7,1]},"faces":{"north":{"uv":[8.754,10.629,8.871,10.871],"texture":"#2"},"east":{"uv":[10.004,2.004,10.746,2.246],"texture":"#2"},"south":{"uv":[10.629,8.754,10.746,8.996],"texture":"#2"},"west":{"uv":[10.004,2.254,10.746,2.496],"texture":"#2"},"up":{"uv":[9.621,10.871,9.504,10.129],"texture":"#2"},"down":{"uv":[2.621,10.254,2.504,10.996],"texture":"#2"}}},{"from":[5,6.5,4.5],"to":[5.5,7.5,5.5],"rotation":{"angle":45,"axis":"x","origin":[5.25,7,5]},"faces":{"north":{"uv":[8.379,10.629,8.496,10.871],"texture":"#2"},"east":{"uv":[10.504,6.629,10.746,6.871],"texture":"#2"},"south":{"uv":[8.504,10.629,8.621,10.871],"texture":"#2"},"west":{"uv":[10.629,3.129,10.871,3.371],"texture":"#2"},"up":{"uv":[10.746,8.746,10.629,8.504],"texture":"#2"},"down":{"uv":[8.746,10.629,8.629,10.871],"texture":"#2"}}},{"from":[5.75,11.75,5.75],"to":[10.25,16.25,10.25],"rotation":{"angle":0,"axis":"y","origin":[4,10,4]},"faces":{"north":{"uv":[4.004,5.004,4.996,5.996],"texture":"#2"},"east":{"uv":[5.004,4.004,5.996,4.996],"texture":"#2"},"south":{"uv":[5.004,5.004,5.996,5.996],"texture":"#2"},"west":{"uv":[0.004,5.754,0.996,6.746],"texture":"#2"},"up":{"uv":[1.996,6.746,1.004,5.754],"texture":"#2"},"down":{"uv":[2.996,5.754,2.004,6.746],"texture":"#2"}}},{"from":[9.84776,13.5,8.76537],"to":[12.84776,18,8.76537],"rotation":{"angle":-22.5,"axis":"y","origin":[11.84776,15.5,8.76537]},"faces":{"north":{"uv":[6.004,2.254,6.746,3.371],"texture":"#2"},"east":{"uv":[0.004,0.004,0.004,1.121],"texture":"#2"},"south":{"uv":[3.004,6.004,3.746,7.121],"texture":"#2"},"west":{"uv":[0.004,0.004,0.004,1.121],"texture":"#2"},"up":{"uv":[0.746,0.004,0.004,0.004],"texture":"#2"},"down":{"uv":[0.746,0.004,0.004,0.004],"texture":"#2"}}},{"from":[9.84776,13,8.26537],"to":[10.84776,15.5,9.26537],"rotation":{"angle":-22.5,"axis":"y","origin":[11.84776,15.5,8.76537]},"faces":{"north":{"uv":[10.129,0.004,10.371,0.621],"texture":"#2"},"east":{"uv":[0.254,10.129,0.496,10.746],"texture":"#2"},"south":{"uv":[0.504,10.129,0.746,10.746],"texture":"#2"},"west":{"uv":[0.754,10.129,0.996,10.746],"texture":"#2"},"up":{"uv":[10.746,5.621,10.504,5.379],"texture":"#2"},"down":{"uv":[5.871,10.504,5.629,10.746],"texture":"#2"}}},{"from":[9.5,10.41061,2.99686],"to":[10,11.41061,4.49686],"rotation":{"angle":22.5,"axis":"x","origin":[9.75,10.91061,5.49686]},"faces":{"north":{"uv":[10.629,8.004,10.746,8.246],"texture":"#2"},"east":{"uv":[4.629,10.379,4.996,10.621],"texture":"#2"},"south":{"uv":[8.129,10.629,8.246,10.871],"texture":"#2"},"west":{"uv":[5.004,10.379,5.371,10.621],"texture":"#2"},"up":{"uv":[8.746,3.621,8.629,3.254],"texture":"#2"},"down":{"uv":[9.121,5.129,9.004,5.496],"texture":"#2"}}},{"from":[9.25,11.75,4],"to":[10.25,12.75,5.5],"rotation":{"angle":-22.5,"axis":"x","origin":[9.75,12.25,6.5]},"faces":{"north":{"uv":[4.254,10.504,4.496,10.746],"texture":"#2"},"east":{"uv":[10.379,0.254,10.746,0.496],"texture":"#2"},"south":{"uv":[5.379,10.504,5.621,10.746],"texture":"#2"},"west":{"uv":[3.379,10.379,3.746,10.621],"texture":"#2"},"up":{"uv":[7.246,6.371,7.004,6.004],"texture":"#2"},"down":{"uv":[8.996,3.879,8.754,4.246],"texture":"#2"}}},{"from":[9,11.5,5.5],"to":[10.5,13,7.5],"rotation":{"angle":-22.5,"axis":"x","origin":[9.75,12.25,6.5]},"faces":{"north":{"uv":[2.629,10.129,2.996,10.496],"texture":"#2"},"east":{"uv":[8.629,9.754,9.121,10.121],"texture":"#2"},"south":{"uv":[4.129,10.129,4.496,10.496],"texture":"#2"},"west":{"uv":[9.129,9.754,9.621,10.121],"texture":"#2"},"up":{"uv":[10.246,1.496,9.879,1.004],"texture":"#2"},"down":{"uv":[10.246,1.504,9.879,1.996],"texture":"#2"}}},{"from":[5.15224,13,8.26537],"to":[6.15224,15.5,9.26537],"rotation":{"angle":22.5,"axis":"y","origin":[4.15224,15.5,8.76537]},"faces":{"north":{"uv":[1.754,10.004,1.996,10.621],"texture":"#2"},"east":{"uv":[9.629,10.004,9.871,10.621],"texture":"#2"},"south":{"uv":[9.879,10.004,10.121,10.621],"texture":"#2"},"west":{"uv":[0.004,10.129,0.246,10.746],"texture":"#2"},"up":{"uv":[4.246,10.746,4.004,10.504],"texture":"#2"},"down":{"uv":[10.746,4.129,10.504,4.371],"texture":"#2"}}},{"from":[3.15224,13.5,8.76537],"to":[6.15224,18,8.76537],"rotation":{"angle":22.5,"axis":"y","origin":[4.15224,15.5,8.76537]},"faces":{"north":{"uv":[6.004,0.004,6.746,1.121],"texture":"#2"},"east":{"uv":[0.004,0.004,0.004,1.121],"texture":"#2"},"south":{"uv":[6.004,1.129,6.746,2.246],"texture":"#2"},"west":{"uv":[0.004,0.004,0.004,1.121],"texture":"#2"},"up":{"uv":[0.746,0.004,0.004,0.004],"texture":"#2"},"down":{"uv":[0.746,0.004,0.004,0.004],"texture":"#2"}}},{"from":[7.9995,15.62045,6.92178],"to":[7.9995,19.62045,12.42178],"rotation":{"angle":22.5,"axis":"x","origin":[8.4995,17.12045,8.92178]},"faces":{"north":{"uv":[0.004,0.004,0.004,0.996],"texture":"#2"},"east":{"uv":[4.629,0.004,5.996,0.996],"texture":"#2"},"south":{"uv":[0.004,0.004,0.004,0.996],"texture":"#2"},"west":{"uv":[4.629,1.004,5.996,1.996],"texture":"#2"},"up":{"uv":[0.004,1.371,0.004,0.004],"texture":"#2"},"down":{"uv":[0.004,0.004,0.004,1.371],"texture":"#2"}}},{"from":[7.2495,16.63425,8.32507],"to":[8.7495,21.13425,8.32507],"rotation":{"angle":22.5,"axis":"x","origin":[8.4995,17.38425,6.32507]},"faces":{"north":{"uv":[8.254,0.879,8.621,1.996],"texture":"#2"},"east":{"uv":[0.004,0.004,0.004,1.121],"texture":"#2"},"south":{"uv":[1.004,8.254,1.371,9.371],"texture":"#2"},"west":{"uv":[0.004,0.004,0.004,1.121],"texture":"#2"},"up":{"uv":[0.371,0.004,0.004,0.004],"texture":"#2"},"down":{"uv":[0.371,0.004,0.004,0.004],"texture":"#2"}}},{"from":[7.5,13.5,6.5],"to":[8.5,16.5,10.5],"rotation":{"angle":0,"axis":"y","origin":[8,16.25,8]},"faces":{"north":{"uv":[8.004,0.004,8.246,0.746],"texture":"#2"},"east":{"uv":[7.004,4.504,7.996,5.246],"texture":"#2"},"south":{"uv":[3.129,9.754,3.371,10.496],"texture":"#2"},"west":{"uv":[7.004,5.254,7.996,5.996],"texture":"#2"},"up":{"uv":[2.246,10.496,2.004,9.504],"texture":"#2"},"down":{"uv":[4.121,9.504,3.879,10.496],"texture":"#2"}}},{"from":[8.25,14.25,5.625],"to":[10.25,15.75,5.625],"rotation":{"angle":22.5,"axis":"z","origin":[9.25,15,5.5]},"faces":{"north":{"uv":[4.129,9.754,4.621,10.121],"texture":"#2"},"east":{"uv":[0.004,0.004,0.004,0.371],"texture":"#2"},"south":{"uv":[8.129,9.754,8.621,10.121],"texture":"#2"},"west":{"uv":[0.004,0.004,0.004,0.371],"texture":"#2"},"up":{"uv":[0.496,0.004,0.004,0.004],"texture":"#2"},"down":{"uv":[0.496,0.004,0.004,0.004],"texture":"#2"}}},{"from":[5.75,14.25,5.625],"to":[7.75,15.75,5.625],"rotation":{"angle":-22.5,"axis":"z","origin":[6.75,15,5.5]},"faces":{"north":{"uv":[2.629,9.754,3.121,10.121],"texture":"#2"},"east":{"uv":[0.004,0.004,0.004,0.371],"texture":"#2"},"south":{"uv":[9.754,3.129,10.246,3.496],"texture":"#2"},"west":{"uv":[0.004,0.004,0.004,0.371],"texture":"#2"},"up":{"uv":[0.496,0.004,0.004,0.004],"texture":"#2"},"down":{"uv":[0.496,0.004,0.004,0.004],"texture":"#2"}}},{"from":[6,10.41061,2.99686],"to":[6.5,11.41061,4.49686],"rotation":{"angle":22.5,"axis":"x","origin":[6.25,10.91061,5.49686]},"faces":{"north":{"uv":[10.629,7.754,10.746,7.996],"texture":"#2"},"east":{"uv":[10.254,3.129,10.621,3.371],"texture":"#2"},"south":{"uv":[8.004,10.629,8.121,10.871],"texture":"#2"},"west":{"uv":[10.379,0.004,10.746,0.246],"texture":"#2"},"up":{"uv":[5.746,7.871,5.629,7.504],"texture":"#2"},"down":{"uv":[3.746,7.879,3.629,8.246],"texture":"#2"}}},{"from":[9.2,11.7,4.2],"to":[10.3,12.8,5.3],"rotation":{"angle":-22.5,"axis":"x","origin":[9.75,12.25,6.5]},"faces":{"north":{"uv":[10.504,1.504,10.746,1.746],"texture":"#2"},"east":{"uv":[10.504,1.754,10.746,1.996],"texture":"#2"},"south":{"uv":[2.004,10.504,2.246,10.746],"texture":"#2"},"west":{"uv":[2.629,10.504,2.871,10.746],"texture":"#2"},"up":{"uv":[3.371,10.746,3.129,10.504],"texture":"#2"},"down":{"uv":[3.996,10.504,3.754,10.746],"texture":"#2"}}},{"from":[5.7,11.7,4.2],"to":[6.8,12.8,5.3],"rotation":{"angle":-22.5,"axis":"x","origin":[6.25,12.25,6.5]},"faces":{"north":{"uv":[8.754,10.379,8.996,10.621],"texture":"#2"},"east":{"uv":[9.004,10.379,9.246,10.621],"texture":"#2"},"south":{"uv":[10.379,9.004,10.621,9.246],"texture":"#2"},"west":{"uv":[10.379,10.254,10.621,10.496],"texture":"#2"},"up":{"uv":[10.746,1.246,10.504,1.004],"texture":"#2"},"down":{"uv":[10.746,1.254,10.504,1.496],"texture":"#2"}}},{"from":[5.75,11.75,4],"to":[6.75,12.75,5.5],"rotation":{"angle":-22.5,"axis":"x","origin":[6.25,12.25,6.5]},"faces":{"north":{"uv":[8.254,10.379,8.496,10.621],"texture":"#2"},"east":{"uv":[8.754,0.629,9.121,0.871],"texture":"#2"},"south":{"uv":[8.504,10.379,8.746,10.621],"texture":"#2"},"west":{"uv":[9.254,3.629,9.621,3.871],"texture":"#2"},"up":{"uv":[5.996,6.371,5.754,6.004],"texture":"#2"},"down":{"uv":[6.996,3.004,6.754,3.371],"texture":"#2"}}},{"from":[5.5,11.5,5.5],"to":[7,13,7.5],"rotation":{"angle":-22.5,"axis":"x","origin":[6.25,12.25,6.5]},"faces":{"north":{"uv":[2.629,8.254,2.996,8.621],"texture":"#2"},"east":{"uv":[9.629,9.254,10.121,9.621],"texture":"#2"},"south":{"uv":[9.129,5.629,9.496,5.996],"texture":"#2"},"west":{"uv":[9.629,9.629,10.121,9.996],"texture":"#2"},"up":{"uv":[10.121,0.496,9.754,0.004],"texture":"#2"},"down":{"uv":[2.621,9.754,2.254,10.246],"texture":"#2"}}},{"from":[7,10.5,5.5],"to":[9,12.5,6.5],"rotation":{"angle":0,"axis":"y","origin":[8,12,5.75]},"faces":{"north":{"uv":[5.629,9.629,6.121,10.121],"texture":"#2"},"east":{"uv":[8.629,1.504,8.871,1.996],"texture":"#2"},"south":{"uv":[6.129,9.629,6.621,10.121],"texture":"#2"},"west":{"uv":[8.129,8.754,8.371,9.246],"texture":"#2"},"up":{"uv":[7.996,4.496,7.504,4.254],"texture":"#2"},"down":{"uv":[9.246,10.129,8.754,10.371],"texture":"#2"}}}]}