{"display":{"thirdperson_righthand":{"rotation":[0,90,0],"translation":[0,1,2]},"thirdperson_lefthand":{"rotation":[0,90,0],"translation":[0,1,2]},"firstperson_righthand":{"rotation":[0,90,0],"translation":[4,-0.5,-3]},"firstperson_lefthand":{"rotation":[0,90,0],"translation":[4,-0.5,-3]},"ground":{"rotation":[-45,45,45],"translation":[0,2,0],"scale":[0.5,0.5,0.5]},"gui":{"rotation":[-180,0,150],"translation":[1.75,-2.25,0],"scale":[0.6,0.6,0.6]},"fixed":{"rotation":[0,0,-45],"translation":[-2,-2,-0.25],"scale":[0.9,0.9,0.9]}},"texture_size":[32,32],"textures":{"2":"armor/phoenix/sword","particle":"armor/phoenix/sword"},"elements":[{"from":[7,2,7.5],"to":[9,9,8.5],"rotation":{"angle":0,"axis":"y","origin":[8.56818,13.57697,8.5254]},"faces":{"north":{"uv":[2.016,9.516,2.984,12.984],"texture":"#2"},"east":{"uv":[6.516,10.516,6.984,13.984],"texture":"#2"},"south":{"uv":[3.016,9.516,3.984,12.984],"texture":"#2"},"west":{"uv":[7.016,10.516,7.484,13.984],"texture":"#2"},"up":{"uv":[10.984,7.484,10.016,7.016],"texture":"#2"},"down":{"uv":[10.984,11.016,10.016,11.484],"texture":"#2"}}},{"from":[5,-1,8],"to":[11,2,8],"rotation":{"angle":0,"axis":"y","origin":[8.56818,13.57697,8.0254]},"faces":{"north":{"uv":[8.016,7.516,10.984,8.984],"texture":"#2"},"east":{"uv":[0.016,0.016,0.016,1.484],"texture":"#2"},"south":{"uv":[6.016,9.016,8.984,10.484],"texture":"#2"},"west":{"uv":[0.016,0.016,0.016,1.484],"texture":"#2"},"up":{"uv":[2.984,0.016,0.016,0.016],"texture":"#2"},"down":{"uv":[2.984,0.016,0.016,0.016],"texture":"#2"}}},{"from":[-1.02522,4.26039,7],"to":[0.97478,6.26039,9],"rotation":{"angle":45,"axis":"z","origin":[8.42303,13.11039,8.06818]},"faces":{"north":{"uv":[10.016,5.016,10.984,5.984],"texture":"#2"},"east":{"uv":[10.016,6.016,10.984,6.984],"texture":"#2"},"south":{"uv":[11.016,2.016,11.984,2.984],"texture":"#2"},"west":{"uv":[11.016,3.016,11.984,3.984],"texture":"#2"},"up":{"uv":[11.984,4.984,11.016,4.016],"texture":"#2"},"down":{"uv":[11.984,5.016,11.016,5.984],"texture":"#2"}}},{"from":[5,8,8],"to":[11,14,8],"rotation":{"angle":0,"axis":"y","origin":[8.56818,13.57697,9.0254]},"faces":{"north":{"uv":[0.016,6.516,2.984,9.484],"texture":"#2"},"east":{"uv":[0.016,0.016,0.016,2.984],"texture":"#2"},"south":{"uv":[3.016,6.516,5.984,9.484],"texture":"#2"},"west":{"uv":[0.016,0.016,0.016,2.984],"texture":"#2"},"up":{"uv":[2.984,0.016,0.016,0.016],"texture":"#2"},"down":{"uv":[2.984,0.016,0.016,0.016],"texture":"#2"}}},{"from":[4,13,8],"to":[12,26,8],"rotation":{"angle":0,"axis":"y","origin":[8.56818,13.57697,8.0254]},"faces":{"north":{"uv":[0.016,0.016,3.984,6.484],"texture":"#2"},"east":{"uv":[0.016,0.016,0.016,6.484],"texture":"#2"},"south":{"uv":[4.016,0.016,7.984,6.484],"texture":"#2"},"west":{"uv":[0.016,0.016,0.016,6.484],"texture":"#2"},"up":{"uv":[3.984,0.016,0.016,0.016],"texture":"#2"},"down":{"uv":[3.984,0.016,0.016,0.016],"texture":"#2"}}},{"from":[9.72096,18.03883,8.1],"to":[13.72096,23.03883,8.1],"rotation":{"angle":-22.5,"axis":"z","origin":[8.56818,13.57697,8.0254]},"faces":{"north":{"uv":[6.016,6.516,7.984,8.984],"texture":"#2"},"east":{"uv":[0.016,0.016,0.016,2.484],"texture":"#2"},"south":{"uv":[8.016,0.016,9.984,2.484],"texture":"#2"},"west":{"uv":[0.016,0.016,0.016,2.484],"texture":"#2"},"up":{"uv":[1.984,0.016,0.016,0.016],"texture":"#2"},"down":{"uv":[1.984,0.016,0.016,0.016],"texture":"#2"}}},{"from":[2.63375,18.3626,8.1],"to":[6.63375,23.3626,8.1],"rotation":{"angle":22.5,"axis":"z","origin":[8.56818,13.57697,8.0254]},"faces":{"north":{"uv":[8.016,2.516,9.984,4.984],"texture":"#2"},"east":{"uv":[0.016,0.016,0.016,2.484],"texture":"#2"},"south":{"uv":[8.016,5.016,9.984,7.484],"texture":"#2"},"west":{"uv":[0.016,0.016,0.016,2.484],"texture":"#2"},"up":{"uv":[1.984,0.016,0.016,0.016],"texture":"#2"},"down":{"uv":[1.984,0.016,0.016,0.016],"texture":"#2"}}},{"from":[6.5771,23.81674,8.1],"to":[9.5771,27.81674,8.1],"rotation":{"angle":-22.5,"axis":"z","origin":[8.56818,13.57697,8.0254]},"faces":{"north":{"uv":[4.016,9.516,5.484,11.484],"texture":"#2"},"east":{"uv":[0.016,0.016,0.016,1.984],"texture":"#2"},"south":{"uv":[10.016,0.016,11.484,1.984],"texture":"#2"},"west":{"uv":[0.016,0.016,0.016,1.984],"texture":"#2"},"up":{"uv":[1.484,0.016,0.016,0.016],"texture":"#2"},"down":{"uv":[1.484,0.016,0.016,0.016],"texture":"#2"}}},{"from":[6,13,7.5],"to":[10,17,8.5],"rotation":{"angle":0,"axis":"y","origin":[8.56818,13.57697,7.5254]},"faces":{"north":{"uv":[9.016,9.016,10.984,10.984],"texture":"#2"},"east":{"uv":[8.516,10.516,8.984,12.484],"texture":"#2"},"south":{"uv":[0.016,9.516,1.984,11.484],"texture":"#2"},"west":{"uv":[11.016,6.016,11.484,7.984],"texture":"#2"},"up":{"uv":[12.984,8.484,11.016,8.016],"texture":"#2"},"down":{"uv":[12.984,8.516,11.016,8.984],"texture":"#2"}}},{"from":[7,17,7.5],"to":[9,23,8.5],"rotation":{"angle":0,"axis":"y","origin":[8.56818,13.57697,8.5254]},"faces":{"north":{"uv":[10.016,2.016,10.984,4.984],"texture":"#2"},"east":{"uv":[7.516,10.516,7.984,13.484],"texture":"#2"},"south":{"uv":[5.516,10.516,6.484,13.484],"texture":"#2"},"west":{"uv":[8.016,10.516,8.484,13.484],"texture":"#2"},"up":{"uv":[11.984,10.484,11.016,10.016],"texture":"#2"},"down":{"uv":[11.984,10.516,11.016,10.984],"texture":"#2"}}},{"from":[5.51552,11.12955,7.5],"to":[7.51552,13.12955,8.5],"rotation":{"angle":45,"axis":"z","origin":[8.42303,13.43881,8.06818]},"faces":{"north":{"uv":[9.016,11.016,9.984,11.984],"texture":"#2"},"east":{"uv":[5.516,9.516,5.984,10.484],"texture":"#2"},"south":{"uv":[11.016,9.016,11.984,9.984],"texture":"#2"},"west":{"uv":[11.016,11.016,11.484,11.984],"texture":"#2"},"up":{"uv":[0.984,11.984,0.016,11.516],"texture":"#2"},"down":{"uv":[12.484,0.016,11.516,0.484],"texture":"#2"}}}],"gui_light":"front"}