{"display":{"thirdperson_righthand":{"translation":[0,6,0]},"thirdperson_lefthand":{"translation":[0,6,0]},"firstperson_righthand":{"translation":[0,7.25,0]},"firstperson_lefthand":{"translation":[0,7.25,0]},"ground":{"translation":[0,5.5,0]},"gui":{"rotation":[-180,0,-180],"translation":[0,5.25,0],"scale":[1.23,1.23,1.23]},"head":{"translation":[0,-32.25,0],"scale":[1.61,1.61,1.61]},"fixed":{"translation":[0,5.5,0],"scale":[1.3,1.3,1.3]}},"texture_size":[32,32],"textures":{"2":"armor/snowstorm/boots","particle":"armor/snowstorm/boots"},"elements":[{"from":[3.5,-0.5,5.5],"to":[8.5,5.5,10.5],"rotation":{"angle":0,"axis":"y","origin":[0,-15.5,0]},"faces":{"north":{"uv":[0.016,5.016,1.984,7.484],"texture":"#2"},"east":{"uv":[5.016,0.016,6.984,2.484],"texture":"#2"},"south":{"uv":[2.016,5.016,3.984,7.484],"texture":"#2"},"west":{"uv":[5.016,2.516,6.984,4.984],"texture":"#2"},"up":{"uv":[9.984,6.984,8.016,5.016],"texture":"#2"},"down":{"uv":[10.984,0.016,9.016,1.984],"texture":"#2"}}},{"from":[7.5,-0.5,5.5],"to":[12.5,5.5,10.5],"rotation":{"angle":0,"axis":"y","origin":[4,-15.5,0]},"faces":{"north":{"uv":[4.016,5.016,5.984,7.484],"texture":"#2"},"east":{"uv":[6.016,5.016,7.984,7.484],"texture":"#2"},"south":{"uv":[7.016,0.016,8.984,2.484],"texture":"#2"},"west":{"uv":[7.016,2.516,8.984,4.984],"texture":"#2"},"up":{"uv":[10.984,3.984,9.016,2.016],"texture":"#2"},"down":{"uv":[1.984,9.516,0.016,11.484],"texture":"#2"}}},{"from":[13.45671,2.5,7.3097],"to":[13.45671,7.5,12.3097],"rotation":{"angle":22.5,"axis":"y","origin":[13.45671,5,9.8097]},"faces":{"north":{"uv":[0.016,0.016,0.016,2.484],"texture":"#2"},"east":{"uv":[0.016,0.016,2.484,2.484],"texture":"#2"},"south":{"uv":[0.016,0.016,0.016,2.484],"texture":"#2"},"west":{"uv":[0.016,2.516,2.484,4.984],"texture":"#2"},"up":{"uv":[0.016,2.484,0.016,0.016],"texture":"#2"},"down":{"uv":[0.016,0.016,0.016,2.484],"texture":"#2"}}},{"from":[2.54329,2.5,7.3097],"to":[2.54329,7.5,12.3097],"rotation":{"angle":-22.5,"axis":"y","origin":[2.54329,5,9.8097]},"faces":{"north":{"uv":[0.016,0.016,0.016,2.484],"texture":"#2"},"east":{"uv":[2.516,0.016,4.984,2.484],"texture":"#2"},"south":{"uv":[0.016,0.016,0.016,2.484],"texture":"#2"},"west":{"uv":[2.516,2.516,4.984,4.984],"texture":"#2"},"up":{"uv":[0.016,2.484,0.016,0.016],"texture":"#2"},"down":{"uv":[0.016,0.016,0.016,2.484],"texture":"#2"}}},{"from":[3,0,5],"to":[8,2,9],"rotation":{"angle":0,"axis":"y","origin":[0,-15.5,0]},"faces":{"north":{"uv":[9.016,4.016,11.484,4.984],"texture":"#2"},"east":{"uv":[9.516,9.516,11.484,10.484],"texture":"#2"},"south":{"uv":[2.016,9.516,4.484,10.484],"texture":"#2"},"west":{"uv":[10.016,5.016,11.984,5.984],"texture":"#2"},"up":{"uv":[2.484,9.484,0.016,7.516],"texture":"#2"},"down":{"uv":[4.984,7.516,2.516,9.484],"texture":"#2"}}},{"from":[8,0,5],"to":[13,2,9],"rotation":{"angle":0,"axis":"y","origin":[5,-15.5,0]},"faces":{"north":{"uv":[4.516,9.516,6.984,10.484],"texture":"#2"},"east":{"uv":[10.016,6.016,11.984,6.984],"texture":"#2"},"south":{"uv":[7.016,9.516,9.484,10.484],"texture":"#2"},"west":{"uv":[10.016,7.016,11.984,7.984],"texture":"#2"},"up":{"uv":[7.484,9.484,5.016,7.516],"texture":"#2"},"down":{"uv":[9.984,7.516,7.516,9.484],"texture":"#2"}}}],"gui_light":"front"}