{"display":{"thirdperson_righthand":{"rotation":[-5,0,0],"translation":[-0.5,0.5,-0.75],"scale":[0.3,0.3,0.3]},"thirdperson_lefthand":{"rotation":[5,0,0],"translation":[0,-1.75,-1],"scale":[0.3,0.3,0.3]},"firstperson_righthand":{"translation":[0.5,2,0],"scale":[0.5,0.5,0.5]},"firstperson_lefthand":{"translation":[0.5,2,0],"scale":[0.5,0.5,0.5]},"ground":{"scale":[0.5,0.5,0.5]},"gui":{"rotation":[-180,0,-179.84],"translation":[0.5,-1,0.5],"scale":[0.5,0.5,0.5]},"head":{"translation":[0,-47,0],"scale":[1.65,1.65,1.65]},"fixed":{"translation":[0,0,-4.5],"scale":[1,1,0.58984]}},"texture_size":[64,64],"textures":{"2":"armor/snowstorm/wings","5":"armor/snowstorm/chestplate","particle":"armor/snowstorm/wings"},"elements":[{"from":[4,4.80762,5.03283],"to":[12,9.80762,7.03283],"rotation":{"angle":-22.5,"axis":"x","origin":[8,7.30762,6.03283]},"faces":{"north":{"uv":[2.008,3.008,3.992,4.242],"texture":"#5"},"east":{"uv":[9.008,9.008,9.492,10.242],"texture":"#5"},"south":{"uv":[4.008,0.008,5.992,1.242],"texture":"#5"},"west":{"uv":[9.258,0.008,9.742,1.242],"texture":"#5"},"up":{"uv":[3.242,6.992,1.258,6.508],"texture":"#5"},"down":{"uv":[1.992,7.008,0.008,7.492],"texture":"#5"}}},{"from":[3.75,-1.25,5.75],"to":[12.25,11.25,10.25],"rotation":{"angle":0,"axis":"y","origin":[0,-11.5,0]},"faces":{"north":{"uv":[0.008,0.008,1.992,2.992],"texture":"#5"},"east":{"uv":[0.008,3.008,0.992,5.992],"texture":"#5"},"south":{"uv":[2.008,0.008,3.992,2.992],"texture":"#5"},"west":{"uv":[1.008,3.008,1.992,5.992],"texture":"#5"},"up":{"uv":[5.992,5.992,4.008,5.008],"texture":"#5"},"down":{"uv":[3.992,5.508,2.008,6.492],"texture":"#5"}}},{"from":[-1,8.5,7],"to":[0,11.5,10],"rotation":{"angle":22.5,"axis":"x","origin":[-0.5,10,8.5]},"faces":{"north":{"uv":[6.008,5.258,6.242,5.992],"texture":"#5"},"east":{"uv":[9.258,3.758,9.992,4.492],"texture":"#5"},"south":{"uv":[7.008,3.508,7.242,4.242],"texture":"#5"},"west":{"uv":[4.008,9.258,4.742,9.992],"texture":"#5"},"up":{"uv":[7.492,5.242,7.258,4.508],"texture":"#5"},"down":{"uv":[7.742,6.508,7.508,7.242],"texture":"#5"}}},{"from":[3.24552,1.55,4.01927],"to":[8.24552,5.55,4.01927],"rotation":{"angle":22.5,"axis":"y","origin":[7.24552,0.55,4.01927]},"faces":{"north":{"uv":[0.008,6.008,1.242,6.992],"texture":"#5"},"east":{"uv":[0.008,0.008,0.008,0.992],"texture":"#5"},"south":{"uv":[6.008,0.008,7.242,0.992],"texture":"#5"},"west":{"uv":[0.008,0.008,0.008,0.992],"texture":"#5"},"up":{"uv":[1.242,0.008,0.008,0.008],"texture":"#5"},"down":{"uv":[1.242,0.008,0.008,0.008],"texture":"#5"}}},{"from":[7.75448,1.55,4.01927],"to":[12.75448,5.55,4.01927],"rotation":{"angle":-22.5,"axis":"y","origin":[8.75448,0.55,4.01927]},"faces":{"north":{"uv":[6.008,1.008,7.242,1.992],"texture":"#5"},"east":{"uv":[0.008,0.008,0.008,0.992],"texture":"#5"},"south":{"uv":[6.008,2.008,7.242,2.992],"texture":"#5"},"west":{"uv":[0.008,0.008,0.008,0.992],"texture":"#5"},"up":{"uv":[1.242,0.008,0.008,0.008],"texture":"#5"},"down":{"uv":[1.242,0.008,0.008,0.008],"texture":"#5"}}},{"from":[7,8,5],"to":[10,11,6],"rotation":{"angle":45,"axis":"z","origin":[8,9,5.5]},"faces":{"north":{"uv":[6.008,9.258,6.742,9.992],"texture":"#5"},"east":{"uv":[7.758,6.508,7.992,7.242],"texture":"#5"},"south":{"uv":[6.758,9.258,7.492,9.992],"texture":"#5"},"west":{"uv":[6.008,10.008,6.242,10.742],"texture":"#5"},"up":{"uv":[1.992,6.242,1.258,6.008],"texture":"#5"},"down":{"uv":[1.992,6.258,1.258,6.492],"texture":"#5"}}},{"from":[6,-1,5],"to":[10,2,6],"rotation":{"angle":0,"axis":"y","origin":[7,-4,5]},"faces":{"north":{"uv":[8.508,4.508,9.492,5.242],"texture":"#5"},"east":{"uv":[10.008,6.008,10.242,6.742],"texture":"#5"},"south":{"uv":[8.508,5.258,9.492,5.992],"texture":"#5"},"west":{"uv":[6.258,10.008,6.492,10.742],"texture":"#5"},"up":{"uv":[10.492,5.742,9.508,5.508],"texture":"#5"},"down":{"uv":[10.492,5.758,9.508,5.992],"texture":"#5"}}},{"from":[5.22836,-2,6.14805],"to":[8.22836,1,6.14805],"rotation":{"angle":22.5,"axis":"y","origin":[3.22836,-4,6.14805]},"faces":{"north":{"uv":[7.508,9.258,8.242,9.992],"texture":"#5"},"east":{"uv":[0.008,0.008,0.008,0.742],"texture":"#5"},"south":{"uv":[8.258,9.258,8.992,9.992],"texture":"#5"},"west":{"uv":[0.008,0.008,0.008,0.742],"texture":"#5"},"up":{"uv":[0.742,0.008,0.008,0.008],"texture":"#5"},"down":{"uv":[0.742,0.008,0.008,0.008],"texture":"#5"}}},{"from":[7.77164,-2,6.14805],"to":[10.77164,1,6.14805],"rotation":{"angle":-22.5,"axis":"y","origin":[12.77164,-4,6.14805]},"faces":{"north":{"uv":[0.008,9.508,0.742,10.242],"texture":"#5"},"east":{"uv":[0.008,0.008,0.008,0.742],"texture":"#5"},"south":{"uv":[0.758,9.508,1.492,10.242],"texture":"#5"},"west":{"uv":[0.008,0.008,0.008,0.742],"texture":"#5"},"up":{"uv":[0.742,0.008,0.008,0.008],"texture":"#5"},"down":{"uv":[0.742,0.008,0.008,0.008],"texture":"#5"}}},{"from":[4,3.80762,8.96717],"to":[12,8.80762,10.96717],"rotation":{"angle":-22.5,"axis":"x","origin":[8,6.30762,9.96717]},"faces":{"north":{"uv":[4.008,1.258,5.992,2.492],"texture":"#5"},"east":{"uv":[9.258,1.258,9.742,2.492],"texture":"#5"},"south":{"uv":[4.008,2.508,5.992,3.742],"texture":"#5"},"west":{"uv":[9.258,2.508,9.742,3.742],"texture":"#5"},"up":{"uv":[3.992,7.492,2.008,7.008],"texture":"#5"},"down":{"uv":[8.992,3.008,7.008,3.492],"texture":"#5"}}},{"from":[4,0,11],"to":[12,5,11],"rotation":{"angle":0,"axis":"y","origin":[7,0,11]},"faces":{"north":{"uv":[4.008,3.758,5.992,4.992],"texture":"#5"},"east":{"uv":[0.008,0.008,0.008,1.242],"texture":"#5"},"south":{"uv":[2.008,4.258,3.992,5.492],"texture":"#5"},"west":{"uv":[0.008,0.008,0.008,1.242],"texture":"#5"},"up":{"uv":[1.992,0.008,0.008,0.008],"texture":"#5"},"down":{"uv":[1.992,0.008,0.008,0.008],"texture":"#5"}}},{"from":[6,6,10],"to":[10,9,11],"rotation":{"angle":0,"axis":"y","origin":[7,6,11]},"faces":{"north":{"uv":[8.008,8.508,8.992,9.242],"texture":"#5"},"east":{"uv":[6.508,10.008,6.742,10.742],"texture":"#5"},"south":{"uv":[5.008,9.008,5.992,9.742],"texture":"#5"},"west":{"uv":[6.758,10.008,6.992,10.742],"texture":"#5"},"up":{"uv":[10.742,3.242,9.758,3.008],"texture":"#5"},"down":{"uv":[10.742,3.258,9.758,3.492],"texture":"#5"}}},{"from":[7,8,10],"to":[7,12,12],"rotation":{"angle":0,"axis":"y","origin":[7,9,11]},"faces":{"north":{"uv":[0.008,0.008,0.008,0.992],"texture":"#5"},"east":{"uv":[3.008,9.508,3.492,10.492],"texture":"#5"},"south":{"uv":[0.008,0.008,0.008,0.992],"texture":"#5"},"west":{"uv":[3.508,9.508,3.992,10.492],"texture":"#5"},"up":{"uv":[0.008,0.492,0.008,0.008],"texture":"#5"},"down":{"uv":[0.008,0.008,0.008,0.492],"texture":"#5"}}},{"from":[9,8,10],"to":[9,12,12],"rotation":{"angle":0,"axis":"y","origin":[9,9,11]},"faces":{"north":{"uv":[0.008,0.008,0.008,0.992],"texture":"#5"},"east":{"uv":[9.508,4.508,9.992,5.492],"texture":"#5"},"south":{"uv":[0.008,0.008,0.008,0.992],"texture":"#5"},"west":{"uv":[9.508,9.008,9.992,9.992],"texture":"#5"},"up":{"uv":[0.008,0.492,0.008,0.008],"texture":"#5"},"down":{"uv":[0.008,0.008,0.008,0.492],"texture":"#5"}}},{"from":[-0.5,6.5,5.5],"to":[4.5,11.5,10.5],"rotation":{"angle":0,"axis":"y","origin":[1,7,6]},"faces":{"north":{"uv":[5.008,7.008,5.992,7.992],"texture":"#5"},"east":{"uv":[7.258,0.008,8.242,0.992],"texture":"#5"},"south":{"uv":[7.258,1.008,8.242,1.992],"texture":"#5"},"west":{"uv":[7.258,2.008,8.242,2.992],"texture":"#5"},"up":{"uv":[8.242,4.492,7.258,3.508],"texture":"#5"},"down":{"uv":[4.992,7.258,4.008,8.242],"texture":"#5"}}},{"from":[6,3,5],"to":[10,8,6],"rotation":{"angle":0,"axis":"y","origin":[7,3,5]},"faces":{"north":{"uv":[6.008,3.008,6.992,4.242],"texture":"#5"},"east":{"uv":[5.258,9.758,5.492,10.992],"texture":"#5"},"south":{"uv":[4.008,6.008,4.992,7.242],"texture":"#5"},"west":{"uv":[5.508,9.758,5.742,10.992],"texture":"#5"},"up":{"uv":[10.742,3.742,9.758,3.508],"texture":"#5"},"down":{"uv":[10.992,3.758,10.008,3.992],"texture":"#5"}}},{"from":[-1.01,9.0412,8.30656],"to":[-1.01,13.0412,13.30656],"rotation":{"angle":22.5,"axis":"x","origin":[-1,10.5412,9.80656]},"faces":{"north":{"uv":[0.008,0.008,0.008,0.992],"texture":"#5"},"east":{"uv":[6.008,4.258,7.242,5.242],"texture":"#5"},"south":{"uv":[0.008,0.008,0.008,0.992],"texture":"#5"},"west":{"uv":[5.008,6.008,6.242,6.992],"texture":"#5"},"up":{"uv":[0.008,1.242,0.008,0.008],"texture":"#5"},"down":{"uv":[0.008,0.008,0.008,1.242],"texture":"#5"}}},{"from":[-1,7,5],"to":[3,10,6],"rotation":{"angle":0,"axis":"y","origin":[1,1,5.5]},"faces":{"north":{"uv":[9.008,6.008,9.992,6.742],"texture":"#5"},"east":{"uv":[10.008,6.758,10.242,7.492],"texture":"#5"},"south":{"uv":[9.008,6.758,9.992,7.492],"texture":"#5"},"west":{"uv":[7.008,10.008,7.242,10.742],"texture":"#5"},"up":{"uv":[10.992,4.242,10.008,4.008],"texture":"#5"},"down":{"uv":[10.992,4.258,10.008,4.492],"texture":"#5"}}},{"from":[1,7.92284,9.61209],"to":[3,11.92284,10.61209],"rotation":{"angle":-22.5,"axis":"x","origin":[2.5,10.42284,10.11209]},"faces":{"north":{"uv":[9.758,0.008,10.242,0.992],"texture":"#5"},"east":{"uv":[5.758,9.758,5.992,10.742],"texture":"#5"},"south":{"uv":[9.758,1.008,10.242,1.992],"texture":"#5"},"west":{"uv":[4.008,10.008,4.242,10.992],"texture":"#5"},"up":{"uv":[3.742,6.742,3.258,6.508],"texture":"#5"},"down":{"uv":[3.742,6.758,3.258,6.992],"texture":"#5"}}},{"from":[0,5.92284,10.11209],"to":[4,9.92284,10.11209],"rotation":{"angle":-22.5,"axis":"x","origin":[2.5,10.42284,10.11209]},"faces":{"north":{"uv":[8.258,1.008,9.242,1.992],"texture":"#5"},"east":{"uv":[0.008,0.008,0.008,0.992],"texture":"#5"},"south":{"uv":[8.258,2.008,9.242,2.992],"texture":"#5"},"west":{"uv":[0.008,0.008,0.008,0.992],"texture":"#5"},"up":{"uv":[0.992,0.008,0.008,0.008],"texture":"#5"},"down":{"uv":[0.992,0.008,0.008,0.008],"texture":"#5"}}},{"from":[12,5.92284,10.11209],"to":[16,9.92284,10.11209],"rotation":{"angle":-22.5,"axis":"x","origin":[13.5,10.42284,10.11209]},"faces":{"north":{"uv":[8.258,3.508,9.242,4.492],"texture":"#5"},"east":{"uv":[0.008,0.008,0.008,0.992],"texture":"#5"},"south":{"uv":[4.008,8.258,4.992,9.242],"texture":"#5"},"west":{"uv":[0.008,0.008,0.008,0.992],"texture":"#5"},"up":{"uv":[0.992,0.008,0.008,0.008],"texture":"#5"},"down":{"uv":[0.992,0.008,0.008,0.008],"texture":"#5"}}},{"from":[13,7.92284,9.61209],"to":[15,11.92284,10.61209],"rotation":{"angle":-22.5,"axis":"x","origin":[13.5,10.42284,10.11209]},"faces":{"north":{"uv":[9.758,2.008,10.242,2.992],"texture":"#5"},"east":{"uv":[4.258,10.008,4.492,10.992],"texture":"#5"},"south":{"uv":[4.758,9.758,5.242,10.742],"texture":"#5"},"west":{"uv":[4.508,10.008,4.742,10.992],"texture":"#5"},"up":{"uv":[8.992,6.242,8.508,6.008],"texture":"#5"},"down":{"uv":[8.992,6.258,8.508,6.492],"texture":"#5"}}},{"from":[17.01,9.0412,8.30656],"to":[17.01,13.0412,13.30656],"rotation":{"angle":22.5,"axis":"x","origin":[17,10.5412,9.80656]},"faces":{"north":{"uv":[0.008,0.008,0.008,0.992],"texture":"#5"},"east":{"uv":[6.258,5.258,7.492,6.242],"texture":"#5"},"south":{"uv":[0.008,0.008,0.008,0.992],"texture":"#5"},"west":{"uv":[6.258,6.258,7.492,7.242],"texture":"#5"},"up":{"uv":[0.008,1.242,0.008,0.008],"texture":"#5"},"down":{"uv":[0.008,0.008,0.008,1.242],"texture":"#5"}}},{"from":[11.5,6.5,5.5],"to":[16.5,11.5,10.5],"rotation":{"angle":0,"axis":"y","origin":[15,7,6]},"faces":{"north":{"uv":[6.008,8.258,6.992,9.242],"texture":"#5"},"east":{"uv":[7.008,8.258,7.992,9.242],"texture":"#5"},"south":{"uv":[0.008,8.508,0.992,9.492],"texture":"#5"},"west":{"uv":[1.008,8.508,1.992,9.492],"texture":"#5"},"up":{"uv":[2.992,9.492,2.008,8.508],"texture":"#5"},"down":{"uv":[3.992,8.508,3.008,9.492],"texture":"#5"}}},{"from":[16,8.5,7],"to":[17,11.5,10],"rotation":{"angle":22.5,"axis":"x","origin":[16.5,10,8.5]},"faces":{"north":{"uv":[7.258,10.008,7.492,10.742],"texture":"#5"},"east":{"uv":[1.508,9.508,2.242,10.242],"texture":"#5"},"south":{"uv":[7.508,10.008,7.742,10.742],"texture":"#5"},"west":{"uv":[2.258,9.508,2.992,10.242],"texture":"#5"},"up":{"uv":[10.242,8.242,10.008,7.508],"texture":"#5"},"down":{"uv":[7.992,10.008,7.758,10.742],"texture":"#5"}}},{"from":[13,7,5],"to":[17,10,6],"rotation":{"angle":0,"axis":"y","origin":[15,1,5.5]},"faces":{"north":{"uv":[9.008,7.508,9.992,8.242],"texture":"#5"},"east":{"uv":[8.008,10.008,8.242,10.742],"texture":"#5"},"south":{"uv":[9.008,8.258,9.992,8.992],"texture":"#5"},"west":{"uv":[8.258,10.008,8.492,10.742],"texture":"#5"},"up":{"uv":[10.992,4.742,10.008,4.508],"texture":"#5"},"down":{"uv":[10.992,4.758,10.008,4.992],"texture":"#5"}}},{"from":[5,7,9],"to":[11,10,13],"rotation":{"angle":0,"axis":"y","origin":[6,8,9]},"faces":{"north":{"uv":[2.758,9.258,4.242,9.992],"texture":"#2"},"east":{"uv":[10.258,3.008,11.242,3.742],"texture":"#2"},"south":{"uv":[9.258,3.758,10.742,4.492],"texture":"#2"},"west":{"uv":[8.008,10.258,8.992,10.992],"texture":"#2"},"up":{"uv":[9.992,6.242,8.508,5.258],"texture":"#2"},"down":{"uv":[9.992,6.258,8.508,7.242],"texture":"#2"}}},{"from":[6,5.23463,10.15224],"to":[7,10.23463,13.15224],"rotation":{"angle":-22.5,"axis":"x","origin":[7,9.23463,11.15224]},"faces":{"north":{"uv":[6.758,10.508,6.992,11.742],"texture":"#2"},"east":{"uv":[0.008,9.508,0.742,10.742],"texture":"#2"},"south":{"uv":[5.008,10.758,5.242,11.992],"texture":"#2"},"west":{"uv":[0.758,9.508,1.492,10.742],"texture":"#2"},"up":{"uv":[11.742,4.492,11.508,3.758],"texture":"#2"},"down":{"uv":[11.742,4.508,11.508,5.242],"texture":"#2"}}},{"from":[9,5.23463,10.15224],"to":[10,10.23463,13.15224],"rotation":{"angle":-22.5,"axis":"x","origin":[10,9.23463,11.15224]},"faces":{"north":{"uv":[5.258,10.758,5.492,11.992],"texture":"#2"},"east":{"uv":[1.508,9.508,2.242,10.742],"texture":"#2"},"south":{"uv":[1.008,11.258,1.242,12.492],"texture":"#2"},"west":{"uv":[9.758,7.258,10.492,8.492],"texture":"#2"},"up":{"uv":[11.742,7.492,11.508,6.758],"texture":"#2"},"down":{"uv":[8.242,11.508,8.008,12.242],"texture":"#2"}}},{"from":[10,6.30448,12.53073],"to":[14,8.30448,14.53073],"rotation":{"angle":0,"axis":"y","origin":[12,7.30448,13.53073]},"faces":{"north":{"uv":[10.758,10.008,11.742,10.492],"texture":"#2"},"east":{"uv":[2.258,9.508,2.742,9.992],"texture":"#2"},"south":{"uv":[10.758,10.508,11.742,10.992],"texture":"#2"},"west":{"uv":[10.008,6.758,10.492,7.242],"texture":"#2"},"up":{"uv":[8.992,11.492,8.008,11.008],"texture":"#2"},"down":{"uv":[9.992,11.008,9.008,11.492],"texture":"#2"}}},{"from":[10.5512,1.62104,13.04073],"to":[13.5312,6.60104,14.02073],"rotation":{"angle":22.5,"axis":"z","origin":[11.5412,7.61104,14.03073]},"faces":{"north":{"uv":[2.258,10.008,2.992,11.242],"texture":"#2"},"east":{"uv":[6.508,11.258,6.742,12.492],"texture":"#2"},"south":{"uv":[3.008,10.008,3.742,11.242],"texture":"#2"},"west":{"uv":[11.508,0.008,11.742,1.242],"texture":"#2"},"up":{"uv":[8.242,1.492,7.508,1.258],"texture":"#2"},"down":{"uv":[8.992,11.508,8.258,11.742],"texture":"#2"}}},{"from":[9.5512,-6.37896,13.54073],"to":[14.5312,4.60104,13.52073],"rotation":{"angle":22.5,"axis":"z","origin":[11.5412,7.61104,14.03073]},"faces":{"north":{"uv":[3.258,5.258,4.492,7.992],"texture":"#2"},"east":{"uv":[0.008,0.008,0.008,2.742],"texture":"#2"},"south":{"uv":[4.508,5.258,5.742,7.992],"texture":"#2"},"west":{"uv":[0.008,0.008,0.008,2.742],"texture":"#2"},"up":{"uv":[1.242,0.008,0.008,0.008],"texture":"#2"},"down":{"uv":[1.242,0.008,0.008,0.008],"texture":"#2"}}},{"from":[12.68717,7.7591,13.03073],"to":[14.68717,23.7591,14.03073],"rotation":{"angle":-22.5,"axis":"z","origin":[10.68717,8.7591,11.03073]},"faces":{"north":{"uv":[8.258,1.258,8.742,5.242],"texture":"#2"},"east":{"uv":[5.508,8.008,5.742,11.992],"texture":"#2"},"south":{"uv":[8.758,1.258,9.242,5.242],"texture":"#2"},"west":{"uv":[4.258,9.258,4.492,13.242],"texture":"#2"},"up":{"uv":[12.242,0.242,11.758,0.008],"texture":"#2"},"down":{"uv":[0.742,11.758,0.258,11.992],"texture":"#2"}}},{"from":[16.14846,12.0903,13.04073],"to":[21.12846,15.0703,14.02073],"rotation":{"angle":-45,"axis":"z","origin":[17.63846,12.5803,14.53073]},"faces":{"north":{"uv":[7.008,4.258,8.242,4.992],"texture":"#2"},"east":{"uv":[11.508,8.508,11.742,9.242],"texture":"#2"},"south":{"uv":[9.258,4.508,10.492,5.242],"texture":"#2"},"west":{"uv":[9.008,11.508,9.242,12.242],"texture":"#2"},"up":{"uv":[8.242,5.242,7.008,5.008],"texture":"#2"},"down":{"uv":[12.492,3.508,11.258,3.742],"texture":"#2"}}},{"from":[18.13846,11.0803,13.28073],"to":[31.13846,16.0803,13.28073],"rotation":{"angle":-45,"axis":"z","origin":[17.63846,12.5803,14.53073]},"faces":{"north":{"uv":[3.758,1.508,6.992,2.742],"texture":"#2"},"east":{"uv":[0.008,0.008,0.008,1.242],"texture":"#2"},"south":{"uv":[3.758,2.758,6.992,3.992],"texture":"#2"},"west":{"uv":[0.008,0.008,0.008,1.242],"texture":"#2"},"up":{"uv":[3.242,0.008,0.008,0.008],"texture":"#2"},"down":{"uv":[3.242,0.008,0.008,0.008],"texture":"#2"}}},{"from":[13.20711,6.2187,13.52973],"to":[24.20711,11.2187,13.52973],"rotation":{"angle":-45,"axis":"z","origin":[14.70711,7.7187,15.27973]},"faces":{"north":{"uv":[0.008,5.758,2.742,6.992],"texture":"#2"},"east":{"uv":[0.008,0.008,0.008,1.242],"texture":"#2"},"south":{"uv":[5.758,5.258,8.492,6.492],"texture":"#2"},"west":{"uv":[0.008,0.008,0.008,1.242],"texture":"#2"},"up":{"uv":[2.742,0.008,0.008,0.008],"texture":"#2"},"down":{"uv":[2.742,0.008,0.008,0.008],"texture":"#2"}}},{"from":[14.82893,13.04014,12.53073],"to":[19.82893,16.04014,14.53073],"rotation":{"angle":22.5,"axis":"z","origin":[16.32893,14.54014,13.53073]},"faces":{"north":{"uv":[10.008,5.258,11.242,5.992],"texture":"#2"},"east":{"uv":[3.258,4.508,3.742,5.242],"texture":"#2"},"south":{"uv":[10.008,6.008,11.242,6.742],"texture":"#2"},"west":{"uv":[2.758,5.758,3.242,6.492],"texture":"#2"},"up":{"uv":[9.742,7.742,8.508,7.258],"texture":"#2"},"down":{"uv":[11.742,7.508,10.508,7.992],"texture":"#2"}}},{"from":[14.68717,16.7591,13.78073],"to":[29.68717,22.7591,13.78073],"rotation":{"angle":-22.5,"axis":"z","origin":[10.68717,8.7591,11.03073]},"faces":{"north":{"uv":[0.008,0.008,3.742,1.492],"texture":"#2"},"east":{"uv":[0.008,0.008,0.008,1.492],"texture":"#2"},"south":{"uv":[0.008,1.508,3.742,2.992],"texture":"#2"},"west":{"uv":[0.008,0.008,0.008,1.492],"texture":"#2"},"up":{"uv":[3.742,0.008,0.008,0.008],"texture":"#2"},"down":{"uv":[3.742,0.008,0.008,0.008],"texture":"#2"}}},{"from":[18.3965,20.35192,12.53073],"to":[21.3965,23.35192,14.53073],"rotation":{"angle":45,"axis":"z","origin":[19.8965,21.85192,14.03073]},"faces":{"north":{"uv":[1.258,10.758,1.992,11.492],"texture":"#2"},"east":{"uv":[2.758,6.508,3.242,7.242],"texture":"#2"},"south":{"uv":[10.758,3.758,11.492,4.492],"texture":"#2"},"west":{"uv":[2.758,7.258,3.242,7.992],"texture":"#2"},"up":{"uv":[3.742,11.742,3.008,11.258],"texture":"#2"},"down":{"uv":[11.992,3.008,11.258,3.492],"texture":"#2"}}},{"from":[16.43665,21.28504,13.52973],"to":[20.43665,26.28504,13.52973],"rotation":{"angle":22.5,"axis":"z","origin":[17.93665,24.78504,14.52973]},"faces":{"north":{"uv":[8.008,9.008,8.992,10.242],"texture":"#2"},"east":{"uv":[0.008,0.008,0.008,1.242],"texture":"#2"},"south":{"uv":[9.008,9.008,9.992,10.242],"texture":"#2"},"west":{"uv":[0.008,0.008,0.008,1.242],"texture":"#2"},"up":{"uv":[0.992,0.008,0.008,0.008],"texture":"#2"},"down":{"uv":[0.992,0.008,0.008,0.008],"texture":"#2"}}},{"from":[19.71229,19.06596,13.03073],"to":[23.71229,22.06596,14.03073],"rotation":{"angle":-22.5,"axis":"z","origin":[23.21229,20.81596,14.03073]},"faces":{"north":{"uv":[9.008,10.258,9.992,10.992],"texture":"#2"},"east":{"uv":[9.258,11.508,9.492,12.242],"texture":"#2"},"south":{"uv":[10.508,4.508,11.492,5.242],"texture":"#2"},"west":{"uv":[11.508,9.258,11.742,9.992],"texture":"#2"},"up":{"uv":[12.242,6.492,11.258,6.258],"texture":"#2"},"down":{"uv":[12.242,6.508,11.258,6.742],"texture":"#2"}}},{"from":[21,18.65901,13.52973],"to":[32,23.65901,13.52973],"rotation":{"angle":22.5,"axis":"z","origin":[24.27827,21.15901,14.02973]},"faces":{"north":{"uv":[5.758,6.508,8.492,7.742],"texture":"#2"},"east":{"uv":[0.008,0.008,0.008,1.242],"texture":"#2"},"south":{"uv":[0.008,7.008,2.742,8.242],"texture":"#2"},"west":{"uv":[0.008,0.008,0.008,1.242],"texture":"#2"},"up":{"uv":[2.742,0.008,0.008,0.008],"texture":"#2"},"down":{"uv":[2.742,0.008,0.008,0.008],"texture":"#2"}}},{"from":[1.4688,-6.37896,13.54073],"to":[6.4488,4.60104,13.52073],"rotation":{"angle":-22.5,"axis":"z","origin":[4.4588,7.61104,14.03073]},"faces":{"north":{"uv":[7.008,1.508,8.242,4.242],"texture":"#2"},"east":{"uv":[0.008,0.008,0.008,2.742],"texture":"#2"},"south":{"uv":[5.758,7.758,6.992,10.492],"texture":"#2"},"west":{"uv":[0.008,0.008,0.008,2.742],"texture":"#2"},"up":{"uv":[1.242,0.008,0.008,0.008],"texture":"#2"},"down":{"uv":[1.242,0.008,0.008,0.008],"texture":"#2"}}},{"from":[2.4688,1.62104,13.04073],"to":[5.4488,6.60104,14.02073],"rotation":{"angle":-22.5,"axis":"z","origin":[4.4588,7.61104,14.03073]},"faces":{"north":{"uv":[10.008,8.508,10.742,9.742],"texture":"#2"},"east":{"uv":[1.258,11.508,1.492,12.742],"texture":"#2"},"south":{"uv":[10.008,9.758,10.742,10.992],"texture":"#2"},"west":{"uv":[11.508,1.258,11.742,2.492],"texture":"#2"},"up":{"uv":[10.242,11.742,9.508,11.508],"texture":"#2"},"down":{"uv":[10.992,11.508,10.258,11.742],"texture":"#2"}}},{"from":[-8.20711,6.2187,13.52973],"to":[2.79289,11.2187,13.52973],"rotation":{"angle":45,"axis":"z","origin":[1.29289,7.7187,15.27973]},"faces":{"north":{"uv":[7.508,0.008,10.242,1.242],"texture":"#2"},"east":{"uv":[0.008,0.008,0.008,1.242],"texture":"#2"},"south":{"uv":[7.008,7.758,9.742,8.992],"texture":"#2"},"west":{"uv":[0.008,0.008,0.008,1.242],"texture":"#2"},"up":{"uv":[2.742,0.008,0.008,0.008],"texture":"#2"},"down":{"uv":[2.742,0.008,0.008,0.008],"texture":"#2"}}},{"from":[-15.13846,11.0803,13.28073],"to":[-2.13846,16.0803,13.28073],"rotation":{"angle":45,"axis":"z","origin":[-1.63846,12.5803,14.53073]},"faces":{"north":{"uv":[3.758,4.008,6.992,5.242],"texture":"#2"},"east":{"uv":[0.008,0.008,0.008,1.242],"texture":"#2"},"south":{"uv":[0.008,4.508,3.242,5.742],"texture":"#2"},"west":{"uv":[0.008,0.008,0.008,1.242],"texture":"#2"},"up":{"uv":[3.242,0.008,0.008,0.008],"texture":"#2"},"down":{"uv":[3.242,0.008,0.008,0.008],"texture":"#2"}}},{"from":[-5.12846,12.0903,13.04073],"to":[-0.14846,15.0703,14.02073],"rotation":{"angle":45,"axis":"z","origin":[-1.63846,12.5803,14.53073]},"faces":{"north":{"uv":[10.258,0.008,11.492,0.742],"texture":"#2"},"east":{"uv":[11.008,11.508,11.242,12.242],"texture":"#2"},"south":{"uv":[10.258,0.758,11.492,1.492],"texture":"#2"},"west":{"uv":[11.258,11.508,11.492,12.242],"texture":"#2"},"up":{"uv":[12.492,5.992,11.258,5.758],"texture":"#2"},"down":{"uv":[12.492,6.008,11.258,6.242],"texture":"#2"}}},{"from":[-13.68717,16.7591,13.78073],"to":[1.31283,22.7591,13.78073],"rotation":{"angle":22.5,"axis":"z","origin":[5.31283,8.7591,11.03073]},"faces":{"north":{"uv":[0.008,3.008,3.742,4.492],"texture":"#2"},"east":{"uv":[0.008,0.008,0.008,1.492],"texture":"#2"},"south":{"uv":[3.758,0.008,7.492,1.492],"texture":"#2"},"west":{"uv":[0.008,0.008,0.008,1.492],"texture":"#2"},"up":{"uv":[3.742,0.008,0.008,0.008],"texture":"#2"},"down":{"uv":[3.742,0.008,0.008,0.008],"texture":"#2"}}},{"from":[-7.71229,19.06596,13.03073],"to":[-3.71229,22.06596,14.03073],"rotation":{"angle":22.5,"axis":"z","origin":[-7.21229,20.81596,14.03073]},"faces":{"north":{"uv":[5.758,10.508,6.742,11.242],"texture":"#2"},"east":{"uv":[11.508,11.508,11.742,12.242],"texture":"#2"},"south":{"uv":[10.508,6.758,11.492,7.492],"texture":"#2"},"west":{"uv":[0.008,11.758,0.242,12.492],"texture":"#2"},"up":{"uv":[12.492,2.742,11.508,2.508],"texture":"#2"},"down":{"uv":[12.492,2.758,11.508,2.992],"texture":"#2"}}},{"from":[-16,18.65901,13.52973],"to":[-5,23.65901,13.52973],"rotation":{"angle":-22.5,"axis":"z","origin":[-8.27827,21.15901,14.02973]},"faces":{"north":{"uv":[2.758,8.008,5.492,9.242],"texture":"#2"},"east":{"uv":[0.008,0.008,0.008,1.242],"texture":"#2"},"south":{"uv":[0.008,8.258,2.742,9.492],"texture":"#2"},"west":{"uv":[0.008,0.008,0.008,1.242],"texture":"#2"},"up":{"uv":[2.742,0.008,0.008,0.008],"texture":"#2"},"down":{"uv":[2.742,0.008,0.008,0.008],"texture":"#2"}}},{"from":[-4.43665,21.28504,13.52973],"to":[-0.43665,26.28504,13.52973],"rotation":{"angle":-22.5,"axis":"z","origin":[-1.93665,24.78504,14.52973]},"faces":{"north":{"uv":[9.258,1.258,10.242,2.492],"texture":"#2"},"east":{"uv":[0.008,0.008,0.008,1.242],"texture":"#2"},"south":{"uv":[9.258,2.508,10.242,3.742],"texture":"#2"},"west":{"uv":[0.008,0.008,0.008,1.242],"texture":"#2"},"up":{"uv":[0.992,0.008,0.008,0.008],"texture":"#2"},"down":{"uv":[0.992,0.008,0.008,0.008],"texture":"#2"}}},{"from":[-5.3965,20.35192,12.53073],"to":[-2.3965,23.35192,14.53073],"rotation":{"angle":-45,"axis":"z","origin":[-3.8965,21.85192,14.03073]},"faces":{"north":{"uv":[10.758,8.508,11.492,9.242],"texture":"#2"},"east":{"uv":[5.008,9.258,5.492,9.992],"texture":"#2"},"south":{"uv":[10.758,9.258,11.492,9.992],"texture":"#2"},"west":{"uv":[3.758,10.008,4.242,10.742],"texture":"#2"},"up":{"uv":[11.992,5.742,11.258,5.258],"texture":"#2"},"down":{"uv":[6.492,11.258,5.758,11.742],"texture":"#2"}}},{"from":[1.31283,7.7591,13.03073],"to":[3.31283,23.7591,14.03073],"rotation":{"angle":22.5,"axis":"z","origin":[5.31283,8.7591,11.03073]},"faces":{"north":{"uv":[7.008,9.008,7.492,12.992],"texture":"#2"},"east":{"uv":[4.508,9.258,4.742,13.242],"texture":"#2"},"south":{"uv":[7.508,9.008,7.992,12.992],"texture":"#2"},"west":{"uv":[4.758,9.258,4.992,13.242],"texture":"#2"},"up":{"uv":[12.242,0.492,11.758,0.258],"texture":"#2"},"down":{"uv":[12.242,0.508,11.758,0.742],"texture":"#2"}}},{"from":[-3.82893,13.04014,12.53073],"to":[1.17107,16.04014,14.53073],"rotation":{"angle":-22.5,"axis":"z","origin":[-0.32893,14.54014,13.53073]},"faces":{"north":{"uv":[10.258,1.508,11.492,2.242],"texture":"#2"},"east":{"uv":[5.008,10.008,5.492,10.742],"texture":"#2"},"south":{"uv":[10.258,2.258,11.492,2.992],"texture":"#2"},"west":{"uv":[3.758,10.758,4.242,11.492],"texture":"#2"},"up":{"uv":[11.742,8.492,10.508,8.008],"texture":"#2"},"down":{"uv":[1.242,10.758,0.008,11.242],"texture":"#2"}}},{"from":[2,6.30448,12.53073],"to":[6,8.30448,14.53073],"rotation":{"angle":0,"axis":"y","origin":[4,7.30448,13.53073]},"faces":{"north":{"uv":[10.008,11.008,10.992,11.492],"texture":"#2"},"east":{"uv":[1.508,11.508,1.992,11.992],"texture":"#2"},"south":{"uv":[11.008,11.008,11.992,11.492],"texture":"#2"},"west":{"uv":[3.758,11.508,4.242,11.992],"texture":"#2"},"up":{"uv":[0.992,11.742,0.008,11.258],"texture":"#2"},"down":{"uv":[2.992,11.258,2.008,11.742],"texture":"#2"}}}],"gui_light":"front"}