{"display":{"gui":{"rotation":[-180,-30,-180],"translation":[1.25,-0.5,0],"scale":[0.85,0.85,0.85]},"head":{"translation":[0,4.75,0],"scale":[1.61,1.61,1.61]}},"texture_size":[64,64],"textures":{"1":"armor/snowstorm/helmet"},"elements":[{"from":[3.93934,9.5,7.06066],"to":[3.93934,17.5,15.06066],"rotation":{"angle":-45,"axis":"y","origin":[3.93934,14.5,8.56066]},"faces":{"north":{"uv":[0.008,0.008,0.008,1.992],"texture":"#1"},"east":{"uv":[4.258,3.008,6.242,4.992],"texture":"#1"},"south":{"uv":[0.008,0.008,0.008,1.992],"texture":"#1"},"west":{"uv":[4.258,5.008,6.242,6.992],"texture":"#1"},"up":{"uv":[0.008,1.992,0.008,0.008],"texture":"#1"},"down":{"uv":[0.008,0.008,0.008,1.992],"texture":"#1"}}},{"from":[12.06066,9.5,7.06066],"to":[12.06066,17.5,15.06066],"rotation":{"angle":45,"axis":"y","origin":[12.06066,14.5,8.56066]},"faces":{"north":{"uv":[0.008,0.008,0.008,1.992],"texture":"#1"},"east":{"uv":[6.258,3.008,8.242,4.992],"texture":"#1"},"south":{"uv":[0.008,0.008,0.008,1.992],"texture":"#1"},"west":{"uv":[6.258,5.008,8.242,6.992],"texture":"#1"},"up":{"uv":[0.008,1.992,0.008,0.008],"texture":"#1"},"down":{"uv":[0.008,0.008,0.008,1.992],"texture":"#1"}}},{"from":[2,8.32132,10.33553],"to":[14,13.32132,16.33553],"rotation":{"angle":45,"axis":"x","origin":[7.2,11.32132,7.33553]},"faces":{"north":{"uv":[8.258,2.008,11.242,3.242],"texture":"#1"},"east":{"uv":[1.508,8.508,2.992,9.742],"texture":"#1"},"south":{"uv":[8.258,3.258,11.242,4.492],"texture":"#1"},"west":{"uv":[3.008,9.008,4.492,10.242],"texture":"#1"},"up":{"uv":[7.242,1.492,4.258,0.008],"texture":"#1"},"down":{"uv":[7.242,1.508,4.258,2.992],"texture":"#1"}}},{"from":[-0.5,2.32132,12.33553],"to":[16.5,15.32132,12.33553],"rotation":{"angle":45,"axis":"x","origin":[7.2,11.32132,7.33553]},"faces":{"north":{"uv":[0.008,0.008,4.242,3.242],"texture":"#1"},"east":{"uv":[0.008,0.008,0.008,3.242],"texture":"#1"},"south":{"uv":[0.008,3.258,4.242,6.492],"texture":"#1"},"west":{"uv":[0.008,0.008,0.008,3.242],"texture":"#1"},"up":{"uv":[4.242,0.008,0.008,0.008],"texture":"#1"},"down":{"uv":[4.242,0.008,0.008,0.008],"texture":"#1"}}},{"from":[5,8.67225,-0.42356],"to":[11,11.67225,9.57644],"rotation":{"angle":-22.5,"axis":"x","origin":[7.2,12.17225,8.57644]},"faces":{"north":{"uv":[9.258,0.008,10.742,0.742],"texture":"#1"},"east":{"uv":[4.508,9.008,6.992,9.742],"texture":"#1"},"south":{"uv":[9.258,0.758,10.742,1.492],"texture":"#1"},"west":{"uv":[7.008,9.008,9.492,9.742],"texture":"#1"},"up":{"uv":[9.742,6.992,8.258,4.508],"texture":"#1"},"down":{"uv":[1.492,8.508,0.008,10.992],"texture":"#1"}}},{"from":[3.5,0.5,3.5],"to":[12.5,9.5,12.5],"rotation":{"angle":0,"axis":"y","origin":[0,-23,0]},"faces":{"north":{"uv":[0.008,6.508,1.992,8.492],"texture":"#1"},"east":{"uv":[2.008,6.508,3.992,8.492],"texture":"#1"},"south":{"uv":[4.008,7.008,5.992,8.992],"texture":"#1"},"west":{"uv":[6.008,7.008,7.992,8.992],"texture":"#1"},"up":{"uv":[9.242,1.992,7.258,0.008],"texture":"#1"},"down":{"uv":[9.992,7.008,8.008,8.992],"texture":"#1"}}},{"from":[7,3.5,2.5],"to":[9,6.5,3.5],"rotation":{"angle":0,"axis":"y","origin":[0,-23.5,-5.5]},"faces":{"north":{"uv":[7.258,2.008,7.742,2.742],"texture":"#1"},"east":{"uv":[2.758,9.758,2.992,10.492],"texture":"#1"},"south":{"uv":[7.758,2.008,8.242,2.742],"texture":"#1"},"west":{"uv":[9.758,5.258,9.992,5.992],"texture":"#1"},"up":{"uv":[7.742,2.992,7.258,2.758],"texture":"#1"},"down":{"uv":[8.242,2.758,7.758,2.992],"texture":"#1"}}},{"from":[2.23358,-0.5,2.16061],"to":[7.23358,2.5,2.16061],"rotation":{"angle":22.5,"axis":"y","origin":[6.73358,2,2.16061]},"faces":{"north":{"uv":[9.508,9.008,10.742,9.742],"texture":"#1"},"east":{"uv":[0.008,0.008,0.008,0.742],"texture":"#1"},"south":{"uv":[1.508,9.758,2.742,10.492],"texture":"#1"},"west":{"uv":[0.008,0.008,0.008,0.742],"texture":"#1"},"up":{"uv":[1.242,0.008,0.008,0.008],"texture":"#1"},"down":{"uv":[1.242,0.008,0.008,0.008],"texture":"#1"}}},{"from":[8.76642,-0.5,2.16061],"to":[13.76642,2.5,2.16061],"rotation":{"angle":-22.5,"axis":"y","origin":[9.26642,0,2.16061]},"faces":{"north":{"uv":[4.508,9.758,5.742,10.492],"texture":"#1"},"east":{"uv":[0.008,0.008,0.008,0.742],"texture":"#1"},"south":{"uv":[9.758,4.508,10.992,5.242],"texture":"#1"},"west":{"uv":[0.008,0.008,0.008,0.742],"texture":"#1"},"up":{"uv":[1.242,0.008,0.008,0.008],"texture":"#1"},"down":{"uv":[1.242,0.008,0.008,0.008],"texture":"#1"}}}],"gui_light":"front"}