{"display":{"thirdperson_righthand":{"rotation":[0,-90,0],"translation":[0,0.5,2]},"thirdperson_lefthand":{"rotation":[0,90,0],"translation":[0,0.5,2]},"firstperson_righthand":{"rotation":[0,-90,8],"translation":[4,0.75,-3]},"firstperson_lefthand":{"rotation":[0,90,-8],"translation":[4,0.75,-3]},"ground":{"rotation":[-45,45,45],"translation":[0,2,0],"scale":[0.5,0.5,0.5]},"gui":{"rotation":[5,-180,35],"translation":[-1.75,-1.5,1],"scale":[0.8,0.8,0.75]},"fixed":{"rotation":[0,0,-45],"translation":[-2,-2,-0.25],"scale":[0.9,0.9,0.9]}},"texture_size":[32,32],"textures":{"1":"armor/snowstorm/hoe","particle":"armor/snowstorm/hoe"},"elements":[{"from":[6.5,0,6.5],"to":[9.5,2,9.5],"faces":{"north":{"uv":[9.016,6.516,10.484,7.484],"texture":"#1"},"east":{"uv":[8.016,9.016,9.484,9.984],"texture":"#1"},"south":{"uv":[1.516,9.516,2.984,10.484],"texture":"#1"},"west":{"uv":[9.516,1.516,10.984,2.484],"texture":"#1"},"up":{"uv":[9.484,2.984,8.016,1.516],"texture":"#1"},"down":{"uv":[9.484,7.516,8.016,8.984],"texture":"#1"}}},{"from":[7,2,7],"to":[9,14,9],"faces":{"north":{"uv":[0.016,0.016,0.984,5.984],"texture":"#1"},"east":{"uv":[1.016,0.016,1.984,5.984],"texture":"#1"},"south":{"uv":[2.016,0.016,2.984,5.984],"texture":"#1"},"west":{"uv":[3.016,0.016,3.984,5.984],"texture":"#1"},"up":{"uv":[10.484,8.484,9.516,7.516],"texture":"#1"},"down":{"uv":[10.484,8.516,9.516,9.484],"texture":"#1"}}},{"from":[4.5,3,8],"to":[12.5,6,8],"rotation":{"angle":0,"axis":"y","origin":[0,0,0.5]},"faces":{"north":{"uv":[4.016,0.016,7.984,1.484],"texture":"#1"},"east":{"uv":[0.016,0.016,0.016,1.484],"texture":"#1"},"south":{"uv":[4.016,1.516,7.984,2.984],"texture":"#1"},"west":{"uv":[0.016,0.016,0.016,1.484],"texture":"#1"},"up":{"uv":[3.984,0.016,0.016,0.016],"texture":"#1"},"down":{"uv":[3.984,0.016,0.016,0.016],"texture":"#1"}}},{"from":[6.5,11,6.5],"to":[9.5,12,9.5],"rotation":{"angle":0,"axis":"y","origin":[-18,8,0]},"faces":{"north":{"uv":[9.516,4.016,10.984,4.484],"texture":"#1"},"east":{"uv":[10.016,1.016,11.484,1.484],"texture":"#1"},"south":{"uv":[7.516,10.016,8.984,10.484],"texture":"#1"},"west":{"uv":[1.016,10.516,2.484,10.984],"texture":"#1"},"up":{"uv":[4.984,9.984,3.516,8.516],"texture":"#1"},"down":{"uv":[6.484,8.516,5.016,9.984],"texture":"#1"}}},{"from":[-0.69971,12.46299,8],"to":[5.30029,16.46299,8],"rotation":{"angle":22.5,"axis":"z","origin":[3.30029,13.46299,7]},"faces":{"north":{"uv":[4.016,3.016,6.984,4.984],"texture":"#1"},"east":{"uv":[0.016,0.016,0.016,1.984],"texture":"#1"},"south":{"uv":[4.016,5.016,6.984,6.984],"texture":"#1"},"west":{"uv":[0.016,0.016,0.016,1.984],"texture":"#1"},"up":{"uv":[2.984,0.016,0.016,0.016],"texture":"#1"},"down":{"uv":[2.984,0.016,0.016,0.016],"texture":"#1"}}},{"from":[4,14,7],"to":[8,17,9],"rotation":{"angle":0,"axis":"y","origin":[6,14,7]},"faces":{"north":{"uv":[7.016,4.516,8.984,5.984],"texture":"#1"},"east":{"uv":[9.516,2.516,10.484,3.984],"texture":"#1"},"south":{"uv":[7.016,6.016,8.984,7.484],"texture":"#1"},"west":{"uv":[6.516,9.516,7.484,10.984],"texture":"#1"},"up":{"uv":[10.984,5.484,9.016,4.516],"texture":"#1"},"down":{"uv":[10.984,5.516,9.016,6.484],"texture":"#1"}}},{"from":[6,13,6.5],"to":[10,17,9.5],"rotation":{"angle":45,"axis":"z","origin":[8,15,8]},"faces":{"north":{"uv":[0.016,6.016,1.984,7.984],"texture":"#1"},"east":{"uv":[6.516,7.516,7.984,9.484],"texture":"#1"},"south":{"uv":[2.016,6.016,3.984,7.984],"texture":"#1"},"west":{"uv":[0.016,8.016,1.484,9.984],"texture":"#1"},"up":{"uv":[9.984,1.484,8.016,0.016],"texture":"#1"},"down":{"uv":[3.484,8.016,1.516,9.484],"texture":"#1"}}},{"from":[7,16,7],"to":[9,18,9],"rotation":{"angle":-45,"axis":"y","origin":[8,18,8]},"faces":{"north":{"uv":[9.516,9.516,10.484,10.484],"texture":"#1"},"east":{"uv":[0.016,10.016,0.984,10.984],"texture":"#1"},"south":{"uv":[10.016,0.016,10.984,0.984],"texture":"#1"},"west":{"uv":[3.016,10.016,3.984,10.984],"texture":"#1"},"up":{"uv":[4.984,10.984,4.016,10.016],"texture":"#1"},"down":{"uv":[5.984,10.016,5.016,10.984],"texture":"#1"}}},{"from":[7.94975,16.53553,7.5],"to":[12.94975,19.53553,7.5],"rotation":{"angle":45,"axis":"z","origin":[12.94975,18.53553,5.5]},"faces":{"north":{"uv":[7.016,3.016,9.484,4.484],"texture":"#1"},"east":{"uv":[0.016,0.016,0.016,1.484],"texture":"#1"},"south":{"uv":[4.016,7.016,6.484,8.484],"texture":"#1"},"west":{"uv":[0.016,0.016,0.016,1.484],"texture":"#1"},"up":{"uv":[2.484,0.016,0.016,0.016],"texture":"#1"},"down":{"uv":[2.484,0.016,0.016,0.016],"texture":"#1"}}}],"gui_light":"front"}