{"display":{"thirdperson_righthand":{"translation":[0,3.5,0]},"thirdperson_lefthand":{"translation":[0,4.5,0]},"firstperson_righthand":{"translation":[0,7.25,0]},"firstperson_lefthand":{"translation":[0,7.25,0]},"ground":{"translation":[0,3.75,0]},"gui":{"rotation":[-180,0,-180],"translation":[0,7.5,0],"scale":[1.5,1.7,1.6]},"head":{"translation":[0,-23.25,0],"scale":[1.61,1.61,1.61]},"fixed":{"translation":[0,7.75,0],"scale":[1.5,1.5,1.5]}},"texture_size":[32,32],"textures":{"1":"armor/snowstorm/leggings"},"elements":[{"from":[7.74,-0.26,5.74],"to":[12.26,7.26,10.26],"rotation":{"angle":0,"axis":"y","origin":[4,-16.5,0]},"faces":{"north":{"uv":[0.016,0.016,1.984,3.484],"texture":"#1"},"east":{"uv":[2.016,0.016,3.984,3.484],"texture":"#1"},"south":{"uv":[0.016,3.516,1.984,6.984],"texture":"#1"},"west":{"uv":[2.016,3.516,3.984,6.984],"texture":"#1"},"up":{"uv":[1.984,8.984,0.016,7.016],"texture":"#1"},"down":{"uv":[3.984,7.016,2.016,8.984],"texture":"#1"}}},{"from":[3.74,-0.26,5.74],"to":[8.26,7.26,10.26],"rotation":{"angle":0,"axis":"y","origin":[0,-16.5,0]},"faces":{"north":{"uv":[4.016,0.016,5.984,3.484],"texture":"#1"},"east":{"uv":[4.016,3.516,5.984,6.984],"texture":"#1"},"south":{"uv":[6.016,0.016,7.984,3.484],"texture":"#1"},"west":{"uv":[6.016,3.516,7.984,6.984],"texture":"#1"},"up":{"uv":[5.984,8.984,4.016,7.016],"texture":"#1"},"down":{"uv":[7.984,7.016,6.016,8.984],"texture":"#1"}}},{"from":[3.75,3.07574,10.38176],"to":[7.75,6.07574,10.38176],"rotation":{"angle":-22.5,"axis":"x","origin":[5.75,5.07574,10.38176]},"faces":{"north":{"uv":[8.016,0.016,9.984,1.484],"texture":"#1"},"east":{"uv":[0.016,0.016,0.016,1.484],"texture":"#1"},"south":{"uv":[8.016,1.516,9.984,2.984],"texture":"#1"},"west":{"uv":[0.016,0.016,0.016,1.484],"texture":"#1"},"up":{"uv":[1.984,0.016,0.016,0.016],"texture":"#1"},"down":{"uv":[1.984,0.016,0.016,0.016],"texture":"#1"}}},{"from":[3.75,0.07574,10.38176],"to":[7.75,3.07574,10.38176],"rotation":{"angle":-22.5,"axis":"x","origin":[5.75,2.07574,10.38176]},"faces":{"north":{"uv":[8.016,3.016,9.984,4.484],"texture":"#1"},"east":{"uv":[0.016,0.016,0.016,1.484],"texture":"#1"},"south":{"uv":[8.016,4.516,9.984,5.984],"texture":"#1"},"west":{"uv":[0.016,0.016,0.016,1.484],"texture":"#1"},"up":{"uv":[1.984,0.016,0.016,0.016],"texture":"#1"},"down":{"uv":[1.984,0.016,0.016,0.016],"texture":"#1"}}},{"from":[8.25,0.07574,10.38176],"to":[12.25,3.07574,10.38176],"rotation":{"angle":-22.5,"axis":"x","origin":[10.25,2.07574,10.38176]},"faces":{"north":{"uv":[8.016,6.016,9.984,7.484],"texture":"#1"},"east":{"uv":[0.016,0.016,0.016,1.484],"texture":"#1"},"south":{"uv":[8.016,7.516,9.984,8.984],"texture":"#1"},"west":{"uv":[0.016,0.016,0.016,1.484],"texture":"#1"},"up":{"uv":[1.984,0.016,0.016,0.016],"texture":"#1"},"down":{"uv":[1.984,0.016,0.016,0.016],"texture":"#1"}}},{"from":[8.25,3.07574,10.38176],"to":[12.25,6.07574,10.38176],"rotation":{"angle":-22.5,"axis":"x","origin":[10.25,5.07574,10.38176]},"faces":{"north":{"uv":[0.016,9.016,1.984,10.484],"texture":"#1"},"east":{"uv":[0.016,0.016,0.016,1.484],"texture":"#1"},"south":{"uv":[2.016,9.016,3.984,10.484],"texture":"#1"},"west":{"uv":[0.016,0.016,0.016,1.484],"texture":"#1"},"up":{"uv":[1.984,0.016,0.016,0.016],"texture":"#1"},"down":{"uv":[1.984,0.016,0.016,0.016],"texture":"#1"}}}],"gui_light":"front"}