{"display":{"thirdperson_righthand":{"rotation":[0,90,0],"translation":[0,0.5,2]},"thirdperson_lefthand":{"rotation":[0,90,0],"translation":[0,0.5,2]},"firstperson_righthand":{"rotation":[0,93,-11],"translation":[2.5,0.5,-3]},"firstperson_lefthand":{"rotation":[0,83,-5],"translation":[3.5,0,-4.5]},"ground":{"rotation":[-45,45,45],"translation":[0,2,0],"scale":[0.5,0.5,0.5]},"gui":{"rotation":[-4,0,-40],"translation":[-1.25,-1.25,-0.5],"scale":[0.9,0.9,0.9]},"fixed":{"rotation":[0,0,-45],"translation":[-2,-2,-0.25],"scale":[0.9,0.9,0.9]}},"texture_size":[32,32],"textures":{"1":"armor/snowstorm/pickaxe","particle":"armor/snowstorm/pickaxe"},"elements":[{"from":[6.5,0,6.5],"to":[9.5,2,9.5],"faces":{"north":{"uv":[10,6,11.5,7],"texture":"#1"},"east":{"uv":[10,7,11.5,8],"texture":"#1"},"south":{"uv":[8,10,9.5,11],"texture":"#1"},"west":{"uv":[10,8,11.5,9],"texture":"#1"},"up":{"uv":[4.5,10,3,8.5],"texture":"#1"},"down":{"uv":[6,8.5,4.5,10],"texture":"#1"}}},{"from":[7,2,7],"to":[9,14,9],"faces":{"north":{"uv":[0,0,1,6],"texture":"#1"},"east":{"uv":[1,0,2,6],"texture":"#1"},"south":{"uv":[2,0,3,6],"texture":"#1"},"west":{"uv":[3,0,4,6],"texture":"#1"},"up":{"uv":[4,7,3,6],"texture":"#1"},"down":{"uv":[8,6,7,7],"texture":"#1"}}},{"from":[6,13,6.5],"to":[10,17,9.5],"rotation":{"angle":45,"axis":"z","origin":[8,15,8]},"faces":{"north":{"uv":[7,4,9,6],"texture":"#1"},"east":{"uv":[0,7.5,1.5,9.5],"texture":"#1"},"south":{"uv":[6,7,8,9],"texture":"#1"},"west":{"uv":[1.5,7.5,3,9.5],"texture":"#1"},"up":{"uv":[10,7.5,8,6],"texture":"#1"},"down":{"uv":[10,7.5,8,9],"texture":"#1"}}},{"from":[0.46447,9.87868,8],"to":[6.46447,12.87868,8],"rotation":{"angle":45,"axis":"z","origin":[0.46447,10.87868,8]},"faces":{"north":{"uv":[4,4,7,5.5],"texture":"#1"},"east":{"uv":[0,0,0,1.5],"texture":"#1"},"south":{"uv":[4,5.5,7,7],"texture":"#1"},"west":{"uv":[0,0,0,1.5],"texture":"#1"},"up":{"uv":[3,0,0,0],"texture":"#1"},"down":{"uv":[3,0,0,0],"texture":"#1"}}},{"from":[3,15,7],"to":[13,17,9],"rotation":{"angle":0,"axis":"y","origin":[8,18,7.5]},"faces":{"north":{"uv":[4,0,9,1],"texture":"#1"},"east":{"uv":[10,9,11,10],"texture":"#1"},"south":{"uv":[4,1,9,2],"texture":"#1"},"west":{"uv":[9.5,10,10.5,11],"texture":"#1"},"up":{"uv":[9,3,4,2],"texture":"#1"},"down":{"uv":[9,3,4,4],"texture":"#1"}}},{"from":[4,14,7.5],"to":[12,15,8.5],"rotation":{"angle":0,"axis":"y","origin":[8,15,8]},"faces":{"north":{"uv":[6,9,10,9.5],"texture":"#1"},"east":{"uv":[10.5,4.5,11,5],"texture":"#1"},"south":{"uv":[6,9.5,10,10],"texture":"#1"},"west":{"uv":[5,10.5,5.5,11],"texture":"#1"},"up":{"uv":[4,10.5,0,10],"texture":"#1"},"down":{"uv":[8,10,4,10.5],"texture":"#1"}}},{"from":[9.53553,9.87868,8],"to":[15.53553,12.87868,8],"rotation":{"angle":-45,"axis":"z","origin":[15.53553,10.87868,8]},"faces":{"north":{"uv":[0,6,3,7.5],"texture":"#1"},"east":{"uv":[0,0,0,1.5],"texture":"#1"},"south":{"uv":[3,7,6,8.5],"texture":"#1"},"west":{"uv":[0,0,0,1.5],"texture":"#1"},"up":{"uv":[3,0,0,0],"texture":"#1"},"down":{"uv":[3,0,0,0],"texture":"#1"}}},{"from":[7,17,7],"to":[9,18,9],"rotation":{"angle":-45,"axis":"y","origin":[8,18,8]},"faces":{"north":{"uv":[10.5,3,11.5,3.5],"texture":"#1"},"east":{"uv":[10.5,3.5,11.5,4],"texture":"#1"},"south":{"uv":[4,10.5,5,11],"texture":"#1"},"west":{"uv":[10.5,4,11.5,4.5],"texture":"#1"},"up":{"uv":[1,11.5,0,10.5],"texture":"#1"},"down":{"uv":[11.5,0,10.5,1],"texture":"#1"}}},{"from":[6.5,3,6.5],"to":[9.5,4,9.5],"faces":{"north":{"uv":[0,9.5,1.5,10],"texture":"#1"},"east":{"uv":[1.5,9.5,3,10],"texture":"#1"},"south":{"uv":[1,10.5,2.5,11],"texture":"#1"},"west":{"uv":[10.5,1,12,1.5],"texture":"#1"},"up":{"uv":[10.5,1.5,9,0],"texture":"#1"},"down":{"uv":[10.5,1.5,9,3],"texture":"#1"}}},{"from":[6.5,11,6.5],"to":[9.5,12,9.5],"faces":{"north":{"uv":[10.5,1.5,12,2],"texture":"#1"},"east":{"uv":[10.5,2,12,2.5],"texture":"#1"},"south":{"uv":[2.5,10.5,4,11],"texture":"#1"},"west":{"uv":[10.5,2.5,12,3],"texture":"#1"},"up":{"uv":[10.5,4.5,9,3],"texture":"#1"},"down":{"uv":[10.5,4.5,9,6],"texture":"#1"}}}],"gui_light":"front"}